-- MySQL dump 10.13  Distrib 5.1.62, for debian-linux-gnu (x86_64)
--
-- Host: localhost    Database: gestor
-- ------------------------------------------------------
-- Server version	5.1.62-0ubuntu0.10.04.1-log

/*!40101 SET @OLD_CHARACTER_SET_CLIENT=@@CHARACTER_SET_CLIENT */;
/*!40101 SET @OLD_CHARACTER_SET_RESULTS=@@CHARACTER_SET_RESULTS */;
/*!40101 SET @OLD_COLLATION_CONNECTION=@@COLLATION_CONNECTION */;
/*!40101 SET NAMES utf8 */;
/*!40103 SET @OLD_TIME_ZONE=@@TIME_ZONE */;
/*!40103 SET TIME_ZONE='+00:00' */;
/*!40014 SET @OLD_UNIQUE_CHECKS=@@UNIQUE_CHECKS, UNIQUE_CHECKS=0 */;
/*!40014 SET @OLD_FOREIGN_KEY_CHECKS=@@FOREIGN_KEY_CHECKS, FOREIGN_KEY_CHECKS=0 */;
/*!40101 SET @OLD_SQL_MODE=@@SQL_MODE, SQL_MODE='NO_AUTO_VALUE_ON_ZERO' */;
/*!40111 SET @OLD_SQL_NOTES=@@SQL_NOTES, SQL_NOTES=0 */;

--
-- Table structure for table `address_address`
--

DROP TABLE IF EXISTS `address_address`;
/*!40101 SET @saved_cs_client     = @@character_set_client */;
/*!40101 SET character_set_client = utf8 */;
CREATE TABLE `address_address` (
  `id` varchar(36) NOT NULL,
  `addressPrefix` varchar(10) NOT NULL,
  `addressLine1` varchar(50) NOT NULL,
  `addressLine2` varchar(50) NOT NULL,
  `addressNumber` varchar(10) NOT NULL,
  `neighborhood` varchar(30) NOT NULL,
  `zipCode` varchar(10) NOT NULL,
  `addressType_id` int(11) NOT NULL,
  `city_id` int(11) DEFAULT NULL,
  `foreignCountry_id` int(11) DEFAULT NULL,
  `foreignState` varchar(20) NOT NULL,
  `foreignCity` varchar(50) NOT NULL,
  `content_type_id` int(11) NOT NULL,
  `object_id` varchar(36) NOT NULL,
  PRIMARY KEY (`id`),
  KEY `address_address_e43d8653` (`addressType_id`),
  KEY `address_address_586a73b5` (`city_id`),
  KEY `address_address_861073a0` (`foreignCountry_id`),
  KEY `address_address_e4470c6e` (`content_type_id`)
) ENGINE=MyISAM DEFAULT CHARSET=latin1;
/*!40101 SET character_set_client = @saved_cs_client */;

--
-- Dumping data for table `address_address`
--

LOCK TABLES `address_address` WRITE;
/*!40000 ALTER TABLE `address_address` DISABLE KEYS */;
INSERT INTO `address_address` VALUES ('8b0d1719-09a0-4b1c-83bf-abf7d7f464c0','','111','','1111','','11111111',2,NULL,33,'','',80,'66969e75-6b2b-4244-a773-d183ca91110d'),('be896022-73a8-4fbd-a71d-afaeafbc9fad','','deradretd','','123','','135624892',2,3149,NULL,'','',80,'00a857af-0285-4896-8338-3fd511272cfe'),('e864fc8d-dab6-4333-940a-e8c9fd95ea3f','','11','','111','','11111111',2,80,NULL,'','',80,'fad7615d-a29a-4a5a-b317-f3f7089c92a5'),('d341808c-bbee-4e78-afa8-8e878bd9a997','','11','','111','','11111111',2,1634,NULL,'','',80,'86d2ce11-cb26-44e0-ace7-833acac92975'),('67cae375-57be-42ed-9545-4f043a4aee5f','','11','','111','','11111111',2,287,NULL,'','',80,'c4990686-a69a-4505-9397-7d2bb33ee5cd'),('ad09cedc-effd-42bf-95c1-60d5e4f1e818','','rua vicenzino massucio 255 santa marta','','255','','13564-310',2,5119,NULL,'','',80,'980c8bc4-fb9f-44e8-b751-6f3382102297'),('7f323650-9d3a-4b4f-bb3a-2cfafd1aff36','','rua vicenzino massucio 255 santa marta','','255','','13564-310',2,NULL,NULL,'','',80,'6373e3b9-d4b6-41be-a43d-282b4b7a5873');
/*!40000 ALTER TABLE `address_address` ENABLE KEYS */;
UNLOCK TABLES;

--
-- Table structure for table `address_addresstype`
--

DROP TABLE IF EXISTS `address_addresstype`;
/*!40101 SET @saved_cs_client     = @@character_set_client */;
/*!40101 SET character_set_client = utf8 */;
CREATE TABLE `address_addresstype` (
  `id` int(11) NOT NULL AUTO_INCREMENT,
  `description` varchar(20) NOT NULL,
  `weight` int(11) DEFAULT NULL,
  PRIMARY KEY (`id`)
) ENGINE=MyISAM AUTO_INCREMENT=5 DEFAULT CHARSET=latin1;
/*!40101 SET character_set_client = @saved_cs_client */;

--
-- Dumping data for table `address_addresstype`
--

LOCK TABLES `address_addresstype` WRITE;
/*!40000 ALTER TABLE `address_addresstype` DISABLE KEYS */;
INSERT INTO `address_addresstype` VALUES (1,'Residencial',NULL),(2,'Comercial',NULL),(3,'Correspondência',NULL),(4,'Temporário',NULL);
/*!40000 ALTER TABLE `address_addresstype` ENABLE KEYS */;
UNLOCK TABLES;

--
-- Table structure for table `address_city`
--

DROP TABLE IF EXISTS `address_city`;
/*!40101 SET @saved_cs_client     = @@character_set_client */;
/*!40101 SET character_set_client = utf8 */;
CREATE TABLE `address_city` (
  `id` int(11) NOT NULL AUTO_INCREMENT,
  `ibge_code` varchar(10) NOT NULL,
  `name` varchar(50) NOT NULL,
  `state_id` int(11) NOT NULL,
  PRIMARY KEY (`id`),
  KEY `address_city_b9608dc2` (`state_id`)
) ENGINE=MyISAM AUTO_INCREMENT=5506 DEFAULT CHARSET=latin1;
/*!40101 SET character_set_client = @saved_cs_client */;

--
-- Dumping data for table `address_city`
--

LOCK TABLES `address_city` WRITE;
/*!40000 ALTER TABLE `address_city` DISABLE KEYS */;
INSERT INTO `address_city` VALUES (5244,'5200050','ABADIA DE GOIÁS',12),(2223,'3100104','ABADIA DOS DOURADOS',27),(5245,'5200100','ABADIÂNIA',12),(144,'1500107','ABAETETUBA',1),(2224,'3100203','ABAETÉ',27),(879,'2300101','ABAIARA',14),(1809,'2900207','ABARÉ',11),(3884,'4100103','ABATIÁ',15),(1808,'2900108','ABAÍRA',11),(4282,'4200051','ABDON BATISTA',30),(145,'1500131','ABEL FIGUEIREDO',1),(4283,'4200101','ABELARDO LUZ',30),(2225,'3100302','ABRE CAMPO',27),(1448,'2600054','ABREU E LIMA',2),(303,'1700251','ABREULÂNDIA',25),(2226,'3100401','ACAIACA',27),(1810,'2900306','ACAJUTIBA',11),(880,'2300150','ACARAPÉ',14),(881,'2300200','ACARAÚ',14),(1063,'2400109','ACARI',34),(146,'1500206','ACARÁ',1),(658,'2200053','ACAUÃ',13),(882,'2300309','ACOPIARA',14),(5119,'5100102','ACORIZAL',26),(45,'1200013','ACRELÂNDIA',8),(5246,'5200134','ACREÚNA',12),(3239,'3500105','ADAMANTINA',24),(5247,'5200159','ADELÂNDIA',12),(3240,'3500204','ADOLFO',24),(3885,'4100202','ADRIANÓPOLIS',15),(1811,'2900355','ADUSTINA',11),(1449,'2600104','AFOGADOS DA INGAZEIRA',2),(1064,'2400307','AFONSO BEZERRA',34),(3072,'3200102','AFONSO CLÁUDIO',28),(443,'2100105','AFONSO CUNHA',21),(1450,'2600203','AFRÂNIO',2),(147,'1500305','AFUÁ',1),(1451,'2600302','AGRESTINA',2),(659,'2200103','AGRICOLÂNDIA',13),(4284,'4200200','AGROLÂNDIA',30),(4285,'4200309','AGRONÔMICA',30),(2230,'3100807','AGUANIL',27),(3241,'3500303','AGUAÍ',24),(4576,'4300109','AGUDO',32),(3246,'3500709','AGUDOS',24),(3886,'4100301','AGUDOS DO SUL',15),(1227,'2500205','AGUIAR',17),(304,'1700301','AGUIARNÓPOLIS',25),(2233,'3101102','AIMORÉS',27),(1814,'2900603','AIQUARA',11),(883,'2300408','AIUABA',14),(2234,'3101201','AIURUOCA',27),(4577,'4300208','AJURICABA',32),(2235,'3101300','ALAGOA',27),(1228,'2500304','ALAGOA GRANDE',17),(1229,'2500403','ALAGOA NOVA',17),(1230,'2500502','ALAGOINHA',17),(1454,'2600609','ALAGOINHA',2),(661,'2200251','ALAGOINHA DO PIAUÍ',13),(1815,'2900702','ALAGOINHAS',11),(3247,'3500758','ALAMBARI',24),(2236,'3101409','ALBERTINA',27),(1231,'2500536','ALCANTIL',17),(5043,'5000252','ALCINÓPOLIS',33),(1816,'2900801','ALCOBAÇA',11),(445,'2100204','ALCÂNTARA',21),(884,'2300507','ALCÂNTARAS',14),(446,'2100303','ALDEIAS ALTAS',21),(4578,'4300307','ALECRIM',32),(3075,'3200201','ALEGRE',28),(4579,'4300406','ALEGRETE',32),(662,'2200277','ALEGRETE DO PIAUÍ',13),(4580,'4300455','ALEGRIA',32),(149,'1500404','ALENQUER',1),(1066,'2400505','ALEXANDRIA',34),(5251,'5200308','ALEXÂNIA',12),(2238,'3101607','ALFENAS',27),(3076,'3200300','ALFREDO CHAVES',28),(3248,'3500808','ALFREDO MARCONDES',24),(2239,'3101631','ALFREDO VASCONCELOS',27),(4290,'4200705','ALFREDO WAGNER',30),(1232,'2500577','ALGODÃO DE JANDAÍRA',17),(1233,'2500601','ALHANDRA',17),(1455,'2600708','ALIANÇA',2),(305,'1700350','ALIANÇA DO TOCANTINS',25),(1817,'2900900','ALMADINA',11),(306,'1700400','ALMAS',25),(150,'1500503','ALMEIRIM',1),(2240,'3101706','ALMENARA',27),(1067,'2400604','ALMINO AFONSO',34),(3887,'4100400','ALMIRANTE TAMANDARÉ',15),(5252,'5200506','ALOÂNDIA',12),(2241,'3101805','ALPERCATA',27),(4581,'4300505','ALPESTRE',32),(2242,'3101904','ALPINÓPOLIS',27),(5121,'5100250','ALTA FLORESTA',26),(5402,'1100015','ALTA FLORESTA D\'OESTE',22),(3249,'3500907','ALTAIR',24),(151,'1500602','ALTAMIRA',1),(447,'2100402','ALTAMIRA DO MARANHÃO',21),(3888,'4100459','ALTAMIRA DO PARANÁ',15),(885,'2300606','ALTANEIRA',14),(2243,'3102001','ALTEROSA',27),(1456,'2600807','ALTINHO',2),(3250,'3501004','ALTINÓPOLIS',24),(130,'1400050','ALTO ALEGRE',18),(3251,'3501103','ALTO ALEGRE',24),(4582,'4300554','ALTO ALEGRE',32),(448,'2100436','ALTO ALEGRE DO MARANHÃO',21),(18,'1100379','ALTO ALEGRE DO PARECIS',22),(449,'2100477','ALTO ALEGRE DO PINDARÉ',21),(5122,'5100300','ALTO ARAGUAIA',26),(4291,'4200754','ALTO BELA VISTA',30),(5123,'5100359','ALTO BOA VISTA',26),(2244,'3102050','ALTO CAPARAÓ',27),(1068,'2400703','ALTO DO RODRIGUES',34),(4583,'4300570','ALTO FELIZ',32),(5124,'5100409','ALTO GARÇAS',26),(5253,'5200555','ALTO HORIZONTE',12),(2844,'3153509','ALTO JEQUITIBÁ',27),(663,'2200301','ALTO LONGÁ',13),(5125,'5100508','ALTO PARAGUAI',26),(3890,'4100608','ALTO PARANÁ',15),(19,'1100403','ALTO PARAÍSO',22),(5254,'5200605','ALTO PARAÍSO DE GOIÁS',12),(450,'2100501','ALTO PARNAÍBA',21),(3891,'4100707','ALTO PIQUIRI',15),(2245,'3102100','ALTO RIO DOCE',27),(3077,'3200359','ALTO RIO NOVO',28),(886,'2300705','ALTO SANTO',14),(5126,'5100607','ALTO TAQUARI',26),(664,'2200400','ALTOS',13),(3889,'4100509','ALTÔNIA',15),(3252,'3501152','ALUMÍNIO',24),(2246,'3102209','ALVARENGA',27),(67,'1300029','ALVARÃES',20),(3256,'3501509','ALVINLÂNDIA',24),(2247,'3102308','ALVINÓPOLIS',27),(307,'1700707','ALVORADA',25),(4584,'4300604','ALVORADA',32),(17,'1100346','ALVORADA D\'OESTE',22),(2248,'3102407','ALVORADA DE MINAS',27),(665,'2200459','ALVORADA DO GURGUÉIA',13),(5255,'5200803','ALVORADA DO NORTE',12),(3892,'4100806','ALVORADA DO SUL',15),(2237,'3101508','ALÉM PARAÍBA',27),(129,'1400027','AMAJARI',18),(5044,'5000609','AMAMBAÍ',33),(3893,'4100905','AMAPORÃ',15),(288,'1600105','AMAPÁ',10),(451,'2100550','AMAPÁ DO MARANHÃO',21),(1457,'2600906','AMARAJI',2),(4585,'4300638','AMARAL FERRADOR',32),(5256,'5200829','AMARALINA',12),(666,'2200509','AMARANTE',13),(452,'2100600','AMARANTE DO MARANHÃO',21),(1818,'2901007','AMARGOSA',11),(68,'1300060','AMATURÁ',20),(3257,'3501608','AMERICANA',24),(5257,'5200852','AMERICANO DO BRASIL',12),(4586,'4300646','AMETISTA DO SUL',32),(887,'2300754','AMONTADA',14),(5258,'5200902','AMORINÓPOLIS',12),(1235,'2500734','AMPARO',17),(3260,'3501905','AMPARO',24),(1733,'2800100','AMPARO DE SÃO FRANCISCO',19),(2249,'3102506','AMPARO DO SERRA',27),(3894,'4101002','AMPÉRE',15),(1819,'2901106','AMÉLIA RODRIGUES',11),(1820,'2901155','AMÉRICA DOURADA',11),(3258,'3501707','AMÉRICO BRASILIENSE',24),(3259,'3501806','AMÉRICO DE CAMPOS',24),(1633,'2700201','ANADIA',16),(1821,'2901205','ANAGÉ',11),(3895,'4101051','ANAHY',15),(453,'2100709','ANAJATUBA',21),(152,'1500701','ANAJÁS',1),(3261,'3502002','ANALÂNDIA',24),(69,'1300086','ANAMÃ',20),(153,'1500800','ANANINDEUA',1),(308,'1701002','ANANÁS',25),(154,'1500859','ANAPU',1),(454,'2100808','ANAPURUS',21),(5045,'5000708','ANASTÁCIO',33),(5046,'5000807','ANAURILÂNDIA',33),(3078,'3200409','ANCHIETA',28),(4292,'4200804','ANCHIETA',30),(1822,'2901304','ANDARAÍ',11),(3896,'4101101','ANDIRÁ',15),(1823,'2901353','ANDORINHA',11),(2250,'3102605','ANDRADAS',27),(3262,'3502101','ANDRADINA',24),(2252,'3102803','ANDRELÂNDIA',27),(4587,'4300661','ANDRÉ DA ROCHA',32),(3263,'3502200','ANGATUBA',24),(1458,'2601003','ANGELIM',2),(4293,'4200903','ANGELINA',30),(2253,'3102852','ANGELÂNDIA',27),(1824,'2901403','ANGICAL',11),(667,'2200608','ANGICAL DO PIAUÍ',13),(309,'1701051','ANGICO',25),(1069,'2400802','ANGICOS',34),(3148,'3300100','ANGRA DOS REIS',29),(1825,'2901502','ANGUERA',11),(5047,'5000856','ANGÉLICA',33),(5260,'5201207','ANHANGUERA',12),(3264,'3502309','ANHEMBI',24),(3265,'3502408','ANHUMAS',24),(5261,'5201306','ANICUNS',12),(4294,'4201000','ANITA GARIBALDI',30),(4295,'4201109','ANITÁPOLIS',30),(70,'1300102','ANORI',20),(4588,'4300703','ANTA GORDA',32),(1826,'2901601','ANTAS',11),(3898,'4101200','ANTONINA',15),(888,'2300804','ANTONINA DO NORTE',14),(669,'2200806','ANTÔNIO ALMEIDA',13),(1827,'2901700','ANTÔNIO CARDOSO',11),(2254,'3102902','ANTÔNIO CARLOS',27),(4296,'4201208','ANTÔNIO CARLOS',30),(2255,'3103009','ANTÔNIO DIAS',27),(1828,'2901809','ANTÔNIO GONÇALVES',11),(5048,'5000906','ANTÔNIO JOÃO',33),(1070,'2400901','ANTÔNIO MARTINS',34),(3899,'4101309','ANTÔNIO OLINTO',15),(4589,'4300802','ANTÔNIO PRADO',32),(2256,'3103108','ANTÔNIO PRADO DE MINAS',27),(5259,'5201108','ANÁPOLIS',12),(668,'2200707','ANÍSIO DE ABREU',13),(1236,'2500775','APARECIDA',17),(3266,'3502507','APARECIDA',24),(3267,'3502606','APARECIDA D\'OESTE',24),(5262,'5201405','APARECIDA DE GOIÂNIA',12),(5263,'5201454','APARECIDA DO RIO DOCE',12),(310,'1701101','APARECIDA DO RIO NEGRO',25),(5049,'5001003','APARECIDA DO TABOADO',33),(3149,'3300159','APERIBÉ',29),(3079,'3200508','APIACÁ',28),(5127,'5100805','APIACÁS',26),(3268,'3502705','APIAÍ',24),(455,'2100832','APICUM-AÇU',21),(4297,'4201257','APIÚNA',30),(1071,'2401008','APODI',34),(1829,'2901908','APORÁ',11),(5264,'5201504','APORÉ',12),(1830,'2901957','APUAREMA',11),(3900,'4101408','APUCARANA',15),(889,'2300903','APUIARÉS',14),(71,'1300144','APUÍ',20),(1734,'2800209','AQUIDABÃ',19),(5050,'5001102','AQUIDAUANA',33),(890,'2301000','AQUIRAZ',14),(4298,'4201273','ARABUTÃ',30),(1735,'2800308','ARACAJU',19),(891,'2301109','ARACATI',14),(1831,'2902005','ARACATU',11),(1833,'2902104','ARACI',11),(2258,'3103306','ARACITABA',27),(892,'2301208','ARACOIABA',14),(3080,'3200607','ARACRUZ',28),(5266,'5201702','ARAGARÇAS',12),(5267,'5201801','ARAGOIÂNIA',12),(311,'1701309','ARAGOMINAS',25),(312,'1701903','ARAGUACEMA',25),(5128,'5101001','ARAGUAIANA',26),(5129,'5101209','ARAGUAINHA',26),(315,'1702158','ARAGUANÃ',25),(456,'2100873','ARAGUANÃ',21),(5268,'5202155','ARAGUAPAZ',12),(2260,'3103504','ARAGUARI',27),(316,'1702208','ARAGUATINS',25),(313,'1702000','ARAGUAÇU',25),(314,'1702109','ARAGUAÍNA',25),(457,'2100907','ARAIOSES',21),(5051,'5001243','ARAL MOREIRA',33),(1834,'2902203','ARAMARI',11),(4590,'4300851','ARAMBARÉ',32),(458,'2100956','ARAME',21),(3272,'3503000','ARAMINA',24),(3273,'3503109','ARANDU',24),(2261,'3103603','ARANTINA',27),(3274,'3503158','ARAPEÍ',24),(1634,'2700300','ARAPIRACA',16),(317,'1702307','ARAPOEMA',25),(2262,'3103702','ARAPONGA',27),(3901,'4101507','ARAPONGAS',15),(2263,'3103751','ARAPORÃ',27),(3902,'4101606','ARAPOTI',15),(5130,'5101258','ARAPUTANGA',26),(2264,'3103801','ARAPUÁ',27),(3903,'4101655','ARAPUÃ',15),(4299,'4201307','ARAQUARI',30),(1238,'2500908','ARARA',17),(4300,'4201406','ARARANGUÁ',30),(3275,'3503208','ARARAQUARA',24),(3276,'3503307','ARARAS',24),(893,'2301257','ARARENDÁ',14),(459,'2101004','ARARI',21),(4591,'4300877','ARARICÁ',32),(894,'2301307','ARARIPE',14),(1460,'2601102','ARARIPINA',2),(3150,'3300209','ARARUAMA',29),(1239,'2501005','ARARUNA',17),(3904,'4101705','ARARUNA',15),(1835,'2902252','ARATACA',11),(4592,'4300901','ARATIBA',32),(895,'2301406','ARATUBA',14),(1836,'2902302','ARATUÍPE',11),(3905,'4101804','ARAUCÁRIA',15),(1736,'2800407','ARAUÁ',19),(2266,'3104007','ARAXÁ',27),(1237,'2500809','ARAÇAGI',17),(3269,'3502754','ARAÇARIGUAMA',24),(1832,'2902054','ARAÇAS',11),(3270,'3502804','ARAÇATUBA',24),(2257,'3103207','ARAÇAÍ',27),(1459,'2601052','ARAÇOIABA',2),(3271,'3502903','ARAÇOIABA DA SERRA',24),(5265,'5201603','ARAÇU',12),(2259,'3103405','ARAÇUAÍ',27),(2265,'3103900','ARAÚJOS',27),(2267,'3104106','ARCEBURGO',27),(3277,'3503356','ARCO-ÍRIS',24),(2268,'3104205','ARCOS',27),(1461,'2601201','ARCOVERDE',2),(2269,'3104304','AREADO',27),(3151,'3300225','AREAL',29),(3278,'3503406','AREALVA',24),(1240,'2501104','AREIA',17),(1072,'2401107','AREIA BRANCA',34),(1737,'2800506','AREIA BRANCA',19),(1241,'2501153','AREIA DE BARAÚNAS',17),(1242,'2501203','AREIAL',17),(3279,'3503505','AREIAS',24),(3280,'3503604','AREIÓPOLIS',24),(5131,'5101308','ARENÁPOLIS',26),(5269,'5202353','ARENÓPOLIS',12),(2270,'3104403','ARGIRITA',27),(2271,'3104452','ARICANDUVA',27),(2272,'3104502','ARINOS',27),(5132,'5101407','ARIPUANÃ',26),(5403,'1100023','ARIQUEMES',22),(3281,'3503703','ARIRANHA',24),(3906,'4101853','ARIRANHA DO IVAÍ',15),(4301,'4201505','ARMAZÉM',30),(3152,'3300233','ARMAÇÃO DOS BÚZIOS',29),(896,'2301505','ARNEIROZ',14),(670,'2200905','AROAZES',13),(1243,'2501302','AROEIRAS',17),(671,'2201002','ARRAIAL',13),(3153,'3300258','ARRAIAL DO CABO',29),(318,'1702406','ARRAIAS',25),(4593,'4301008','ARROIO DO MEIO',32),(4594,'4301057','ARROIO DO SAL',32),(4596,'4301206','ARROIO DO TIGRE',32),(4595,'4301107','ARROIO DOS RATOS',32),(4597,'4301305','ARROIO GRANDE',32),(4302,'4201604','ARROIO TRINTA',30),(3282,'3503802','ARTUR NOGUEIRA',24),(5270,'5202502','ARUANÃ',12),(3283,'3503901','ARUJÁ',24),(4303,'4201653','ARVOREDO',30),(4598,'4301404','ARVOREZINHA',32),(1073,'2401206','ARÊS',34),(4304,'4201703','ASCURRA',30),(3284,'3503950','ASPÁSIA',24),(897,'2301604','ASSARÉ',14),(3907,'4101903','ASSAÍ',15),(3285,'3504008','ASSIS',24),(46,'1200054','ASSIS BRASIL',8),(3908,'4102000','ASSIS CHATEAUBRIAND',15),(1244,'2501351','ASSUNÇÃO',17),(672,'2201051','ASSUNÇÃO DO PIAUÍ',13),(2273,'3104601','ASTOLFO DUTRA',27),(3909,'4102109','ASTORGA',15),(1635,'2700409','ATALAIA',16),(3910,'4102208','ATALAIA',15),(72,'1300201','ATALAIA DO NORTE',20),(4305,'4201802','ATALANTA',30),(2274,'3104700','ATALÉIA',27),(3286,'3504107','ATIBAIA',24),(3081,'3200706','ATILIO VIVACQUA',28),(319,'1702554','AUGUSTINÓPOLIS',25),(155,'1500909','AUGUSTO CORRÊA',1),(2275,'3104809','AUGUSTO DE LIMA',27),(4599,'4301503','AUGUSTO PESTANA',32),(1074,'2401305','AUGUSTO SEVERO',34),(1837,'2902401','AURELINO LEAL',11),(3287,'3504206','AURIFLAMA',24),(5271,'5202601','AURILÂNDIA',12),(898,'2301703','AURORA',14),(4306,'4201901','AURORA',30),(156,'1500958','AURORA DO PARÁ',1),(320,'1702703','AURORA DO TOCANTINS',25),(73,'1300300','AUTAZES',20),(3289,'3504404','AVANHANDAVA',24),(3290,'3504503','AVARÉ',24),(3288,'3504305','AVAÍ',24),(157,'1501006','AVEIRO',1),(673,'2201101','AVELINO LOPES',13),(5272,'5202809','AVELINÓPOLIS',12),(460,'2101103','AXIXÁ',21),(321,'1702901','AXIXÁ DO TOCANTINS',25),(442,'2100055','AÇAILÂNDIA',21),(5487,'2400208','AÇU',34),(2227,'3100500','AÇUCENA',27),(322,'1703008','BABAÇULÂNDIA',25),(461,'2101202','BACABAL',21),(462,'2101251','BACABEIRA',21),(463,'2101301','BACURI',21),(464,'2101350','BACURITUBA',21),(3291,'3504602','BADY BASSITT',24),(2276,'3104908','BAEPENDI',27),(158,'1501105','BAGRE',1),(4601,'4301602','BAGÉ',32),(1838,'2902500','BAIANÓPOLIS',11),(1839,'2902609','BAIXA GRANDE',11),(674,'2201150','BAIXA GRANDE DO RIBEIRO',13),(899,'2301802','BAIXIO',14),(3082,'3200805','BAIXO GUANDU',28),(159,'1501204','BAIÃO',1),(3292,'3504701','BALBINOS',24),(2277,'3105004','BALDIM',27),(5273,'5203104','BALIZA',12),(4307,'4201950','BALNEÁRIO ARROIO DO SILVA',30),(4309,'4202057','BALNEÁRIO BARRA DO SUL',30),(4308,'4202008','BALNEÁRIO CAMBORIÚ',30),(4310,'4202073','BALNEÁRIO GAIVOTA',30),(4602,'4301636','BALNEÁRIO PINHAL',32),(3911,'4102307','BALSA NOVA',15),(465,'2101400','BALSAS',21),(2278,'3105103','BAMBUÍ',27),(900,'2301851','BANABUIÚ',14),(3294,'3504909','BANANAL',24),(1246,'2501500','BANANEIRAS',17),(2279,'3105202','BANDEIRA',27),(2280,'3105301','BANDEIRA DO SUL',27),(4311,'4202081','BANDEIRANTE',30),(3912,'4102406','BANDEIRANTES',15),(5052,'5001508','BANDEIRANTES',33),(323,'1703057','BANDEIRANTES DO TOCANTINS',25),(160,'1501253','BANNACH',1),(1840,'2902658','BANZAÊ',11),(1076,'2401453','BARAÚNA',34),(1247,'2501534','BARAÚNA',17),(2283,'3105608','BARBACENA',27),(901,'2301901','BARBALHA',14),(3296,'3505104','BARBOSA',24),(3913,'4102505','BARBOSA FERRAZ',15),(161,'1501303','BARCARENA',1),(1077,'2401503','BARCELONA',34),(74,'1300409','BARCELOS',20),(3297,'3505203','BARIRI',24),(1841,'2902708','BARRA',11),(3298,'3505302','BARRA BONITA',24),(4312,'4202099','BARRA BONITA',30),(675,'2201176','BARRA D\'ALCÂNTARA',13),(1842,'2902807','BARRA DA ESTIVA',11),(1462,'2601300','BARRA DE GUABIRABA',2),(1249,'2501609','BARRA DE SANTA ROSA',17),(1248,'2501575','BARRA DE SANTANA',17),(1636,'2700508','BARRA DE SANTO ANTÔNIO',16),(3083,'3200904','BARRA DE SÃO FRANCISCO',28),(1250,'2501708','BARRA DE SÃO MIGUEL',17),(1637,'2700607','BARRA DE SÃO MIGUEL',16),(5134,'5101704','BARRA DO BUGRES',26),(3299,'3505351','BARRA DO CHAPÉU',24),(1843,'2902906','BARRA DO CHOÇA',11),(467,'2101608','BARRA DO CORDA',21),(5135,'5101803','BARRA DO GARÇAS',26),(4607,'4301859','BARRA DO GUARITA',32),(3915,'4102703','BARRA DO JACARÉ',15),(1844,'2903003','BARRA DO MENDES',11),(324,'1703073','BARRA DO OURO',25),(3154,'3300308','BARRA DO PIRAÍ',29),(4608,'4301875','BARRA DO QUARAÍ',32),(4609,'4301909','BARRA DO RIBEIRO',32),(4610,'4301925','BARRA DO RIO AZUL',32),(1845,'2903102','BARRA DO ROCHA',11),(3300,'3505401','BARRA DO TURVO',24),(1738,'2800605','BARRA DOS COQUEIROS',19),(4611,'4301958','BARRA FUNDA',32),(2284,'3105707','BARRA LONGA',27),(3155,'3300407','BARRA MANSA',29),(4313,'4202107','BARRA VELHA',30),(3914,'4102604','BARRACÃO',15),(4606,'4301800','BARRACÃO',32),(676,'2201200','BARRAS',13),(902,'2301950','BARREIRA',14),(1846,'2903201','BARREIRAS',11),(677,'2201309','BARREIRAS DO PIAUÍ',13),(75,'1300508','BARREIRINHA',20),(468,'2101707','BARREIRINHAS',21),(1463,'2601409','BARREIROS',2),(3301,'3505500','BARRETOS',24),(3302,'3505609','BARRINHA',24),(903,'2302008','BARRO',14),(1847,'2903235','BARRO ALTO',11),(5274,'5203203','BARRO ALTO',12),(678,'2201408','BARRO DURO',13),(1848,'2903300','BARRO PRETO',11),(325,'1703107','BARROLÂNDIA',25),(904,'2302057','BARROQUINHA',14),(4612,'4302006','BARROS CASSAL',32),(2285,'3105905','BARROSO',27),(3303,'3505708','BARUERI',24),(4603,'4301651','BARÃO',32),(3295,'3505005','BARÃO DE ANTONINA',24),(2281,'3105400','BARÃO DE COCAIS',27),(4604,'4301701','BARÃO DE COTEGIPE',32),(466,'2101509','BARÃO DE GRAJAÚ',21),(5133,'5101605','BARÃO DE MELGAÇO',26),(2282,'3105509','BARÃO DE MONTE ALTO',27),(4605,'4301750','BARÃO DO TRIUNFO',32),(3304,'3505807','BASTOS',24),(5053,'5001904','BATAGUASSU',33),(5054,'5002001','BATAIPORÃ',33),(679,'2201507','BATALHA',13),(1638,'2700706','BATALHA',16),(3305,'3505906','BATATAIS',24),(905,'2302107','BATURITÉ',14),(3306,'3506003','BAURU',24),(1251,'2501807','BAYEUX',17),(1245,'2501401','BAÍA DA TRAIÇÃO',17),(1075,'2401404','BAÍA FORMOSA',34),(3307,'3506102','BEBEDOURO',24),(906,'2302206','BEBERIBE',14),(907,'2302305','BELA CRUZ',14),(5055,'5002100','BELA VISTA',33),(3916,'4102752','BELA VISTA DA CAROBA',15),(5275,'5203302','BELA VISTA DE GOIÁS',12),(2286,'3106002','BELA VISTA DE MINAS',27),(470,'2101772','BELA VISTA DO MARANHÃO',21),(3917,'4102802','BELA VISTA DO PARAÍSO',15),(680,'2201556','BELA VISTA DO PIAUÍ',13),(4314,'4202131','BELA VISTA DO TOLDO',30),(3156,'3300456','BELFORD ROXO',29),(2287,'3106101','BELMIRO BRAGA',27),(1849,'2903409','BELMONTE',11),(4315,'4202156','BELMONTE',30),(1850,'2903508','BELO CAMPO',11),(2288,'3106200','BELO HORIZONTE',27),(1466,'2601706','BELO JARDIM',2),(1640,'2700904','BELO MONTE',16),(2289,'3106309','BELO ORIENTE',27),(2290,'3106408','BELO VALE',27),(163,'1501451','BELTERRA',1),(469,'2101731','BELÁGUA',21),(162,'1501402','BELÉM',1),(1252,'2501906','BELÉM',17),(1639,'2700805','BELÉM',16),(1464,'2601508','BELÉM DE MARIA',2),(1465,'2601607','BELÉM DE SÃO FRANCISCO',2),(1253,'2502003','BELÉM DO BREJO DO CRUZ',17),(681,'2201572','BELÉM DO PIAUÍ',13),(682,'2201606','BENEDITINOS',13),(471,'2101806','BENEDITO LEITE',21),(4316,'4202206','BENEDITO NOVO',30),(164,'1501501','BENEVIDES',1),(76,'1300607','BENJAMIN CONSTANT',20),(4613,'4302055','BENJAMIN CONSTANT DO SUL',32),(3308,'3506201','BENTO DE ABREU',24),(1078,'2401602','BENTO FERNANDES',34),(4614,'4302105','BENTO GONÇALVES',32),(472,'2101905','BEQUIMÃO',21),(2291,'3106507','BERILO',27),(2293,'3106655','BERIZAL',27),(1254,'2502052','BERNARDINO BATISTA',17),(3309,'3506300','BERNARDINO DE CAMPOS',24),(473,'2101939','BERNARDO DO MEARIM',21),(326,'1703206','BERNARDO SAYÃO',25),(3310,'3506359','BERTIOGA',24),(683,'2201705','BERTOLÍNIA',13),(2292,'3106606','BERTÓPOLIS',27),(77,'1300631','BERURI',20),(2294,'3106705','BETIM',27),(1467,'2601805','BETÂNIA',2),(684,'2201739','BETÂNIA DO PIAUÍ',13),(1468,'2601904','BEZERROS',2),(2295,'3106804','BIAS FORTES',27),(2296,'3106903','BICAS',27),(4317,'4202305','BIGUAÇU',30),(3311,'3506409','BILAC',24),(2297,'3107000','BIQUINHAS',27),(3312,'3506508','BIRIGUI',24),(3313,'3506607','BIRITIBA-MIRIM',24),(1851,'2903607','BIRITINGA',11),(3918,'4102901','BITURUNA',15),(4318,'4202404','BLUMENAU',30),(2298,'3107109','BOA ESPERANÇA',27),(3084,'3201001','BOA ESPERANÇA',28),(3919,'4103008','BOA ESPERANÇA',15),(3920,'4103024','BOA ESPERANÇA DO IGUAÇU',15),(3314,'3506706','BOA ESPERANÇA DO SUL',24),(685,'2201770','BOA HORA',13),(1852,'2903706','BOA NOVA',11),(1255,'2502102','BOA VENTURA',17),(3921,'4103040','BOA VENTURA DE SÃO ROQUE',15),(908,'2302404','BOA VIAGEM',14),(131,'1400100','BOA VISTA',18),(1256,'2502151','BOA VISTA',17),(3922,'4103057','BOA VISTA DA APARECIDA',15),(4615,'4302154','BOA VISTA DAS MISSÕES',32),(4616,'4302204','BOA VISTA DO BURICÁ',32),(474,'2101970','BOA VISTA DO GURUPI',21),(78,'1300680','BOA VISTA DO RAMOS',20),(4617,'4302253','BOA VISTA DO SUL',32),(1853,'2903805','BOA VISTA DO TUPIM',11),(1641,'2701001','BOCA DA MATA',16),(79,'1300706','BOCA DO ACRE',20),(686,'2201804','BOCAINA',13),(3315,'3506805','BOCAINA',24),(2299,'3107208','BOCAINA DE MINAS',27),(4319,'4202438','BOCAINA DO SUL',30),(2300,'3107307','BOCAIÚVA',27),(3923,'4103107','BOCAIÚVA DO SUL',15),(1469,'2602001','BODOCÓ',2),(5056,'5002159','BODOQUENA',33),(1079,'2401651','BODÓ',34),(3316,'3506904','BOFETE',24),(3317,'3507001','BOITUVA',24),(1470,'2602100','BOM CONSELHO',2),(2301,'3107406','BOM DESPACHO',27),(475,'2102002','BOM JARDIM',21),(1471,'2602209','BOM JARDIM',2),(3157,'3300506','BOM JARDIM',29),(4321,'4202503','BOM JARDIM DA SERRA',30),(5276,'5203401','BOM JARDIM DE GOIÁS',12),(2302,'3107505','BOM JARDIM DE MINAS',27),(687,'2201903','BOM JESUS',13),(1080,'2401701','BOM JESUS',34),(1257,'2502201','BOM JESUS',17),(4322,'4202537','BOM JESUS',30),(4618,'4302303','BOM JESUS',32),(1854,'2903904','BOM JESUS DA LAPA',11),(2303,'3107604','BOM JESUS DA PENHA',27),(1855,'2903953','BOM JESUS DA SERRA',11),(476,'2102036','BOM JESUS DAS SELVAS',21),(5277,'5203500','BOM JESUS DE GOIÁS',12),(2304,'3107703','BOM JESUS DO AMPARO',27),(2305,'3107802','BOM JESUS DO GALHO',27),(3158,'3300605','BOM JESUS DO ITABAPOANA',29),(3085,'3201100','BOM JESUS DO NORTE',28),(4323,'4202578','BOM JESUS DO OESTE',30),(3924,'4103156','BOM JESUS DO SUL',15),(165,'1501576','BOM JESUS DO TOCANTINS',1),(327,'1703305','BOM JESUS DO TOCANTINS',25),(3318,'3507100','BOM JESUS DOS PERDÕES',24),(477,'2102077','BOM LUGAR',21),(4619,'4302352','BOM PRINCÍPIO',32),(688,'2201919','BOM PRINCÍPIO DO PIAUÍ',13),(4620,'4302378','BOM PROGRESSO',32),(2306,'3107901','BOM REPOUSO',27),(4324,'4202602','BOM RETIRO',30),(4621,'4302402','BOM RETIRO DO SUL',32),(1258,'2502300','BOM SUCESSO',17),(2307,'3108008','BOM SUCESSO',27),(3925,'4103206','BOM SUCESSO',15),(3319,'3507159','BOM SUCESSO DE ITARARÉ',24),(3926,'4103222','BOM SUCESSO DO SUL',15),(4320,'4202453','BOMBINHAS',30),(132,'1400159','BONFIM',18),(2308,'3108107','BONFIM',27),(689,'2201929','BONFIM DO PIAUÍ',13),(5278,'5203559','BONFINÓPOLIS',12),(2309,'3108206','BONFINÓPOLIS DE MINAS',27),(1856,'2904001','BONINAL',11),(166,'1501600','BONITO',1),(1472,'2602308','BONITO',2),(1857,'2904050','BONITO',11),(5057,'5002209','BONITO',33),(2310,'3108255','BONITO DE MINAS',27),(1259,'2502409','BONITO DE SANTA FÉ',17),(5279,'5203575','BONÓPOLIS',12),(1260,'2502508','BOQUEIRÃO',17),(4622,'4302451','BOQUEIRÃO DO LEÃO',32),(690,'2201945','BOQUEIRÃO DO PIAUÍ',13),(1739,'2800670','BOQUIM',19),(1858,'2904100','BOQUIRA',11),(3321,'3507308','BORACÉIA',24),(80,'1300805','BORBA',20),(1262,'2502706','BORBOREMA',17),(3322,'3507407','BORBOREMA',24),(2311,'3108305','BORDA DA MATA',27),(3323,'3507456','BOREBI',24),(3927,'4103305','BORRAZÓPOLIS',15),(3320,'3507209','BORÁ',24),(4623,'4302501','BOSSOROCA',32),(2312,'3108404','BOTELHOS',27),(3324,'3507506','BOTUCATU',24),(2313,'3108503','BOTUMIRIM',27),(1859,'2904209','BOTUPORÃ',11),(4325,'4202701','BOTUVERÁ',30),(4624,'4302600','BRAGA',32),(3928,'4103354','BRAGANEY',15),(167,'1501709','BRAGANÇA',1),(3325,'3507605','BRAGANÇA PAULISTA',24),(1642,'2701100','BRANQUINHA',16),(168,'1501725','BRASIL NOVO',1),(691,'2201960','BRASILEIRA',13),(5058,'5002308','BRASILÂNDIA',33),(2314,'3108552','BRASILÂNDIA DE MINAS',27),(3929,'4103370','BRASILÂNDIA DO SUL',15),(328,'1703602','BRASILÂNDIA DO TOCANTINS',25),(47,'1200104','BRASILÉIA',8),(5136,'5101902','BRASNORTE',26),(5473,'5300108','BRASÍLIA',3),(2315,'3108602','BRASÍLIA DE MINAS',27),(2318,'3108909','BRASÓPOLIS',27),(5280,'5203609','BRAZABRANTES',12),(4326,'4202800','BRAÇO DO NORTE',30),(4327,'4202859','BRAÇO DO TROMBUDO',30),(3326,'3507704','BRAÚNA',24),(2317,'3108800','BRAÚNAS',27),(3086,'3201159','BREJETUBA',28),(1081,'2401800','BREJINHO',34),(1474,'2602506','BREJINHO',2),(329,'1703701','BREJINHO DE NAZARÉ',25),(478,'2102101','BREJO',21),(3327,'3507753','BREJO ALEGRE',24),(1475,'2602605','BREJO DA MADRE DE DEUS',2),(479,'2102150','BREJO DE AREIA',21),(1263,'2502805','BREJO DO CRUZ',17),(692,'2201988','BREJO DO PIAUÍ',13),(1264,'2502904','BREJO DOS SANTOS',17),(1740,'2800704','BREJO GRANDE',19),(169,'1501758','BREJO GRANDE DO ARAGUAIA',1),(909,'2302503','BREJO SANTO',14),(1861,'2904407','BREJOLÂNDIA',11),(1473,'2602407','BREJÃO',2),(1860,'2904308','BREJÕES',11),(170,'1501782','BREU BRANCO',1),(171,'1501808','BREVES',1),(5281,'5203807','BRITÂNIA',12),(4625,'4302659','BROCHIER',32),(3328,'3507803','BRODÓSQUI',24),(3329,'3507902','BROTAS',24),(1862,'2904506','BROTAS DE MACAÚBAS',11),(2319,'3109006','BRUMADINHO',27),(1863,'2904605','BRUMADO',11),(4328,'4202875','BRUNÓPOLIS',30),(4329,'4202909','BRUSQUE',30),(2316,'3108701','BRÁS PIRES',27),(2320,'3109105','BUENO BRANDÃO',27),(1476,'2602704','BUENOS AIRES',2),(2321,'3109204','BUENÓPOLIS',27),(1864,'2904704','BUERAREMA',11),(2322,'3109253','BUGRE',27),(48,'1200138','BUJARI',8),(172,'1501907','BUJARU',1),(3330,'3508009','BURI',24),(3331,'3508108','BURITAMA',24),(480,'2102200','BURITI',21),(5282,'5203906','BURITI ALEGRE',12),(481,'2102309','BURITI BRAVO',21),(5283,'5203939','BURITI DE GOIÁS',12),(330,'1703800','BURITI DO TOCANTINS',25),(693,'2202000','BURITI DOS LOPES',13),(694,'2202026','BURITI DOS MONTES',13),(482,'2102325','BURITICUPU',21),(5284,'5203962','BURITINÓPOLIS',12),(1865,'2904753','BURITIRAMA',11),(483,'2102358','BURITIRANA',21),(20,'1100452','BURITIS',22),(2323,'3109303','BURITIS',27),(3332,'3508207','BURITIZAL',24),(2324,'3109402','BURITIZEIRO',27),(4626,'4302709','BUTIÁ',32),(1477,'2602803','BUÍQUE',2),(3293,'3504800','BÁLSAMO',24),(81,'1300839','CAAPIRANGA',20),(1265,'2503001','CAAPORÃ',17),(5059,'5002407','CAARAPÓ',33),(1866,'2904803','CAATIBA',11),(1266,'2503100','CABACEIRAS',17),(1867,'2904852','CABACEIRAS DO PARAGUAÇU',11),(2325,'3109451','CABECEIRA GRANDE',27),(5285,'5204003','CABECEIRAS',12),(695,'2202059','CABECEIRAS DO PIAUÍ',13),(1267,'2503209','CABEDELO',17),(5481,'1100031','CABIXI',22),(1478,'2602902','CABO DE SANTO AGOSTINHO',2),(3159,'3300704','CABO FRIO',29),(2326,'3109501','CABO VERDE',27),(3334,'3508405','CABREÚVA',24),(1479,'2603009','CABROBÓ',2),(3333,'3508306','CABRÁLIA PAULISTA',24),(22,'1100601','CACAULÂNDIA',22),(4628,'4302907','CACEQUI',32),(1868,'2904902','CACHOEIRA',11),(5286,'5204102','CACHOEIRA ALTA',12),(2327,'3109600','CACHOEIRA DA PRATA',27),(5287,'5204201','CACHOEIRA DE GOIÁS',12),(2328,'3109709','CACHOEIRA DE MINAS',27),(2251,'3102704','CACHOEIRA DE PAJEÚ',27),(174,'1502004','CACHOEIRA DO ARARI',1),(173,'1501956','CACHOEIRA DO PIRIÁ',1),(4629,'4303004','CACHOEIRA DO SUL',32),(1268,'2503308','CACHOEIRA DOS ÍNDIOS',17),(2329,'3109808','CACHOEIRA DOURADA',27),(5288,'5204250','CACHOEIRA DOURADA',12),(484,'2102374','CACHOEIRA GRANDE',21),(3336,'3508603','CACHOEIRA PAULISTA',24),(3160,'3300803','CACHOEIRAS DE MACACU',29),(331,'1703826','CACHOEIRINHA',25),(1480,'2603108','CACHOEIRINHA',2),(4630,'4303103','CACHOEIRINHA',32),(3087,'3201209','CACHOEIRO DE ITAPEMIRIM',28),(1269,'2503407','CACIMBA DE AREIA',17),(1270,'2503506','CACIMBA DE DENTRO',17),(1271,'2503555','CACIMBAS',17),(1643,'2701209','CACIMBINHAS',16),(4631,'4303202','CACIQUE DOBLE',32),(5482,'1100049','CACOAL',22),(3337,'3508702','CACONDE',24),(1869,'2905008','CACULÉ',11),(1871,'2905156','CAETANOS',11),(2330,'3109907','CAETANÓPOLIS',27),(1872,'2905206','CAETITÉ',11),(2331,'3110004','CAETÉ',27),(1481,'2603207','CAETÉS',2),(1873,'2905305','CAFARNAUM',11),(3930,'4103404','CAFEARA',15),(3338,'3508801','CAFELÂNDIA',24),(3931,'4103453','CAFELÂNDIA',15),(3932,'4103479','CAFEZAL DO SUL',15),(3339,'3508900','CAIABU',24),(2332,'3110103','CAIANA',27),(5290,'5204409','CAIAPÔNIA',12),(4632,'4303301','CAIBATÉ',32),(4331,'4203105','CAIBI',30),(1084,'2402006','CAICÓ',34),(3340,'3509007','CAIEIRAS',24),(1874,'2905404','CAIRU',11),(3341,'3509106','CAIUÁ',24),(1272,'2503605','CAIÇARA',17),(4633,'4303400','CAIÇARA',32),(1082,'2401859','CAIÇARA DO NORTE',34),(1083,'2401909','CAIÇARA DO RIO DO VENTO',34),(3342,'3509205','CAJAMAR',24),(485,'2102408','CAJAPIÓ',21),(486,'2102507','CAJARI',21),(3343,'3509254','CAJATI',24),(1273,'2503704','CAJAZEIRAS',17),(696,'2202075','CAJAZEIRAS DO PIAUÍ',13),(1274,'2503753','CAJAZEIRINHAS',17),(3344,'3509304','CAJOBI',24),(1644,'2701308','CAJUEIRO',16),(697,'2202083','CAJUEIRO DA PRAIA',13),(2333,'3110202','CAJURI',27),(3345,'3509403','CAJURU',24),(2334,'3110301','CALDAS',27),(1275,'2503803','CALDAS BRANDÃO',17),(5291,'5204508','CALDAS NOVAS',12),(5292,'5204557','CALDAZINHA',12),(1875,'2905503','CALDEIRÃO GRANDE',11),(698,'2202091','CALDEIRÃO GRANDE DO PIAUÍ',13),(3933,'4103503','CALIFÓRNIA',15),(4332,'4203154','CALMON',30),(1483,'2603405','CALUMBI',2),(1482,'2603306','CALÇADO',2),(290,'1600204','CALÇOENE',10),(1876,'2905602','CAMACAN',11),(2335,'3110400','CAMACHO',27),(1276,'2503902','CAMALAÚ',17),(1878,'2905800','CAMAMU',11),(2336,'3110509','CAMANDUCAIA',27),(5060,'5002605','CAMAPUÃ',33),(4634,'4303509','CAMAQUÃ',32),(1484,'2603454','CAMARAGIBE',2),(4635,'4303558','CAMARGO',32),(1877,'2905701','CAMAÇARI',11),(3934,'4103602','CAMBARÁ',15),(4636,'4303608','CAMBARÁ DO SUL',32),(3936,'4103800','CAMBIRA',15),(4333,'4203204','CAMBORIÚ',30),(3161,'3300902','CAMBUCI',29),(2338,'3110707','CAMBUQUIRA',27),(2337,'3110608','CAMBUÍ',27),(3935,'4103701','CAMBÉ',15),(175,'1502103','CAMETÁ',1),(910,'2302602','CAMOCIM',14),(1485,'2603504','CAMOCIM DE SÃO FÉLIX',2),(2340,'3110905','CAMPANHA',27),(2339,'3110806','CAMPANÁRIO',27),(1645,'2701357','CAMPESTRE',16),(2341,'3111002','CAMPESTRE',27),(4637,'4303673','CAMPESTRE DA SERRA',32),(5293,'5204607','CAMPESTRE DE GOIÁS',12),(487,'2102556','CAMPESTRE DO MARANHÃO',21),(3937,'4103909','CAMPINA DA LAGOA',15),(4638,'4303707','CAMPINA DAS MISSÕES',32),(3346,'3509452','CAMPINA DO MONTE ALEGRE',24),(3938,'4103958','CAMPINA DO SIMÃO',15),(1277,'2504009','CAMPINA GRANDE',17),(3939,'4104006','CAMPINA GRANDE DO SUL',15),(2342,'3111101','CAMPINA VERDE',27),(3347,'3509502','CAMPINAS',24),(699,'2202109','CAMPINAS DO PIAUÍ',13),(4639,'4303806','CAMPINAS DO SUL',32),(5294,'5204656','CAMPINAÇU',12),(5295,'5204706','CAMPINORTE',12),(5138,'5102603','CAMPINÁPOLIS',26),(1646,'2701407','CAMPO ALEGRE',16),(4335,'4203303','CAMPO ALEGRE',30),(5296,'5204805','CAMPO ALEGRE DE GOIÁS',12),(1879,'2905909','CAMPO ALEGRE DE LOURDES',11),(700,'2202117','CAMPO ALEGRE DO FIDALGO',13),(2343,'3111150','CAMPO AZUL',27),(2344,'3111200','CAMPO BELO',27),(4336,'4203402','CAMPO BELO DO SUL',30),(4640,'4303905','CAMPO BOM',32),(3940,'4104055','CAMPO BONITO',15),(1437,'2516409','CAMPO DE SANTANA',17),(1741,'2801009','CAMPO DO BRITO',19),(2345,'3111309','CAMPO DO MEIO',27),(3941,'4104105','CAMPO DO TENENTE',15),(4337,'4203501','CAMPO ERÊ',30),(2346,'3111408','CAMPO FLORIDO',27),(1880,'2906006','CAMPO FORMOSO',11),(1647,'2701506','CAMPO GRANDE',16),(5061,'5002704','CAMPO GRANDE',33),(701,'2202133','CAMPO GRANDE DO PIAUÍ',13),(3942,'4104204','CAMPO LARGO',15),(702,'2202174','CAMPO LARGO DO PIAUÍ',13),(3348,'3509601','CAMPO LIMPO PAULISTA',24),(3943,'4104253','CAMPO MAGRO',15),(703,'2202208','CAMPO MAIOR',13),(3944,'4104303','CAMPO MOURÃO',15),(4641,'4304002','CAMPO NOVO',32),(23,'1100700','CAMPO NOVO DE RONDÔNIA',22),(5139,'5102637','CAMPO NOVO DO PARECIS',26),(1085,'2402105','CAMPO REDONDO',34),(5140,'5102678','CAMPO VERDE',26),(2347,'3111507','CAMPOS ALTOS',27),(5297,'5204904','CAMPOS BELOS',12),(4642,'4304101','CAMPOS BORGES',32),(5141,'5102686','CAMPOS DE JÚLIO',26),(3349,'3509700','CAMPOS DO JORDÃO',24),(3164,'3301009','CAMPOS DOS GOYTACAZES',29),(2348,'3111606','CAMPOS GERAIS',27),(332,'1703842','CAMPOS LINDOS',25),(4338,'4203600','CAMPOS NOVOS',30),(3350,'3509809','CAMPOS NOVOS PAULISTA',24),(911,'2302701','CAMPOS SALES',14),(5298,'5204953','CAMPOS VERDES',12),(1486,'2603603','CAMUTANGA',2),(2351,'3111903','CANA VERDE',27),(5142,'5102694','CANABRAVA DO NORTE',26),(3351,'3509908','CANANÉIA',24),(1648,'2701605','CANAPI',16),(1882,'2906204','CANARANA',11),(5143,'5102702','CANARANA',26),(3352,'3509957','CANAS',24),(704,'2202251','CANAVIEIRA',13),(1883,'2906303','CANAVIEIRAS',11),(2349,'3111705','CANAÃ',27),(176,'1502152','CANAÃ DOS CARAJÁS',1),(1884,'2906402','CANDEAL',11),(1885,'2906501','CANDEIAS',11),(2352,'3112000','CANDEIAS',27),(24,'1100809','CANDEIAS DO JAMARI',22),(4643,'4304200','CANDELÁRIA',32),(1886,'2906600','CANDIBA',11),(4645,'4304358','CANDIOTA',32),(3946,'4104428','CANDÓI',15),(4646,'4304408','CANELA',32),(4339,'4203709','CANELINHA',30),(1086,'2402204','CANGUARETAMA',34),(4647,'4304507','CANGUÇU',32),(1742,'2801108','CANHOBA',19),(1487,'2603702','CANHOTINHO',2),(912,'2302800','CANINDÉ',14),(1743,'2801207','CANINDÉ DE SÃO FRANCISCO',19),(3355,'3510153','CANITAR',24),(4648,'4304606','CANOAS',32),(4340,'4203808','CANOINHAS',30),(1888,'2906808','CANSANÇÃO',11),(2353,'3112059','CANTAGALO',27),(3165,'3301108','CANTAGALO',29),(3947,'4104451','CANTAGALO',15),(489,'2102705','CANTANHEDE',21),(705,'2202307','CANTO DO BURITI',13),(133,'1400175','CANTÁ',18),(1889,'2906824','CANUDOS',11),(82,'1300904','CANUTAMA',20),(1881,'2906105','CANÁPOLIS',11),(2350,'3111804','CANÁPOLIS',27),(177,'1502202','CAPANEMA',1),(3948,'4104501','CAPANEMA',15),(2354,'3112109','CAPARAÓ',27),(1649,'2701704','CAPELA',16),(1744,'2801306','CAPELA',19),(4652,'4304689','CAPELA DE SANTANA',32),(3357,'3510302','CAPELA DO ALTO',24),(1890,'2906857','CAPELA DO ALTO ALEGRE',11),(2355,'3112208','CAPELA NOVA',27),(2356,'3112307','CAPELINHA',27),(2357,'3112406','CAPETINGA',27),(1278,'2504033','CAPIM',17),(2358,'3112505','CAPIM BRANCO',27),(1891,'2906873','CAPIM GROSSO',11),(4341,'4203907','CAPINZAL',30),(490,'2102754','CAPINZAL DO NORTE',21),(2359,'3112604','CAPINÓPOLIS',27),(913,'2302909','CAPISTRANO',14),(4653,'4304697','CAPITÃO',32),(2360,'3112653','CAPITÃO ANDRADE',27),(706,'2202406','CAPITÃO DE CAMPOS',13),(2361,'3112703','CAPITÃO ENÉAS',27),(707,'2202455','CAPITÃO GERVÁSIO OLIVEIRA',13),(3949,'4104600','CAPITÃO LEÔNIDAS MARQUES',15),(178,'1502301','CAPITÃO POÇO',1),(2362,'3112802','CAPITÓLIO',27),(3358,'3510401','CAPIVARI',24),(4342,'4203956','CAPIVARI DE BAIXO',30),(4651,'4304671','CAPIVARI DO SUL',32),(49,'1200179','CAPIXABA',8),(1488,'2603801','CAPOEIRAS',2),(2363,'3112901','CAPUTIRA',27),(4334,'4203253','CAPÃO ALTO',30),(3356,'3510203','CAPÃO BONITO',24),(4649,'4304630','CAPÃO DA CANOA',32),(4650,'4304663','CAPÃO DO LEÃO',32),(134,'1400209','CARACARAÍ',18),(708,'2202505','CARACOL',13),(5062,'5002803','CARACOL',33),(3359,'3510500','CARAGUATATUBA',24),(3950,'4104659','CARAMBEÍ',15),(2365,'3113107','CARANAÍBA',27),(2366,'3113206','CARANDAÍ',27),(2367,'3113305','CARANGOLA',27),(3162,'3300936','CARAPEBUS',29),(3360,'3510609','CARAPICUÍBA',24),(2368,'3113404','CARATINGA',27),(83,'1301001','CARAUARI',20),(1893,'2906907','CARAVELAS',11),(4654,'4304705','CARAZINHO',32),(4655,'4304713','CARAÁ',32),(2364,'3113008','CARAÍ',27),(1892,'2906899','CARAÍBAS',11),(1087,'2402303','CARAÚBAS',34),(1279,'2504074','CARAÚBAS',17),(709,'2202539','CARAÚBAS DO PIAUÍ',13),(2369,'3113503','CARBONITA',27),(1894,'2907004','CARDEAL DA SILVA',11),(3361,'3510708','CARDOSO',24),(3166,'3301157','CARDOSO MOREIRA',29),(2370,'3113602','CAREAÇU',27),(84,'1301100','CAREIRO',20),(85,'1301159','CAREIRO DA VÁRZEA',20),(3088,'3201308','CARIACICA',28),(914,'2303006','CARIDADE',14),(710,'2202554','CARIDADE DO PIAUÍ',13),(1895,'2907103','CARINHANHA',11),(1745,'2801405','CARIRA',19),(333,'1703867','CARIRI DO TOCANTINS',25),(916,'2303204','CARIRIAÇU',14),(915,'2303105','CARIRÉ',14),(917,'2303303','CARIÚS',14),(5144,'5102793','CARLINDA',26),(4656,'4304804','CARLOS BARBOSA',32),(2371,'3113701','CARLOS CHAGAS',27),(4657,'4304853','CARLOS GOMES',32),(3951,'4104709','CARLÓPOLIS',15),(3167,'3301207','CARMO',29),(2373,'3113909','CARMO DA CACHOEIRA',27),(2374,'3114006','CARMO DA MATA',27),(2375,'3114105','CARMO DE MINAS',27),(2376,'3114204','CARMO DO CAJURU',27),(2377,'3114303','CARMO DO PARANAÍBA',27),(2378,'3114402','CARMO DO RIO CLARO',27),(5299,'5205000','CARMO DO RIO VERDE',12),(334,'1703883','CARMOLÂNDIA',25),(2372,'3113800','CARMÉSIA',27),(1746,'2801504','CARMÓPOLIS',19),(2379,'3114501','CARMÓPOLIS DE MINAS',27),(1089,'2402501','CARNAUBAIS',34),(918,'2303402','CARNAUBAL',14),(1490,'2603926','CARNAUBEIRA DA PENHA',2),(1489,'2603900','CARNAÍBA',2),(1088,'2402402','CARNAÚBA DOS DANTAS',34),(2380,'3114550','CARNEIRINHO',27),(1650,'2701803','CARNEIROS',16),(135,'1400233','CAROEBE',18),(491,'2102804','CAROLINA',21),(1491,'2604007','CARPINA',2),(2381,'3114600','CARRANCAS',27),(1280,'2504108','CARRAPATEIRA',17),(335,'1703891','CARRASCO BONITO',25),(1492,'2604106','CARUARU',2),(492,'2102903','CARUTAPERA',21),(2383,'3114808','CARVALHOS',27),(2382,'3114709','CARVALHÓPOLIS',27),(3362,'3510807','CASA BRANCA',24),(2384,'3114907','CASA GRANDE',27),(1896,'2907202','CASA NOVA',11),(4658,'4304903','CASCA',32),(2385,'3115003','CASCALHO RICO',27),(919,'2303501','CASCAVEL',14),(3952,'4104808','CASCAVEL',15),(336,'1703909','CASEARA',25),(4659,'4304952','CASEIROS',32),(3168,'3301306','CASIMIRO DE ABREU',29),(1493,'2604155','CASINHAS',2),(1281,'2504157','CASSERENGUE',17),(5063,'5002902','CASSILÂNDIA',33),(179,'1502400','CASTANHAL',1),(5145,'5102850','CASTANHEIRA',26),(25,'1100908','CASTANHEIRAS',22),(3089,'3201407','CASTELO',28),(711,'2202604','CASTELO DO PIAUÍ',13),(5300,'5205059','CASTELÂNDIA',12),(3364,'3511003','CASTILHO',24),(3953,'4104907','CASTRO',15),(1897,'2907301','CASTRO ALVES',11),(2387,'3115300','CATAGUASES',27),(5301,'5205109','CATALÃO',12),(3365,'3511102','CATANDUVA',24),(3954,'4105003','CATANDUVAS',15),(4343,'4204004','CATANDUVAS',30),(920,'2303600','CATARINA',14),(2388,'3115359','CATAS ALTAS',27),(2389,'3115409','CATAS ALTAS DA NORUEGA',27),(1494,'2604205','CATENDE',2),(3366,'3511201','CATIGUÁ',24),(1282,'2504207','CATINGUEIRA',17),(1898,'2907400','CATOLÂNDIA',11),(1283,'2504306','CATOLÉ DO ROCHA',17),(1899,'2907509','CATU',11),(5476,'3115458','CATUJI',27),(921,'2303659','CATUNDA',14),(1900,'2907558','CATURAMA',11),(5302,'5205208','CATURAÍ',12),(1284,'2504355','CATURITÉ',17),(2390,'3115474','CATUTI',27),(4660,'4305009','CATUÍPE',32),(922,'2303709','CAUCAIA',14),(5303,'5205307','CAVALCANTE',12),(2391,'3115508','CAXAMBU',27),(4344,'4204103','CAXAMBU DO SUL',30),(493,'2103000','CAXIAS',21),(4661,'4305108','CAXIAS DO SUL',32),(712,'2202653','CAXINGÓ',13),(4330,'4203006','CAÇADOR',30),(3335,'3508504','CAÇAPAVA',24),(4627,'4302808','CAÇAPAVA DO SUL',32),(5289,'5204300','CAÇU',12),(1870,'2905107','CAÉM',11),(1090,'2402600','CEARÁ-MIRIM',34),(494,'2103109','CEDRAL',21),(3367,'3511300','CEDRAL',24),(923,'2303808','CEDRO',14),(1495,'2604304','CEDRO',2),(1747,'2801603','CEDRO DE SÃO JOÃO',19),(2392,'3115607','CEDRO DO ABAETÉ',27),(4345,'4204152','CELSO RAMOS',30),(337,'1704105','CENTENÁRIO',25),(4662,'4305116','CENTENÁRIO',32),(3955,'4105102','CENTENÁRIO DO SUL',15),(1901,'2907608','CENTRAL',11),(2393,'3115706','CENTRAL DE MINAS',27),(495,'2103125','CENTRAL DO MARANHÃO',21),(2394,'3115805','CENTRALINA',27),(496,'2103158','CENTRO DO GUILHERME',21),(497,'2103174','CENTRO NOVO DO MARANHÃO',21),(5483,'1100056','CEREJEIRAS',22),(5304,'5205406','CERES',12),(3368,'3511409','CERQUEIRA CÉSAR',24),(3369,'3511508','CERQUILHO',24),(4663,'4305124','CERRITO',32),(3956,'4105201','CERRO AZUL',15),(4664,'4305132','CERRO BRANCO',32),(1091,'2402709','CERRO CORÁ',34),(4665,'4305157','CERRO GRANDE',32),(4666,'4305173','CERRO GRANDE DO SUL',32),(4667,'4305207','CERRO LARGO',32),(4346,'4204178','CERRO NEGRO',30),(3370,'3511607','CESÁRIO LANGE',24),(5305,'5205455','CEZARINA',12),(2396,'3116001','CHALÉ',27),(4668,'4305306','CHAPADA',32),(339,'1705102','CHAPADA DA NATIVIDADE',25),(338,'1704600','CHAPADA DE AREIA',25),(2397,'3116100','CHAPADA DO NORTE',27),(5146,'5103007','CHAPADA DOS GUIMARÃES',26),(2398,'3116159','CHAPADA GAÚCHA',27),(498,'2103208','CHAPADINHA',21),(5306,'5205471','CHAPADÃO DO CÉU',12),(4347,'4204194','CHAPADÃO DO LAGEADO',30),(5064,'5002951','CHAPADÃO DO SUL',33),(4348,'4204202','CHAPECÓ',30),(3371,'3511706','CHARQUEADA',24),(4669,'4305355','CHARQUEADAS',32),(4670,'4305371','CHARRUA',32),(924,'2303907','CHAVAL',14),(3882,'3557204','CHAVANTES',24),(180,'1502509','CHAVES',1),(2399,'3116209','CHIADOR',27),(4671,'4305405','CHIAPETA',32),(3958,'4105409','CHOPINZINHO',15),(926,'2303956','CHOROZINHO',14),(1902,'2907707','CHORROCHÓ',11),(925,'2303931','CHORÓ',14),(26,'1100924','CHUPINGUAIA',22),(4673,'4305447','CHUVISCA',32),(4672,'4305439','CHUÍ',32),(2395,'3115904','CHÁCARA',27),(1496,'2604403','CHÃ DE ALEGRIA',2),(1497,'2604502','CHÃ GRANDE',2),(1651,'2701902','CHÃ PRETA',16),(3959,'4105508','CIANORTE',15),(3960,'4105607','CIDADE GAÚCHA',15),(5307,'5205497','CIDADE OCIDENTAL',12),(499,'2103257','CIDELÂNDIA',21),(4674,'4305454','CIDREIRA',32),(2400,'3116308','CIPOTÂNEA',27),(1904,'2907905','CIPÓ',11),(4675,'4305504','CIRÍACO',32),(2401,'3116407','CLARAVAL',27),(2402,'3116506','CLARO DOS POÇÕES',27),(3372,'3511904','CLEMENTINA',24),(3961,'4105706','CLEVELÂNDIA',15),(5490,'5103056','CLÁUDIA',26),(2403,'3116605','CLÁUDIO',27),(1905,'2908002','COARACI',11),(86,'1301209','COARI',20),(713,'2202703','COCAL',13),(714,'2202711','COCAL DE TELHA',13),(4349,'4204251','COCAL DO SUL',30),(715,'2202729','COCAL DOS ALVES',13),(5147,'5103106','COCALINHO',26),(5308,'5205513','COCALZINHO DE GOIÁS',12),(1906,'2908101','COCOS',11),(87,'1301308','CODAJÁS',20),(500,'2103307','CODÓ',21),(501,'2103406','COELHO NETO',21),(2404,'3116704','COIMBRA',27),(1652,'2702009','COITÉ DO NÓIA',16),(716,'2202737','COIVARAS',13),(181,'1502608','COLARES',1),(3090,'3201506','COLATINA',28),(3373,'3512001','COLINA',24),(502,'2103505','COLINAS',21),(4676,'4305587','COLINAS',32),(5309,'5205521','COLINAS DO SUL',12),(340,'1705508','COLINAS DO TOCANTINS',25),(399,'1716703','COLMÉIA',25),(3962,'4105805','COLOMBO',15),(3963,'4105904','COLORADO',15),(4677,'4305603','COLORADO',32),(5484,'1100064','COLORADO DO OESTE',22),(2405,'3116803','COLUNA',27),(5148,'5103205','COLÍDER',26),(3374,'3512100','COLÔMBIA',24),(717,'2202752','COLÔNIA DO GURGUÉIA',13),(718,'2202778','COLÔNIA DO PIAUÍ',13),(1653,'2702108','COLÔNIA LEOPOLDINA',16),(341,'1705557','COMBINADO',25),(2406,'3116902','COMENDADOR GOMES',27),(3163,'3300951','COMENDADOR LEVY GASPARIAN',29),(2407,'3117009','COMERCINHO',27),(5149,'5103304','COMODORO',26),(1285,'2504405','CONCEIÇÃO',17),(2408,'3117108','CONCEIÇÃO DA APARECIDA',27),(3091,'3201605','CONCEIÇÃO DA BARRA',28),(2386,'3115201','CONCEIÇÃO DA BARRA DE MINAS',27),(1907,'2908200','CONCEIÇÃO DA FEIRA',11),(2410,'3117306','CONCEIÇÃO DAS ALAGOAS',27),(2409,'3117207','CONCEIÇÃO DAS PEDRAS',27),(2411,'3117405','CONCEIÇÃO DE IPANEMA',27),(3169,'3301405','CONCEIÇÃO DE MACABU',29),(1908,'2908309','CONCEIÇÃO DO ALMEIDA',11),(182,'1502707','CONCEIÇÃO DO ARAGUAIA',1),(719,'2202802','CONCEIÇÃO DO CANINDÉ',13),(3092,'3201704','CONCEIÇÃO DO CASTELO',28),(1909,'2908408','CONCEIÇÃO DO COITÉ',11),(1910,'2908507','CONCEIÇÃO DO JACUÍPE',11),(503,'2103554','CONCEIÇÃO DO LAGO-AÇU',21),(2413,'3117504','CONCEIÇÃO DO MATO DENTRO',27),(2414,'3117603','CONCEIÇÃO DO PARÁ',27),(2415,'3117702','CONCEIÇÃO DO RIO VERDE',27),(342,'1705607','CONCEIÇÃO DO TOCANTINS',25),(2416,'3117801','CONCEIÇÃO DOS OUROS',27),(3375,'3512209','CONCHAL',24),(3376,'3512308','CONCHAS',24),(4350,'4204301','CONCÓRDIA',30),(183,'1502756','CONCÓRDIA DO PARÁ',1),(1286,'2504504','CONDADO',17),(1498,'2604601','CONDADO',2),(1287,'2504603','CONDE',17),(1911,'2908606','CONDE',11),(1912,'2908705','CONDEÚBA',11),(4678,'4305702','CONDOR',32),(2418,'3117876','CONFINS',27),(5150,'5103353','CONFRESA',26),(1288,'2504702','CONGO',17),(2419,'3117900','CONGONHAL',27),(2420,'3118007','CONGONHAS',27),(2421,'3118106','CONGONHAS DO NORTE',27),(3964,'4106001','CONGONHINHAS',15),(2422,'3118205','CONQUISTA',27),(2423,'3118304','CONSELHEIRO LAFAIETE',27),(3965,'4106100','CONSELHEIRO MAIRINCK',15),(2424,'3118403','CONSELHEIRO PENA',27),(2425,'3118502','CONSOLAÇÃO',27),(4679,'4305801','CONSTANTINA',32),(2426,'3118601','CONTAGEM',27),(3966,'4106209','CONTENDA',15),(1913,'2908804','CONTENDAS DO SINCORÁ',11),(2427,'3118700','COQUEIRAL',27),(1654,'2702207','COQUEIRO SECO',16),(4680,'4305850','COQUEIROS DO SUL',32),(2428,'3118809','CORAÇÃO DE JESUS',27),(1914,'2908903','CORAÇÃO DE MARIA',11),(3967,'4106308','CORBÉLIA',15),(3170,'3301504','CORDEIRO',29),(1915,'2909000','CORDEIROS',11),(3377,'3512407','CORDEIRÓPOLIS',24),(4351,'4204350','CORDILHEIRA ALTA',30),(2429,'3118908','CORDISBURGO',27),(2430,'3119005','CORDISLÂNDIA',27),(927,'2304004','COREAÚ',14),(1289,'2504801','COREMAS',17),(5065,'5003108','CORGUINHO',33),(1916,'2909109','CORIBE',11),(2431,'3119104','CORINTO',27),(3968,'4106407','CORNÉLIO PROCÓPIO',15),(2432,'3119203','COROACI',27),(3378,'3512506','COROADOS',24),(504,'2103604','COROATÁ',21),(2433,'3119302','COROMANDEL',27),(4681,'4305871','CORONEL BARROS',32),(4682,'4305900','CORONEL BICACO',32),(3969,'4106456','CORONEL DOMINGOS SOARES',15),(1092,'2402808','CORONEL EZEQUIEL',34),(2434,'3119401','CORONEL FABRICIANO',27),(4352,'4204400','CORONEL FREITAS',30),(720,'2202851','CORONEL JOSÉ DIAS',13),(1093,'2402907','CORONEL JOÃO PESSOA',34),(1917,'2909208','CORONEL JOÃO SÁ',11),(3379,'3512605','CORONEL MACEDO',24),(4353,'4204459','CORONEL MARTINS',30),(2435,'3119500','CORONEL MURTA',27),(2436,'3119609','CORONEL PACHECO',27),(5066,'5003157','CORONEL SAPUCAIA',33),(3970,'4106506','CORONEL VIVIDA',15),(2437,'3119708','CORONEL XAVIER CHAVES',27),(4355,'4204558','CORREIA PINTO',30),(721,'2202901','CORRENTE',13),(1499,'2604700','CORRENTES',2),(1918,'2909307','CORRENTINA',11),(1500,'2604809','CORTÊS',2),(3380,'3512704','CORUMBATAÍ',24),(3971,'4106555','CORUMBATAÍ DO SUL',15),(5312,'5205901','CORUMBAÍBA',12),(5485,'1100072','CORUMBIARA',22),(5067,'5003207','CORUMBÁ',33),(5311,'5205802','CORUMBÁ DE GOIÁS',12),(4354,'4204509','CORUPÁ',30),(1655,'2702306','CORURIPE',16),(3382,'3512902','COSMORAMA',24),(3381,'3512803','COSMÓPOLIS',24),(5486,'1100080','COSTA MARQUES',22),(5068,'5003256','COSTA RICA',33),(1919,'2909406','COTEGIPE',11),(3383,'3513009','COTIA',24),(4683,'4305959','COTIPORÃ',32),(5151,'5103379','COTRIGUAÇU',26),(343,'1706001','COUTO DE MAGALHÃES',25),(2442,'3120102','COUTO DE MAGALHÃES DE MINAS',27),(4684,'4305975','COXILHA',32),(5069,'5003306','COXIM',33),(1290,'2504850','COXIXOLA',17),(928,'2304103','CRATEÚS',14),(929,'2304202','CRATO',14),(3384,'3513108','CRAVINHOS',24),(1920,'2909505','CRAVOLÂNDIA',11),(1656,'2702355','CRAÍBAS',16),(4356,'4204608','CRICIÚMA',30),(4685,'4306007','CRISSIUMAL',32),(2444,'3120201','CRISTAIS',27),(3385,'3513207','CRISTAIS PAULISTA',24),(4686,'4306056','CRISTAL',32),(4687,'4306072','CRISTAL DO SUL',32),(5313,'5206206','CRISTALINA',12),(344,'1706100','CRISTALÂNDIA',25),(722,'2203008','CRISTALÂNDIA DO PIAUÍ',13),(2446,'3120409','CRISTIANO OTONI',27),(5314,'5206305','CRISTIANÓPOLIS',12),(2447,'3120508','CRISTINA',27),(723,'2203107','CRISTINO CASTRO',13),(1748,'2801702','CRISTINÁPOLIS',19),(2445,'3120300','CRISTÁLIA',27),(1922,'2909703','CRISTÓPOLIS',11),(2443,'3120151','CRISÓLITA',27),(1921,'2909604','CRISÓPOLIS',11),(5315,'5206404','CRIXÁS',12),(345,'1706258','CRIXÁS DO TOCANTINS',25),(930,'2304236','CROATÁ',14),(5316,'5206503','CROMÍNIA',12),(2448,'3120607','CRUCILÂNDIA',27),(931,'2304251','CRUZ',14),(4688,'4306106','CRUZ ALTA',32),(1923,'2909802','CRUZ DAS ALMAS',11),(1291,'2504900','CRUZ DO ESPÍRITO SANTO',17),(3975,'4106803','CRUZ MACHADO',15),(3387,'3513405','CRUZEIRO',24),(2449,'3120706','CRUZEIRO DA FORTALEZA',27),(3972,'4106571','CRUZEIRO DO IGUAÇU',15),(3973,'4106605','CRUZEIRO DO OESTE',15),(50,'1200203','CRUZEIRO DO SUL',8),(3974,'4106704','CRUZEIRO DO SUL',15),(4689,'4306205','CRUZEIRO DO SUL',32),(1094,'2403004','CRUZETA',34),(3976,'4106852','CRUZMALTINA',15),(3386,'3513306','CRUZÁLIA',24),(2450,'3120805','CRUZÍLIA',27),(1292,'2505006','CUBATI',17),(3388,'3513504','CUBATÃO',24),(5152,'5103403','CUIABÁ',26),(1294,'2505204','CUITEGI',17),(1293,'2505105','CUITÉ',17),(1295,'2505238','CUITÉ DE MAMANGUAPE',17),(27,'1100940','CUJUBIM',22),(5317,'5206602','CUMARI',12),(1501,'2604908','CUMARU',2),(184,'1502764','CUMARU DO NORTE',1),(1749,'2801900','CUMBE',19),(3389,'3513603','CUNHA',24),(4357,'4204707','CUNHA PORÃ',30),(4358,'4204756','CUNHATAÍ',30),(2451,'3120839','CUPARAQUE',27),(1502,'2605004','CUPIRA',2),(1924,'2909901','CURAÇÁ',11),(724,'2203206','CURIMATÁ',13),(185,'1502772','CURIONÓPOLIS',1),(3977,'4106902','CURITIBA',15),(4359,'4204806','CURITIBANOS',30),(3978,'4107009','CURIÚVA',15),(725,'2203230','CURRAIS',13),(1095,'2403103','CURRAIS NOVOS',34),(1296,'2505279','CURRAL DE CIMA',17),(2452,'3120870','CURRAL DE DENTRO',27),(727,'2203271','CURRAL NOVO DO PIAUÍ',13),(1297,'2505303','CURRAL VELHO',17),(186,'1502806','CURRALINHO',1),(726,'2203255','CURRALINHOS',13),(505,'2103703','CURURUPU',21),(187,'1502855','CURUÁ',1),(188,'1502905','CURUÇÁ',1),(2453,'3120904','CURVELO',27),(1503,'2605103','CUSTÓDIA',2),(291,'1600212','CUTIAS',10),(5137,'5102504','CÁCERES',26),(2412,'3115102','CÁSSIA',27),(3363,'3510906','CÁSSIA DOS COQUEIROS',24),(3945,'4104402','CÂNDIDO DE ABREU',15),(4644,'4304309','CÂNDIDO GODÓI',32),(488,'2102606','CÂNDIDO MENDES',21),(3353,'3510005','CÂNDIDO MOTA',24),(3354,'3510104','CÂNDIDO RODRIGUES',24),(1887,'2906709','CÂNDIDO SALES',11),(3957,'4105300','CÉU AZUL',15),(1903,'2907806','CÍCERO DANTAS',11),(2438,'3119807','CÓRREGO DANTA',27),(2439,'3119906','CÓRREGO DO BOM JESUS',27),(5310,'5205703','CÓRREGO DO OURO',12),(2440,'3119955','CÓRREGO FUNDO',27),(2441,'3120003','CÓRREGO NOVO',27),(2417,'3117836','CÔNEGO MARINHO',27),(5318,'5206701','DAMIANÓPOLIS',12),(1298,'2505352','DAMIÃO',17),(5319,'5206800','DAMOLÂNDIA',12),(346,'1706506','DARCINÓPOLIS',25),(2454,'3121001','DATAS',27),(4690,'4306304','DAVID CANABARRO',32),(506,'2103752','DAVINÓPOLIS',21),(5320,'5206909','DAVINÓPOLIS',12),(2455,'3121100','DELFIM MOREIRA',27),(2456,'3121209','DELFINÓPOLIS',27),(1657,'2702405','DELMIRO GOUVEIA',16),(2457,'3121258','DELTA',27),(728,'2203305','DEMERVAL LOBÃO',13),(5153,'5103452','DENISE',26),(5070,'5003454','DEODÁPOLIS',33),(932,'2304269','DEPUTADO IRAPUAN PINHEIRO',14),(4691,'4306320','DERRUBADAS',32),(3390,'3513702','DESCALVADO',24),(4360,'4204905','DESCANSO',30),(2458,'3121308','DESCOBERTO',27),(1299,'2505402','DESTERRO',17),(2459,'3121407','DESTERRO DE ENTRE RIOS',27),(2460,'3121506','DESTERRO DO MELO',27),(4692,'4306353','DEZESSEIS DE NOVEMBRO',32),(3391,'3513801','DIADEMA',24),(1301,'2505600','DIAMANTE',17),(3981,'4107157','DIAMANTE D\'OESTE',15),(3979,'4107108','DIAMANTE DO NORTE',15),(3980,'4107124','DIAMANTE DO SUL',15),(2461,'3121605','DIAMANTINA',27),(5154,'5103502','DIAMANTINO',26),(347,'1707009','DIANÓPOLIS',25),(1926,'2910057','DIAS D\'ÁVILA',11),(4693,'4306379','DILERMANDO DE AGUIAR',32),(2462,'3121704','DIOGO DE VASCONCELOS',27),(2463,'3121803','DIONÍSIO',27),(4361,'4205001','DIONÍSIO CERQUEIRA',30),(5321,'5207105','DIORAMA',12),(3392,'3513850','DIRCE REIS',24),(729,'2203354','DIRCEU ARCOVERDE',13),(1750,'2802007','DIVINA PASTORA',19),(2465,'3122009','DIVINO',27),(2466,'3122108','DIVINO DAS LARANJEIRAS',27),(3093,'3201803','DIVINO DE SÃO LOURENÇO',28),(3393,'3513900','DIVINOLÂNDIA',24),(2467,'3122207','DIVINOLÂNDIA DE MINAS',27),(2464,'3121902','DIVINÉSIA',27),(2468,'3122306','DIVINÓPOLIS',27),(5332,'5208301','DIVINÓPOLIS DE GOIÁS',12),(348,'1707108','DIVINÓPOLIS DO TOCANTINS',25),(2469,'3122355','DIVISA ALEGRE',27),(2470,'3122405','DIVISA NOVA',27),(2471,'3122454','DIVISÓPOLIS',27),(3394,'3514007','DOBRADA',24),(3395,'3514106','DOIS CÓRREGOS',24),(4694,'4306403','DOIS IRMÃOS',32),(4695,'4306429','DOIS IRMÃOS DAS MISSÕES',32),(5071,'5003488','DOIS IRMÃOS DO BURITI',33),(349,'1707207','DOIS IRMÃOS DO TOCANTINS',25),(4696,'4306452','DOIS LAJEADOS',32),(1658,'2702504','DOIS RIACHOS',16),(3982,'4107207','DOIS VIZINHOS',15),(3396,'3514205','DOLCINÓPOLIS',24),(5155,'5103601','DOM AQUINO',26),(1927,'2910107','DOM BASÍLIO',11),(2472,'3122470','DOM BOSCO',27),(2473,'3122504','DOM CAVATI',27),(189,'1502939','DOM ELISEU',1),(730,'2203404','DOM EXPEDITO LOPES',13),(4697,'4306502','DOM FELICIANO',32),(732,'2203453','DOM INOCÊNCIO',13),(2474,'3122603','DOM JOAQUIM',27),(1928,'2910206','DOM MACEDO COSTA',11),(4699,'4306601','DOM PEDRITO',32),(507,'2103802','DOM PEDRO',21),(4698,'4306551','DOM PEDRO DE ALCÂNTARA',32),(2475,'3122702','DOM SILVÉRIO',27),(2476,'3122801','DOM VIÇOSO',27),(3094,'3201902','DOMINGOS MARTINS',28),(731,'2203420','DOMINGOS MOURÃO',13),(4362,'4205100','DONA EMMA',30),(2477,'3122900','DONA EUZÉBIA',27),(4700,'4306700','DONA FRANCISCA',32),(1302,'2505709','DONA INÊS',17),(2478,'3123007','DORES DE CAMPOS',27),(2479,'3123106','DORES DE GUANHÃES',27),(2480,'3123205','DORES DO INDAIÁ',27),(3095,'3202009','DORES DO RIO PRETO',28),(2481,'3123304','DORES DO TURVO',27),(2482,'3123403','DORESÓPOLIS',27),(1504,'2605152','DORMENTES',2),(3983,'4107256','DOURADINA',15),(5072,'5003504','DOURADINA',33),(3397,'3514304','DOURADO',24),(2483,'3123502','DOURADOQUARA',27),(5073,'5003702','DOURADOS',33),(3984,'4107306','DOUTOR CAMARGO',15),(4701,'4306734','DOUTOR MAURÍCIO CARDOSO',32),(4363,'4205159','DOUTOR PEDRINHO',30),(4702,'4306759','DOUTOR RICARDO',32),(1096,'2403202','DOUTOR SEVERIANO',34),(4278,'4128633','DOUTOR ULYSSES',15),(5322,'5207253','DOVERLÂNDIA',12),(3398,'3514403','DRACENA',24),(3399,'3514502','DUARTINA',24),(3171,'3301603','DUAS BARRAS',29),(1303,'2505808','DUAS ESTRADAS',17),(350,'1707306','DUERÉ',25),(3400,'3514601','DUMONT',24),(508,'2103901','DUQUE BACELAR',21),(3172,'3301702','DUQUE DE CAXIAS',29),(2484,'3123528','DURANDÉ',27),(1925,'2910008','DÁRIO MEIRA',11),(3401,'3514700','ECHAPORÃ',24),(3096,'3202108','ECOPORANGA',28),(5323,'5207352','EDEALINA',12),(5324,'5207402','EDÉIA',12),(88,'1301407','EIRUNEPÉ',20),(3402,'3514809','ELDORADO',24),(5074,'5003751','ELDORADO',33),(4703,'4306767','ELDORADO DO SUL',32),(190,'1502954','ELDORADO DOS CARAJÁS',1),(733,'2203503','ELESBÃO VELOSO',13),(3403,'3514908','ELIAS FAUSTO',24),(734,'2203602','ELISEU MARTINS',13),(3404,'3514924','ELISIÁRIO',24),(1929,'2910305','ELÍSIO MEDRADO',11),(2485,'3123601','ELÓI MENDES',27),(1304,'2505907','EMAS',17),(3405,'3514957','EMBAÚBA',24),(3406,'3515004','EMBU',24),(3407,'3515103','EMBU-GUAÇU',24),(3408,'3515129','EMILIANÓPOLIS',24),(4704,'4306809','ENCANTADO',32),(1098,'2403301','ENCANTO',34),(1930,'2910404','ENCRUZILHADA',11),(4705,'4306908','ENCRUZILHADA DO SUL',32),(3986,'4107504','ENGENHEIRO BELTRÃO',15),(2486,'3123700','ENGENHEIRO CALDAS',27),(3409,'3515152','ENGENHEIRO COELHO',24),(2487,'3123809','ENGENHEIRO NAVARRO',27),(3173,'3301801','ENGENHEIRO PAULO DE FRONTIN',29),(4706,'4306924','ENGENHO VELHO',32),(2488,'3123858','ENTRE FOLHAS',27),(1931,'2910503','ENTRE RIOS',11),(4364,'4205175','ENTRE RIOS',30),(2489,'3123908','ENTRE RIOS DE MINAS',27),(3988,'4107538','ENTRE RIOS DO OESTE',15),(4708,'4306957','ENTRE RIOS DO SUL',32),(4707,'4306932','ENTRE-IJUÍS',32),(89,'1301506','ENVIRA',20),(3985,'4107405','ENÉAS MARQUES',15),(51,'1200252','EPITACIOLÂNDIA',8),(1099,'2403400','EQUADOR',34),(4709,'4306973','EREBANGO',32),(4710,'4307005','ERECHIM',32),(933,'2304277','ERERÊ',14),(4365,'4205191','ERMO',30),(4711,'4307054','ERNESTINA',32),(4713,'4307203','ERVAL GRANDE',32),(4714,'4307302','ERVAL SECO',32),(4366,'4205209','ERVAL VELHO',30),(2490,'3124005','ERVÁLIA',27),(1505,'2605202','ESCADA',2),(4715,'4307401','ESMERALDA',32),(2491,'3124104','ESMERALDAS',27),(2492,'3124203','ESPERA FELIZ',27),(351,'1707405','ESPERANTINA',25),(735,'2203701','ESPERANTINA',13),(509,'2104008','ESPERANTINÓPOLIS',21),(1305,'2506004','ESPERANÇA',17),(4716,'4307450','ESPERANÇA DO SUL',32),(3987,'4107520','ESPERANÇA NOVA',15),(3989,'4107546','ESPIGÃO ALTO DO IGUAÇU',15),(1,'1100098','ESPIGÃO D\'OESTE',22),(2493,'3124302','ESPINOSA',27),(1932,'2910602','ESPLANADA',11),(4717,'4307500','ESPUMOSO',32),(1100,'2403509','ESPÍRITO SANTO',34),(2494,'3124401','ESPÍRITO SANTO DO DOURADO',27),(3410,'3515186','ESPÍRITO SANTO DO PINHAL',24),(3411,'3515194','ESPÍRITO SANTO DO TURVO',24),(4718,'4307559','ESTAÇÃO',32),(4720,'4307708','ESTEIO',32),(2495,'3124500','ESTIVA',27),(3883,'3557303','ESTIVA GERBI',24),(510,'2104057','ESTREITO',21),(4721,'4307807','ESTRELA',32),(3412,'3515202','ESTRELA D\'OESTE',24),(2496,'3124609','ESTRELA DALVA',27),(1659,'2702553','ESTRELA DE ALAGOAS',16),(2497,'3124708','ESTRELA DO INDAIÁ',27),(3413,'3515301','ESTRELA DO NORTE',24),(5325,'5207501','ESTRELA DO NORTE',12),(2498,'3124807','ESTRELA DO SUL',27),(4722,'4307815','ESTRELA VELHA',32),(1751,'2802106','ESTÂNCIA',19),(4719,'4307609','ESTÂNCIA VELHA',32),(1933,'2910701','EUCLIDES DA CUNHA',11),(3414,'3515350','EUCLIDES DA CUNHA PAULISTA',24),(2499,'3124906','EUGENÓPOLIS',27),(4723,'4307831','EUGÊNIO DE CASTRO',32),(1934,'2910727','EUNÁPOLIS',11),(934,'2304285','EUSÉBIO',14),(2500,'3125002','EWBANK DA CÂMARA',27),(2501,'3125101','EXTREMA',27),(1101,'2403608','EXTREMOZ',34),(5488,'2605301','EXU',2),(1306,'2506103','FAGUNDES',17),(4724,'4307864','FAGUNDES VARELA',32),(5326,'5207535','FAINA',12),(2502,'3125200','FAMA',27),(2503,'3125309','FARIA LEMOS',27),(935,'2304301','FARIAS BRITO',14),(191,'1503002','FARO',1),(3990,'4107553','FAROL',15),(4725,'4307906','FARROUPILHA',32),(3415,'3515400','FARTURA',24),(736,'2203750','FARTURA DO PIAUÍ',13),(3991,'4107603','FAXINAL',15),(4726,'4308003','FAXINAL DO SOTURNO',32),(4367,'4205308','FAXINAL DOS GUEDES',30),(4727,'4308052','FAXINALZINHO',32),(5327,'5207600','FAZENDA NOVA',12),(3992,'4107652','FAZENDA RIO GRANDE',15),(4728,'4308078','FAZENDA VILANOVA',32),(52,'1200302','FEIJÓ',8),(1936,'2910776','FEIRA DA MATA',11),(1937,'2910800','FEIRA DE SANTANA',11),(1660,'2702603','FEIRA GRANDE',16),(1506,'2605400','FEIRA NOVA',2),(1752,'2802205','FEIRA NOVA',19),(511,'2104073','FEIRA NOVA DO MARANHÃO',21),(1102,'2403707','FELIPE GUERRA',34),(2506,'3125606','FELISBURGO',27),(2507,'3125705','FELIXLÂNDIA',27),(4729,'4308102','FELIZ',32),(1661,'2702702','FELIZ DESERTO',16),(5156,'5103700','FELIZ NATAL',26),(2504,'3125408','FELÍCIO DOS SANTOS',27),(3994,'4107736','FERNANDES PINHEIRO',15),(2508,'3125804','FERNANDES TOURINHO',27),(1507,'2605459','FERNANDO DE NORONHA',2),(512,'2104081','FERNANDO FALCÃO',21),(1103,'2403756','FERNANDO PEDROZA',34),(3417,'3515608','FERNANDO PRESTES',24),(3416,'3515509','FERNANDÓPOLIS',24),(3418,'3515657','FERNÃO',24),(3419,'3515707','FERRAZ DE VASCONCELOS',24),(292,'1600238','FERREIRA GOMES',10),(1508,'2605509','FERREIROS',2),(2509,'3125903','FERROS',27),(2510,'3125952','FERVEDOURO',27),(3995,'4107751','FIGUEIRA',15),(353,'1707652','FIGUEIRÓPOLIS',25),(5157,'5103809','FIGUEIRÓPOLIS D\'OESTE',26),(354,'1707702','FILADÉLFIA',25),(1938,'2910859','FILADÉLFIA',11),(1939,'2910909','FIRMINO ALVES',11),(5328,'5207808','FIRMINÓPOLIS',12),(1662,'2702801','FLEXEIRAS',16),(3997,'4107850','FLOR DA SERRA DO SUL',15),(4368,'4205357','FLOR DO SERTÃO',30),(3420,'3515806','FLORA RICA',24),(3996,'4107801','FLORAÍ',15),(3421,'3515905','FLOREAL',24),(1509,'2605608','FLORES',2),(4730,'4308201','FLORES DA CUNHA',32),(5329,'5207907','FLORES DE GOIÁS',12),(737,'2203800','FLORES DO PIAUÍ',13),(1510,'2605707','FLORESTA',2),(3998,'4107900','FLORESTA',15),(1940,'2911006','FLORESTA AZUL',11),(192,'1503044','FLORESTA DO ARAGUAIA',1),(738,'2203859','FLORESTA DO PIAUÍ',13),(2511,'3126000','FLORESTAL',27),(3999,'4108007','FLORESTÓPOLIS',15),(739,'2203909','FLORIANO',13),(4731,'4308250','FLORIANO PEIXOTO',32),(4369,'4205407','FLORIANÓPOLIS',30),(1104,'2403806','FLORÂNIA',34),(3423,'3516101','FLORÍNIA',24),(4000,'4108106','FLÓRIDA',15),(3422,'3516002','FLÓRIDA PAULISTA',24),(90,'1301605','FONTE BOA',20),(4732,'4308300','FONTOURA XAVIER',32),(2512,'3126109','FORMIGA',27),(4733,'4308409','FORMIGUEIRO',32),(5330,'5208004','FORMOSA',12),(513,'2104099','FORMOSA DA SERRA NEGRA',21),(4001,'4108205','FORMOSA DO OESTE',15),(1941,'2911105','FORMOSA DO RIO PRETO',11),(4370,'4205431','FORMOSA DO SUL',30),(2513,'3126208','FORMOSO',27),(5331,'5208103','FORMOSO',12),(355,'1708205','FORMOSO DO ARAGUAIA',25),(936,'2304350','FORQUILHA',14),(4371,'4205456','FORQUILHINHA',30),(937,'2304400','FORTALEZA',14),(2514,'3126307','FORTALEZA DE MINAS',27),(356,'1708254','FORTALEZA DO TABOCÃO',25),(514,'2104107','FORTALEZA DOS NOGUEIRAS',21),(4734,'4308458','FORTALEZA DOS VALOS',32),(938,'2304459','FORTIM',14),(515,'2104206','FORTUNA',21),(2515,'3126406','FORTUNA DE MINAS',27),(4002,'4108304','FOZ DO IGUAÇU',15),(4005,'4108452','FOZ DO JORDÃO',15),(4372,'4205506','FRAIBURGO',30),(3424,'3516200','FRANCA',24),(740,'2204006','FRANCINÓPOLIS',13),(4003,'4108320','FRANCISCO ALVES',15),(741,'2204105','FRANCISCO AYRES',13),(2516,'3126505','FRANCISCO BADARÓ',27),(4004,'4108403','FRANCISCO BELTRÃO',15),(1105,'2403905','FRANCISCO DANTAS',34),(2517,'3126604','FRANCISCO DUMONT',27),(742,'2204154','FRANCISCO MACEDO',13),(3425,'3516309','FRANCISCO MORATO',24),(743,'2204204','FRANCISCO SANTOS',13),(2518,'3126703','FRANCISCO SÁ',27),(2519,'3126752','FRANCISCÓPOLIS',27),(3426,'3516408','FRANCO DA ROCHA',24),(939,'2304509','FRECHEIRINHA',14),(4735,'4308508','FREDERICO WESTPHALEN',32),(2520,'3126802','FREI GASPAR',27),(2521,'3126901','FREI INOCÊNCIO',27),(2522,'3126950','FREI LAGONEGRO',27),(1307,'2506202','FREI MARTINHO',17),(1511,'2605806','FREI MIGUELINHO',2),(1753,'2802304','FREI PAULO',19),(4373,'4205555','FREI ROGÉRIO',30),(2523,'3127008','FRONTEIRA',27),(2524,'3127057','FRONTEIRA DOS VALES',27),(744,'2204303','FRONTEIRAS',13),(2525,'3127073','FRUTA DE LEITE',27),(2526,'3127107','FRUTAL',27),(1106,'2404002','FRUTUOSO GOMES',34),(5479,'3202207','FUNDÃO',28),(2527,'3127206','FUNILÂNDIA',27),(352,'1707553','FÁTIMA',25),(1935,'2910750','FÁTIMA',11),(5075,'5003801','FÁTIMA DO SUL',33),(3993,'4107702','FÊNIX',15),(3427,'3516507','GABRIEL MONTEIRO',24),(1308,'2506251','GADO BRAVO',17),(2528,'3127305','GALILÉIA',27),(1107,'2404101','GALINHOS',34),(4374,'4205605','GALVÃO',30),(1512,'2605905','GAMELEIRA',2),(2529,'3127339','GAMELEIRAS',27),(1942,'2911204','GANDU',11),(1513,'2606002','GARANHUNS',2),(1754,'2802403','GARARU',19),(4736,'4308607','GARIBALDI',32),(4375,'4205704','GAROPABA',30),(193,'1503077','GARRAFÃO DO NORTE',1),(4737,'4308656','GARRUCHOS',32),(4376,'4205803','GARUVA',30),(3429,'3516705','GARÇA',24),(4377,'4205902','GASPAR',30),(3430,'3516804','GASTÃO VIDIGAL',24),(4738,'4308706','GAURAMA',32),(1943,'2911253','GAVIÃO',11),(3431,'3516853','GAVIÃO PEIXOTO',24),(5158,'5103858','GAÚCHA DO NORTE',26),(745,'2204352','GEMINIANO',13),(4006,'4108502','GENERAL CARNEIRO',15),(5159,'5103908','GENERAL CARNEIRO',26),(4739,'4308805','GENERAL CÂMARA',32),(1755,'2802502','GENERAL MAYNARD',19),(3432,'3516903','GENERAL SALGADO',24),(940,'2304608','GENERAL SAMPAIO',14),(4740,'4308854','GENTIL',32),(1944,'2911303','GENTIO DO OURO',11),(3433,'3517000','GETULINA',24),(4741,'4308904','GETÚLIO VARGAS',32),(746,'2204402','GILBUÉS',13),(1663,'2702900','GIRAU DO PONCIANO',16),(4742,'4309001','GIRUÁ',32),(2530,'3127354','GLAUCILÂNDIA',27),(3434,'3517109','GLICÉRIO',24),(4743,'4309050','GLORINHA',32),(1945,'2911402','GLÓRIA',11),(5160,'5103957','GLÓRIA D\'OESTE',26),(5076,'5004007','GLÓRIA DE DOURADOS',33),(1514,'2606101','GLÓRIA DO GOITÁ',2),(516,'2104305','GODOFREDO VIANA',21),(4007,'4108551','GODOY MOREIRA',15),(2531,'3127370','GOIABEIRA',27),(1515,'2606200','GOIANA',2),(5334,'5208509','GOIANDIRA',12),(1108,'2404200','GOIANINHA',34),(5337,'5208806','GOIANIRA',12),(357,'1708304','GOIANORTE',25),(2532,'3127388','GOIANÁ',27),(5333,'5208400','GOIANÁPOLIS',12),(5335,'5208608','GOIANÉSIA',12),(194,'1503093','GOIANÉSIA DO PARÁ',1),(358,'1709005','GOIATINS',25),(5339,'5209101','GOIATUBA',12),(4008,'4108601','GOIOERÊ',15),(4009,'4108650','GOIOXIM',15),(5338,'5208905','GOIÁS',12),(5336,'5208707','GOIÂNIA',12),(1946,'2911501','GONGOGI',11),(2534,'3127503','GONZAGA',27),(2533,'3127404','GONÇALVES',27),(517,'2104404','GONÇALVES DIAS',21),(5340,'5209150','GOUVELÂNDIA',12),(2535,'3127602','GOUVÊA',27),(518,'2104503','GOVERNADOR ARCHER',21),(4378,'4206009','GOVERNADOR CELSO RAMOS',30),(1109,'2404309','GOVERNADOR DIX-SEPT ROSADO',34),(519,'2104552','GOVERNADOR EDISON LOBÃO',21),(520,'2104602','GOVERNADOR EUGÊNIO BARROS',21),(28,'1101005','GOVERNADOR JORGE TEIXEIRA',22),(521,'2104628','GOVERNADOR LUIZ ROCHA',21),(1947,'2911600','GOVERNADOR MANGABEIRA',11),(522,'2104651','GOVERNADOR NEWTON BELLO',21),(523,'2104677','GOVERNADOR NUNES FREIRE',21),(2536,'3127701','GOVERNADOR VALADARES',27),(1756,'2802601','GRACHO CARDOSO',19),(525,'2104800','GRAJAÚ',21),(4744,'4309100','GRAMADO',32),(4745,'4309126','GRAMADO DOS LOUREIROS',32),(4746,'4309159','GRAMADO XAVIER',32),(4010,'4108700','GRANDES RIOS',15),(1516,'2606309','GRANITO',2),(942,'2304707','GRANJA',14),(943,'2304806','GRANJEIRO',14),(4380,'4206207','GRAVATAL',30),(4747,'4309209','GRAVATAÍ',32),(1517,'2606408','GRAVATÁ',2),(941,'2304657','GRAÇA',14),(524,'2104701','GRAÇA ARANHA',21),(944,'2304905','GROAÍRAS',14),(1110,'2404408','GROSSOS',34),(2538,'3127909','GRUPIARA',27),(2537,'3127800','GRÃO MOGOL',27),(4379,'4206108','GRÃO PARÁ',30),(4748,'4309258','GUABIJU',32),(4381,'4206306','GUABIRUBA',30),(747,'2204501','GUADALUPE',13),(3436,'3517307','GUAIMBÊ',24),(4012,'4108908','GUAIRAÇÁ',15),(3435,'3517208','GUAIÇARA',24),(945,'2304954','GUAIÚBA',14),(91,'1301654','GUAJARÁ',20),(2,'1100106','GUAJARÁ-MIRIM',22),(1948,'2911659','GUAJERU',11),(1111,'2404507','GUAMARÉ',34),(4013,'4108957','GUAMIRANGA',15),(1949,'2911709','GUANAMBI',11),(2539,'3128006','GUANHÃES',27),(3439,'3517604','GUAPIARA',24),(3438,'3517505','GUAPIAÇU',24),(3174,'3301850','GUAPIMIRIM',29),(4014,'4109005','GUAPIRAMA',15),(4015,'4109104','GUAPOREMA',15),(4750,'4309407','GUAPORÉ',32),(2540,'3128105','GUAPÉ',27),(5341,'5209200','GUAPÓ',12),(1309,'2506301','GUARABIRA',17),(3442,'3517901','GUARACI',24),(4016,'4109203','GUARACI',15),(2541,'3128204','GUARACIABA',27),(4382,'4206405','GUARACIABA',30),(946,'2305001','GUARACIABA DO NORTE',14),(2542,'3128253','GUARACIAMA',27),(947,'2305100','GUARAMIRANGA',14),(4383,'4206504','GUARAMIRIM',30),(2544,'3128402','GUARANI',27),(3443,'3518008','GUARANI D\'OESTE',24),(4751,'4309506','GUARANI DAS MISSÕES',32),(5343,'5209408','GUARANI DE GOIÁS',12),(4017,'4109302','GUARANIAÇU',15),(3444,'3518107','GUARANTÃ',24),(5161,'5104104','GUARANTÃ DO NORTE',26),(2543,'3128303','GUARANÉSIA',27),(3098,'3202405','GUARAPARI',28),(4018,'4109401','GUARAPUAVA',15),(4019,'4109500','GUARAQUEÇABA',15),(3445,'3518206','GUARARAPES',24),(3446,'3518305','GUARAREMA',24),(2545,'3128501','GUARARÁ',27),(1950,'2911808','GUARATINGA',11),(3447,'3518404','GUARATINGUETÁ',24),(4020,'4109609','GUARATUBA',15),(3441,'3517802','GUARAÇAÍ',24),(359,'1709302','GUARAÍ',25),(5342,'5209291','GUARAÍTA',12),(2546,'3128600','GUARDA-MOR',27),(3448,'3518503','GUAREÍ',24),(3449,'3518602','GUARIBA',24),(748,'2204550','GUARIBAS',13),(5344,'5209457','GUARINOS',12),(3450,'3518701','GUARUJÁ',24),(4384,'4206603','GUARUJÁ DO SUL',30),(3451,'3518800','GUARULHOS',24),(3440,'3517703','GUARÁ',24),(4385,'4206652','GUATAMBÚ',30),(3452,'3518859','GUATAPARÁ',24),(2547,'3128709','GUAXUPÉ',27),(3097,'3202306','GUAÇUÍ',28),(4749,'4309308','GUAÍBA',32),(3437,'3517406','GUAÍRA',24),(4011,'4108809','GUAÍRA',15),(5077,'5004106','GUIA LOPES DA LAGUNA',33),(2548,'3128808','GUIDOVAL',27),(2549,'3128907','GUIMARÂNIA',27),(526,'2104909','GUIMARÃES',21),(5162,'5104203','GUIRATINGA',26),(2550,'3129004','GUIRICEMA',27),(2551,'3129103','GURINHATÃ',27),(1310,'2506400','GURINHÉM',17),(1311,'2506509','GURJÃO',17),(360,'1709500','GURUPI',25),(195,'1503101','GURUPÁ',1),(3453,'3518909','GUZOLÂNDIA',24),(3428,'3516606','GÁLIA',24),(4752,'4309555','HARMONIA',32),(5345,'5209606','HEITORAÍ',12),(2552,'3129202','HELIODORA',27),(1951,'2911857','HELIÓPOLIS',11),(3454,'3519006','HERCULÂNDIA',24),(4712,'4307104','HERVAL',32),(4386,'4206702','HERVAL D\'OESTE',30),(4753,'4309571','HERVEIRAS',32),(5347,'5209804','HIDROLINA',12),(948,'2305209','HIDROLÂNDIA',14),(5346,'5209705','HIDROLÂNDIA',12),(3455,'3519055','HOLAMBRA',24),(4021,'4109658','HONÓRIO SERPA',15),(949,'2305233','HORIZONTE',14),(4754,'4309605','HORIZONTINA',32),(3456,'3519071','HORTOLÂNDIA',24),(749,'2204600','HUGO NAPOLEÃO',13),(4755,'4309654','HULHA NEGRA',32),(92,'1301704','HUMAITÁ',20),(4756,'4309704','HUMAITÁ',32),(527,'2105005','HUMBERTO DE CAMPOS',21),(3457,'3519105','IACANGA',24),(5348,'5209903','IACIARA',12),(3458,'3519204','IACRI',24),(2553,'3129301','IAPU',27),(3459,'3519253','IARAS',24),(1518,'2606507','IATI',2),(1952,'2911907','IAÇU',11),(4022,'4109708','IBAITI',15),(4757,'4309753','IBARAMA',32),(950,'2305266','IBARETAMA',14),(1664,'2703007','IBATEGUARA',16),(3099,'3202454','IBATIBA',28),(3460,'3519303','IBATÉ',24),(4023,'4109757','IBEMA',15),(2554,'3129400','IBERTIOGA',27),(4387,'4206751','IBIAM',30),(951,'2305308','IBIAPINA',14),(1312,'2506608','IBIARA',17),(1953,'2912004','IBIASSUCÊ',11),(4758,'4309803','IBIAÇÁ',32),(2556,'3129608','IBIAÍ',27),(1954,'2912103','IBICARAÍ',11),(4388,'4206801','IBICARÉ',30),(1955,'2912202','IBICOARA',11),(952,'2305332','IBICUITINGA',14),(1956,'2912301','IBICUÍ',11),(1519,'2606606','IBIMIRIM',2),(1957,'2912400','IBIPEBA',11),(1958,'2912509','IBIPITANGA',11),(4024,'4109807','IBIPORÃ',15),(1959,'2912608','IBIQUERA',11),(2557,'3129657','IBIRACATU',27),(2558,'3129707','IBIRACI',27),(4759,'4309902','IBIRAIARAS',32),(1520,'2606705','IBIRAJUBA',2),(4389,'4206900','IBIRAMA',30),(1960,'2912707','IBIRAPITANGA',11),(4760,'4309951','IBIRAPUITÃ',32),(1961,'2912806','IBIRAPUÃ',11),(3462,'3519501','IBIRAREMA',24),(1962,'2912905','IBIRATAIA',11),(3100,'3202504','IBIRAÇU',28),(2559,'3129806','IBIRITÉ',27),(4761,'4310009','IBIRUBÁ',32),(3461,'3519402','IBIRÁ',24),(1963,'2913002','IBITIARA',11),(3463,'3519600','IBITINGA',24),(3101,'3202553','IBITIRAMA',28),(1964,'2913101','IBITITÁ',11),(2560,'3129905','IBITIÚRA DE MINAS',27),(2561,'3130002','IBITURUNA',27),(2555,'3129509','IBIÁ',27),(3464,'3519709','IBIÚNA',24),(1965,'2913200','IBOTIRAMA',11),(953,'2305357','ICAPUÍ',14),(2562,'3130051','ICARAÍ DE MINAS',27),(4025,'4109906','ICARAÍMA',15),(528,'2105104','ICATU',21),(1966,'2913309','ICHU',11),(3102,'3202603','ICONHA',28),(3465,'3519808','ICÉM',24),(954,'2305407','ICÓ',14),(1112,'2404606','IELMO MARINHO',34),(3466,'3519907','IEPÊ',24),(1665,'2703106','IGACI',16),(1967,'2913408','IGAPORÃ',11),(1261,'2502607','IGARACY',17),(3468,'3520103','IGARAPAVA',24),(2563,'3130101','IGARAPÉ',27),(529,'2105153','IGARAPÉ DO MEIO',21),(530,'2105203','IGARAPÉ GRANDE',21),(196,'1503200','IGARAPÉ-AÇU',1),(197,'1503309','IGARAPÉ-MIRI',1),(1521,'2606804','IGARASSU',2),(2564,'3130200','IGARATINGA',27),(3469,'3520202','IGARATÁ',24),(3467,'3520004','IGARAÇU DO TIETÊ',24),(1968,'2913457','IGRAPIÚNA',11),(1666,'2703205','IGREJA NOVA',16),(4762,'4310108','IGREJINHA',32),(3175,'3301876','IGUABA GRANDE',29),(3470,'3520301','IGUAPE',24),(1522,'2606903','IGUARACI',2),(4026,'4110003','IGUARAÇU',15),(2565,'3130309','IGUATAMA',27),(5078,'5004304','IGUATEMI',33),(955,'2305506','IGUATU',14),(4027,'4110052','IGUATU',15),(1969,'2913507','IGUAÍ',11),(2566,'3130408','IJACI',27),(4763,'4310207','IJUÍ',32),(3472,'3520426','ILHA COMPRIDA',24),(1757,'2802700','ILHA DAS FLORES',19),(750,'2204659','ILHA GRANDE',13),(3473,'3520442','ILHA SOLTEIRA',24),(3471,'3520400','ILHABELA',24),(4391,'4207106','ILHOTA',30),(1970,'2913606','ILHÉUS',11),(2567,'3130507','ILICÍNEA',27),(4764,'4310306','ILÓPOLIS',32),(1313,'2506707','IMACULADA',17),(4392,'4207205','IMARUÍ',30),(4028,'4110078','IMBAÚ',15),(4393,'4207304','IMBITUBA',30),(4029,'4110102','IMBITUVA',15),(4394,'4207403','IMBUIA',30),(4765,'4310330','IMBÉ',32),(2568,'3130556','IMBÉ DE MINAS',27),(4766,'4310363','IMIGRANTE',32),(531,'2105302','IMPERATRIZ',21),(5349,'5209937','INACIOLÂNDIA',12),(1523,'2607000','INAJÁ',2),(4031,'4110300','INAJÁ',15),(2569,'3130606','INCONFIDENTES',27),(2570,'3130655','INDAIABIRA',27),(4395,'4207502','INDAIAL',30),(3474,'3520509','INDAIATUBA',24),(956,'2305605','INDEPENDÊNCIA',14),(4767,'4310405','INDEPENDÊNCIA',32),(3475,'3520608','INDIANA',24),(2571,'3130705','INDIANÓPOLIS',27),(4032,'4110409','INDIANÓPOLIS',15),(3476,'3520707','INDIAPORÃ',24),(5350,'5209952','INDIARA',12),(1758,'2802809','INDIAROBA',19),(5163,'5104500','INDIAVAÍ',26),(1524,'2607109','INGAZEIRA',2),(2572,'3130804','INGAÍ',27),(1314,'2506806','INGÁ',17),(4768,'4310413','INHACORÁ',32),(1971,'2913705','INHAMBUPE',11),(198,'1503408','INHANGAPI',1),(1667,'2703304','INHAPI',16),(2573,'3130903','INHAPIM',27),(2574,'3131000','INHAÚMA',27),(751,'2204709','INHUMA',13),(5351,'5210000','INHUMAS',12),(2575,'3131109','INIMUTABA',27),(5079,'5004403','INOCÊNCIA',33),(4030,'4110201','INÁCIO MARTINS',15),(3477,'3520806','INÚBIA PAULISTA',24),(4396,'4207577','IOMERÊ',30),(2576,'3131158','IPABA',27),(5352,'5210109','IPAMERI',12),(2577,'3131208','IPANEMA',27),(1113,'2404705','IPANGUAÇU',34),(957,'2305654','IPAPORANGA',14),(2578,'3131307','IPATINGA',27),(958,'2305704','IPAUMIRIM',14),(3478,'3520905','IPAUÇU',24),(1972,'2913804','IPECAETÁ',11),(3479,'3521002','IPERÓ',24),(3480,'3521101','IPEÚNA',24),(2579,'3131406','IPIAÇU',27),(1973,'2913903','IPIAÚ',11),(3481,'3521150','IPIGUÁ',24),(4397,'4207601','IPIRA',30),(4033,'4110508','IPIRANGA',15),(752,'2204808','IPIRANGA DO PIAUÍ',13),(4770,'4310462','IPIRANGA DO SUL',32),(1974,'2914000','IPIRÁ',11),(93,'1301803','IPIXUNA',20),(199,'1503457','IPIXUNA DO PARÁ',1),(1525,'2607208','IPOJUCA',2),(3482,'3521200','IPORANGA',24),(5353,'5210208','IPORÁ',12),(4034,'4110607','IPORÃ',15),(4398,'4207650','IPORÃ DO OESTE',30),(959,'2305803','IPU',14),(4399,'4207684','IPUAÇU',30),(1526,'2607307','IPUBI',2),(1114,'2404804','IPUEIRA',34),(361,'1709807','IPUEIRAS',25),(960,'2305902','IPUEIRAS',14),(2580,'3131505','IPUIÚNA',27),(4400,'4207700','IPUMIRIM',30),(1975,'2914109','IPUPIARA',11),(3483,'3521309','IPUÃ',24),(4769,'4310439','IPÊ',32),(136,'1400282','IRACEMA',18),(961,'2306009','IRACEMA',14),(4035,'4110656','IRACEMA DO OESTE',15),(4401,'4207759','IRACEMINHA',30),(3484,'3521408','IRACEMÁPOLIS',24),(1976,'2914208','IRAJUBA',11),(1977,'2914307','IRAMAIA',11),(94,'1301852','IRANDUBA',20),(4402,'4207809','IRANI',30),(3486,'3521606','IRAPURU',24),(3485,'3521507','IRAPUÃ',24),(1978,'2914406','IRAQUARA',11),(1979,'2914505','IRARÁ',11),(4036,'4110706','IRATI',15),(4403,'4207858','IRATI',30),(962,'2306108','IRAUÇUBA',14),(4771,'4310504','IRAÍ',32),(2581,'3131604','IRAÍ DE MINAS',27),(1980,'2914604','IRECÊ',11),(4037,'4110805','IRETAMA',15),(4404,'4207908','IRINEÓPOLIS',30),(200,'1503507','IRITUIA',1),(3103,'3202652','IRUPI',28),(753,'2204907','ISAÍAS COELHO',13),(5354,'5210307','ISRAELÂNDIA',12),(4772,'4310538','ITAARA',32),(1315,'2506905','ITABAIANA',17),(1759,'2802908','ITABAIANA',19),(1760,'2803005','ITABAIANINHA',19),(1981,'2914653','ITABELA',11),(1982,'2914703','ITABERABA',11),(5355,'5210406','ITABERAÍ',12),(3487,'3521705','ITABERÁ',24),(1761,'2803104','ITABI',19),(2582,'3131703','ITABIRA',27),(2583,'3131802','ITABIRINHA DE MANTENA',27),(2584,'3131901','ITABIRITO',27),(3176,'3301900','ITABORAÍ',29),(1983,'2914802','ITABUNA',11),(362,'1710508','ITACAJÁ',25),(2585,'3132008','ITACAMBIRA',27),(2586,'3132107','ITACARAMBI',27),(1984,'2914901','ITACARÉ',11),(95,'1301902','ITACOATIARA',20),(1527,'2607406','ITACURUBA',2),(4773,'4310553','ITACURUBI',32),(1985,'2915007','ITAETÉ',11),(1986,'2915106','ITAGI',11),(1987,'2915205','ITAGIBÁ',11),(1988,'2915304','ITAGIMIRIM',11),(4038,'4110904','ITAGUAJÉ',15),(2587,'3132206','ITAGUARA',27),(5356,'5210562','ITAGUARI',12),(5357,'5210604','ITAGUARU',12),(363,'1710706','ITAGUATINS',25),(3104,'3202702','ITAGUAÇU',28),(1989,'2915353','ITAGUAÇU DA BAHIA',11),(3177,'3302007','ITAGUAÍ',29),(754,'2205003','ITAINÓPOLIS',13),(532,'2105351','ITAIPAVA DO GRAJAÚ',21),(4039,'4110953','ITAIPULÂNDIA',15),(2588,'3132305','ITAIPÉ',27),(964,'2306256','ITAITINGA',14),(201,'1503606','ITAITUBA',1),(963,'2306207','ITAIÇABA',14),(4406,'4208104','ITAIÓPOLIS',30),(4407,'4208203','ITAJAÍ',30),(3489,'3521903','ITAJOBI',24),(3490,'3522000','ITAJU',24),(1990,'2915403','ITAJU DO COLÔNIA',11),(2589,'3132404','ITAJUBÁ',27),(1991,'2915502','ITAJUÍPE',11),(1115,'2404853','ITAJÁ',34),(5358,'5210802','ITAJÁ',12),(3178,'3302056','ITALVA',29),(1529,'2607604','ITAMARACÁ',2),(1992,'2915601','ITAMARAJU',11),(2590,'3132503','ITAMARANDIBA',27),(96,'1301951','ITAMARATI',20),(2591,'3132602','ITAMARATI DE MINAS',27),(1993,'2915700','ITAMARI',11),(2592,'3132701','ITAMBACURI',27),(4040,'4111001','ITAMBARACÁ',15),(1530,'2607653','ITAMBÉ',2),(1994,'2915809','ITAMBÉ',11),(4041,'4111100','ITAMBÉ',15),(2593,'3132800','ITAMBÉ DO MATO DENTRO',27),(2594,'3132909','ITAMOGI',27),(2595,'3133006','ITAMONTE',27),(1995,'2915908','ITANAGRA',11),(2596,'3133105','ITANHANDU',27),(3491,'3522109','ITANHAÉM',24),(2597,'3133204','ITANHOMI',27),(1996,'2916005','ITANHÉM',11),(2598,'3133303','ITAOBIM',27),(3179,'3302106','ITAOCARA',29),(5359,'5210901','ITAPACI',12),(2599,'3133402','ITAPAGIPE',27),(965,'2306306','ITAPAGÉ',14),(1997,'2916104','ITAPARICA',11),(1999,'2916302','ITAPEBI',11),(2600,'3133501','ITAPECERICA',27),(3493,'3522208','ITAPECERICA DA SERRA',24),(533,'2105401','ITAPECURU MIRIM',21),(4042,'4111209','ITAPEJARA D\'OESTE',15),(4408,'4208302','ITAPEMA',30),(3105,'3202801','ITAPEMIRIM',28),(3180,'3302205','ITAPERUNA',29),(4043,'4111258','ITAPERUÇU',15),(1531,'2607703','ITAPETIM',2),(2000,'2916401','ITAPETINGA',11),(3494,'3522307','ITAPETININGA',24),(2601,'3133600','ITAPEVA',27),(3495,'3522406','ITAPEVA',24),(3496,'3522505','ITAPEVI',24),(2001,'2916500','ITAPICURU',11),(966,'2306405','ITAPIPOCA',14),(3497,'3522604','ITAPIRA',24),(97,'1302009','ITAPIRANGA',20),(4409,'4208401','ITAPIRANGA',30),(5360,'5211008','ITAPIRAPUÃ',12),(3498,'3522653','ITAPIRAPUÃ PAULISTA',24),(364,'1710904','ITAPIRATINS',25),(1532,'2607752','ITAPISSUMA',2),(2002,'2916609','ITAPITANGA',11),(967,'2306504','ITAPIÚNA',14),(1316,'2507002','ITAPORANGA',17),(3500,'3522802','ITAPORANGA',24),(1762,'2803203','ITAPORANGA D\'AJUDA',19),(1317,'2507101','ITAPOROROCA',17),(5080,'5004502','ITAPORÃ',33),(365,'1711100','ITAPORÃ DO TOCANTINS',25),(4410,'4208450','ITAPOÁ',30),(4774,'4310579','ITAPUCA',32),(3502,'3523008','ITAPURA',24),(5361,'5211206','ITAPURANGA',12),(29,'1101104','ITAPUÃ DO OESTE',22),(3501,'3522901','ITAPUÍ',24),(1998,'2916203','ITAPÉ',11),(3503,'3523107','ITAQUAQUECETUBA',24),(2003,'2916708','ITAQUARA',11),(4775,'4310603','ITAQUI',32),(5081,'5004601','ITAQUIRAÍ',33),(1533,'2607802','ITAQUITINGA',2),(3106,'3202900','ITARANA',28),(2004,'2916807','ITARANTIM',11),(3504,'3523206','ITARARÉ',24),(968,'2306553','ITAREMA',14),(3505,'3523305','ITARIRI',24),(5362,'5211305','ITARUMÃ',12),(3181,'3302254','ITATIAIA',29),(2602,'3133709','ITATIAIUÇU',27),(3506,'3523404','ITATIBA',24),(4776,'4310702','ITATIBA DO SUL',32),(2005,'2916856','ITATIM',11),(3507,'3523503','ITATINGA',24),(969,'2306603','ITATIRA',14),(1318,'2507200','ITATUBA',17),(293,'1600253','ITAUBAL',10),(755,'2205102','ITAUEIRA',13),(5363,'5211404','ITAUÇU',12),(2605,'3133907','ITAVERAVA',27),(3488,'3521804','ITAÍ',24),(1528,'2607505','ITAÍBA',2),(3492,'3522158','ITAÓCA',24),(1116,'2404903','ITAÚ',34),(2603,'3133758','ITAÚ DE MINAS',27),(5164,'5104559','ITAÚBA',26),(2604,'3133808','ITAÚNA',27),(4044,'4111308','ITAÚNA DO SUL',15),(2606,'3134004','ITINGA',27),(534,'2105427','ITINGA DO MARANHÃO',21),(5165,'5104609','ITIQUIRA',26),(3508,'3523602','ITIRAPINA',24),(3509,'3523701','ITIRAPUÃ',24),(2006,'2916906','ITIRUÇU',11),(2007,'2917003','ITIÚBA',11),(3510,'3523800','ITOBI',24),(2008,'2917102','ITORORÓ',11),(3511,'3523909','ITU',24),(2009,'2917201','ITUAÇU',11),(2010,'2917300','ITUBERÁ',11),(2607,'3134103','ITUETA',27),(2608,'3134202','ITUIUTABA',27),(5364,'5211503','ITUMBIARA',12),(2609,'3134301','ITUMIRIM',27),(3512,'3524006','ITUPEVA',24),(202,'1503705','ITUPIRANGA',1),(4411,'4208500','ITUPORANGA',30),(2610,'3134400','ITURAMA',27),(2611,'3134509','ITUTINGA',27),(3513,'3524105','ITUVERAVA',24),(4405,'4208005','ITÁ',30),(3499,'3522703','ITÁPOLIS',24),(2011,'2917334','IUIÚ',11),(4046,'4111506','IVAIPORÃ',15),(4048,'4111605','IVATUBA',15),(4047,'4111555','IVATÉ',15),(4045,'4111407','IVAÍ',15),(5082,'5004700','IVINHEMA',33),(5365,'5211602','IVOLÂNDIA',12),(4808,'4310751','IVORÁ',32),(4777,'4310801','IVOTI',32),(4390,'4207007','IÇARA',30),(3107,'3203007','IÚNA',28),(1534,'2607901','JABOATÃO DOS GUARARAPES',2),(2012,'2917359','JABORANDI',11),(3514,'3524204','JABORANDI',24),(4412,'4208609','JABORÁ',30),(4049,'4111704','JABOTI',15),(4778,'4310850','JABOTICABA',32),(3515,'3524303','JABOTICABAL',24),(2612,'3134608','JABOTICATUBAS',27),(2013,'2917409','JACARACI',11),(1319,'2507309','JACARAÚ',17),(203,'1503754','JACAREACANGA',1),(4050,'4111803','JACAREZINHO',15),(3516,'3524402','JACAREÍ',24),(1668,'2703403','JACARÉ DOS HOMENS',16),(3517,'3524501','JACI',24),(5166,'5104807','JACIARA',26),(2613,'3134707','JACINTO',27),(4413,'4208708','JACINTO MACHADO',30),(2014,'2917508','JACOBINA',11),(756,'2205151','JACOBINA DO PIAUÍ',13),(204,'1503804','JACUNDÁ',1),(3518,'3524600','JACUPIRANGA',24),(2615,'3134905','JACUTINGA',27),(4779,'4310900','JACUTINGA',32),(2614,'3134806','JACUÍ',27),(1669,'2703502','JACUÍPE',16),(4051,'4111902','JAGUAPITÃ',15),(2015,'2917607','JAGUAQUARA',11),(2016,'2917706','JAGUARARI',11),(2616,'3135001','JAGUARAÇU',27),(970,'2306702','JAGUARETAMA',14),(4781,'4311106','JAGUARI',32),(4052,'4112009','JAGUARIAÍVA',15),(971,'2306801','JAGUARIBARA',14),(972,'2306900','JAGUARIBE',14),(2017,'2917805','JAGUARIPE',11),(3519,'3524709','JAGUARIÚNA',24),(973,'2307007','JAGUARUANA',14),(4414,'4208807','JAGUARUNA',30),(4780,'4311007','JAGUARÃO',32),(3108,'3203056','JAGUARÉ',28),(757,'2205201','JAICÓS',13),(3520,'3524808','JALES',24),(3521,'3524907','JAMBEIRO',24),(2618,'3135076','JAMPRUCA',27),(2619,'3135100','JANAÚBA',27),(5366,'5211701','JANDAIA',12),(4053,'4112108','JANDAIA DO SUL',15),(1118,'2405108','JANDAÍRA',34),(2018,'2917904','JANDAÍRA',11),(3522,'3525003','JANDIRA',24),(1119,'2405207','JANDUÍS',34),(5167,'5104906','JANGADA',26),(4054,'4112207','JANIÓPOLIS',15),(2620,'3135209','JANUÁRIA',27),(1120,'2405306','JANUÁRIO CICCO',34),(1670,'2703601','JAPARATINGA',16),(1763,'2803302','JAPARATUBA',19),(2621,'3135308','JAPARAÍBA',27),(3182,'3302270','JAPERI',29),(1121,'2405405','JAPI',34),(4055,'4112306','JAPIRA',15),(1764,'2803401','JAPOATÃ',19),(2622,'3135357','JAPONVAR',27),(5083,'5004809','JAPORÃ',33),(98,'1302108','JAPURÁ',20),(4056,'4112405','JAPURÁ',15),(1535,'2607950','JAQUEIRA',2),(4782,'4311122','JAQUIRANA',32),(5084,'5004908','JARAGUARI',33),(5367,'5211800','JARAGUÁ',12),(4415,'4208906','JARAGUÁ DO SUL',30),(1671,'2703700','JARAMATAIA',16),(974,'2307106','JARDIM',14),(5085,'5005004','JARDIM',33),(4057,'4112504','JARDIM ALEGRE',15),(1122,'2405504','JARDIM DE ANGICOS',34),(1123,'2405603','JARDIM DE PIRANHAS',34),(758,'2205250','JARDIM DO MULATO',13),(1124,'2405702','JARDIM DO SERIDÓ',34),(4058,'4112603','JARDIM OLINDA',15),(3523,'3525102','JARDINÓPOLIS',24),(4416,'4208955','JARDINÓPOLIS',30),(4783,'4311130','JARI',32),(3524,'3525201','JARINU',24),(3,'1100114','JARU',22),(4059,'4112702','JATAIZINHO',15),(5368,'5211909','JATAÍ',12),(1536,'2608008','JATAÚBA',2),(5086,'5005103','JATEÍ',33),(975,'2307205','JATI',14),(535,'2105450','JATOBÁ',21),(1537,'2608057','JATOBÁ',2),(759,'2205276','JATOBÁ DO PIAUÍ',13),(5369,'5212006','JAUPACI',12),(5168,'5105002','JAURU',26),(1117,'2405009','JAÇANÃ',34),(2617,'3135050','JAÍBA',27),(3525,'3525300','JAÚ',24),(366,'1711506','JAÚ DO TOCANTINS',25),(2623,'3135407','JECEABA',27),(2624,'3135456','JENIPAPO DE MINAS',27),(536,'2105476','JENIPAPO DOS VIEIRAS',21),(2625,'3135506','JEQUERI',27),(2626,'3135605','JEQUITAÍ',27),(2627,'3135704','JEQUITIBÁ',27),(2628,'3135803','JEQUITINHONHA',27),(2019,'2918001','JEQUIÉ',11),(2020,'2918100','JEREMOABO',11),(1320,'2507408','JERICÓ',17),(3526,'3525409','JERIQUARA',24),(760,'2205300','JERUMENHA',13),(3109,'3203106','JERÔNIMO MONTEIRO',28),(2629,'3135902','JESUÂNIA',27),(4060,'4112751','JESUÍTAS',15),(5370,'5212055','JESÚPOLIS',12),(4,'1100122','JI-PARANÁ',22),(976,'2307254','JIJOCA DE JERICOACOARA',14),(2021,'2918209','JIQUIRIÇÁ',11),(2022,'2918308','JITAÚNA',11),(2631,'3136108','JOANÉSIA',27),(3527,'3525508','JOANÓPOLIS',24),(2634,'3136405','JOAQUIM FELÍCIO',27),(1672,'2703809','JOAQUIM GOMES',16),(1539,'2608206','JOAQUIM NABUCO',2),(762,'2205409','JOAQUIM PIRES',13),(5480,'4112801','JOAQUIM TÁVORA',15),(4417,'4209003','JOAÇABA',30),(2630,'3136009','JOAÍMA',27),(763,'2205458','JOCA MARQUES',13),(4418,'4209102','JOINVILLE',30),(2635,'3136504','JORDÂNIA',27),(53,'1200328','JORDÃO',8),(538,'2105609','JOSELÂNDIA',21),(2638,'3136579','JOSENÓPOLIS',27),(4419,'4209151','JOSÉ BOITEUX',30),(3529,'3525706','JOSÉ BONIFÁCIO',24),(1127,'2406007','JOSÉ DA PENHA',34),(764,'2205508','JOSÉ DE FREITAS',13),(2636,'3136520','JOSÉ GONÇALVES DE MINAS',27),(2637,'3136553','JOSÉ RAYDAN',27),(5371,'5212105','JOVIÂNIA',12),(1538,'2608107','JOÃO ALFREDO',2),(761,'2205359','JOÃO COSTA',13),(1125,'2405801','JOÃO CÂMARA',34),(1126,'2405900','JOÃO DIAS',34),(2023,'2918357','JOÃO DOURADO',11),(537,'2105500','JOÃO LISBOA',21),(2632,'3136207','JOÃO MONLEVADE',27),(3110,'3203130','JOÃO NEIVA',28),(1321,'2507507','JOÃO PESSOA',17),(2633,'3136306','JOÃO PINHEIRO',27),(3528,'3525607','JOÃO RAMALHO',24),(5169,'5105101','JUARA',26),(1322,'2507606','JUAREZ TÁVORA',17),(367,'1711803','JUARINA',25),(2640,'3136652','JUATUBA',27),(1323,'2507705','JUAZEIRINHO',17),(2024,'2918407','JUAZEIRO',11),(977,'2307304','JUAZEIRO DO NORTE',14),(765,'2205516','JUAZEIRO DO PIAUÍ',13),(1540,'2608255','JUCATI',2),(1128,'2406106','JUCURUTU',34),(2025,'2918456','JUCURUÇU',11),(978,'2307403','JUCÁS',14),(2641,'3136702','JUIZ DE FORA',27),(3531,'3525854','JUMIRIM',24),(539,'2105658','JUNCO DO MARANHÃO',21),(1324,'2507804','JUNCO DO SERIDÓ',17),(3532,'3525904','JUNDIAÍ',24),(4061,'4112900','JUNDIAÍ DO SUL',15),(1673,'2703908','JUNDIÁ',16),(1674,'2704005','JUNQUEIRO',16),(3533,'3526001','JUNQUEIRÓPOLIS',24),(1541,'2608305','JUPI',2),(4420,'4209177','JUPIÁ',30),(3535,'3526209','JUQUITIBA',24),(3534,'3526100','JUQUIÁ',24),(2642,'3136801','JURAMENTO',27),(4062,'4112959','JURANDA',15),(767,'2205532','JUREMA',13),(1542,'2608404','JUREMA',2),(1325,'2507903','JURIPIRANGA',17),(1326,'2508000','JURU',17),(2643,'3136900','JURUAIA',27),(5171,'5105176','JURUENA',26),(205,'1503903','JURUTI',1),(99,'1302207','JURUÁ',20),(5172,'5105200','JUSCIMEIRA',26),(2026,'2918506','JUSSARA',11),(4063,'4113007','JUSSARA',15),(5372,'5212204','JUSSARA',12),(2027,'2918555','JUSSARI',11),(2028,'2918605','JUSSIAPE',11),(100,'1302306','JUTAÍ',20),(5087,'5005152','JUTI',33),(2644,'3136959','JUVENÍLIA',27),(5170,'5105150','JUÍNA',26),(4784,'4311155','JÓIA',32),(766,'2205524','JÚLIO BORGES',13),(4785,'4311205','JÚLIO DE CASTILHOS',32),(3530,'3525805','JÚLIO MESQUITA',24),(4064,'4113106','KALORÉ',15),(4421,'4209201','LACERDÓPOLIS',30),(2645,'3137007','LADAINHA',27),(5088,'5005202','LADÁRIO',33),(2029,'2918704','LAFAIETE COUTINHO',11),(2646,'3137106','LAGAMAR',27),(1765,'2803500','LAGARTO',19),(4422,'4209300','LAGES',30),(540,'2105708','LAGO DA PEDRA',21),(541,'2105807','LAGO DO JUNCO',21),(544,'2105948','LAGO DOS RODRIGUES',21),(542,'2105906','LAGO VERDE',21),(1327,'2508109','LAGOA',17),(769,'2205557','LAGOA ALEGRE',13),(1129,'2406205','LAGOA D\'ANTA',34),(1675,'2704104','LAGOA DA CANOA',16),(368,'1711902','LAGOA DA CONFUSÃO',25),(2647,'3137205','LAGOA DA PRATA',27),(1328,'2508208','LAGOA DE DENTRO',17),(1130,'2406304','LAGOA DE PEDRAS',34),(771,'2205573','LAGOA DE SÃO FRANCISCO',13),(1131,'2406403','LAGOA DE VELHOS',34),(770,'2205565','LAGOA DO BARRO DO PIAUÍ',13),(1543,'2608453','LAGOA DO CARRO',2),(1544,'2608503','LAGOA DO ITAENGA',2),(543,'2105922','LAGOA DO MATO',21),(1545,'2608602','LAGOA DO OURO',2),(772,'2205581','LAGOA DO PIAUÍ',13),(773,'2205599','LAGOA DO SÍTIO',13),(369,'1711951','LAGOA DO TOCANTINS',25),(1546,'2608701','LAGOA DOS GATOS',2),(2648,'3137304','LAGOA DOS PATOS',27),(4787,'4311270','LAGOA DOS TRÊS CANTOS',32),(2649,'3137403','LAGOA DOURADA',27),(2650,'3137502','LAGOA FORMOSA',27),(1547,'2608750','LAGOA GRANDE',2),(2651,'3137536','LAGOA GRANDE',27),(545,'2105963','LAGOA GRANDE DO MARANHÃO',21),(1132,'2406502','LAGOA NOVA',34),(2030,'2918753','LAGOA REAL',11),(1133,'2406601','LAGOA SALGADA',34),(2652,'3137601','LAGOA SANTA',27),(1329,'2508307','LAGOA SECA',17),(4788,'4311304','LAGOA VERMELHA',32),(3536,'3526308','LAGOINHA',24),(768,'2205540','LAGOINHA DO PIAUÍ',13),(4786,'4311254','LAGOÃO',32),(4423,'4209409','LAGUNA',30),(5089,'5005251','LAGUNA CARAPÃ',33),(2031,'2918803','LAJE',11),(3183,'3302304','LAJE DO MURIAÉ',29),(370,'1712009','LAJEADO',25),(4789,'4311403','LAJEADO',32),(4790,'4311429','LAJEADO DO BUGRE',32),(4424,'4209458','LAJEADO GRANDE',30),(546,'2105989','LAJEADO NOVO',21),(2033,'2919009','LAJEDINHO',11),(1548,'2608800','LAJEDO',2),(2034,'2919058','LAJEDO DO TABOCAL',11),(2032,'2918902','LAJEDÃO',11),(1134,'2406700','LAJES',34),(1135,'2406809','LAJES PINTADAS',34),(2653,'3137700','LAJINHA',27),(2035,'2919108','LAMARÃO',11),(2654,'3137809','LAMBARI',27),(5173,'5105234','LAMBARI D\'OESTE',26),(2655,'3137908','LAMIM',27),(774,'2205607','LANDRI SALES',13),(4065,'4113205','LAPA',15),(2036,'2919157','LAPÃO',11),(3111,'3203163','LARANJA DA TERRA',28),(2656,'3138005','LARANJAL',27),(4066,'4113254','LARANJAL',15),(294,'1600279','LARANJAL DO JARI',10),(3537,'3526407','LARANJAL PAULISTA',24),(1766,'2803609','LARANJEIRAS',19),(4067,'4113304','LARANJEIRAS DO SUL',15),(2657,'3138104','LASSANCE',27),(1330,'2508406','LASTRO',17),(4425,'4209508','LAURENTINO',30),(2037,'2919207','LAURO DE FREITAS',11),(4426,'4209607','LAURO MULLER',30),(371,'1712157','LAVANDEIRA',25),(2658,'3138203','LAVRAS',27),(979,'2307502','LAVRAS DA MANGABEIRA',14),(4791,'4311502','LAVRAS DO SUL',32),(3539,'3526605','LAVRINHAS',24),(3538,'3526506','LAVÍNIA',24),(2659,'3138302','LEANDRO FERREIRA',27),(4427,'4209706','LEBON RÉGIS',30),(3540,'3526704','LEME',24),(2660,'3138351','LEME DO PRADO',27),(2038,'2919306','LENÇÓIS',11),(3541,'3526803','LENÇÓIS PAULISTA',24),(4428,'4209805','LEOBERTO LEAL',30),(2661,'3138401','LEOPOLDINA',27),(5373,'5212303','LEOPOLDO DE BULHÕES',12),(4068,'4113403','LEÓPOLIS',15),(4792,'4311601','LIBERATO SALZANO',32),(2662,'3138500','LIBERDADE',27),(2039,'2919405','LICÍNIO DE ALMEIDA',11),(4069,'4113429','LIDIANÓPOLIS',15),(547,'2106003','LIMA CAMPOS',21),(2663,'3138609','LIMA DUARTE',27),(3542,'3526902','LIMEIRA',24),(2664,'3138625','LIMEIRA DO OESTE',27),(1549,'2608909','LIMOEIRO',2),(1676,'2704203','LIMOEIRO DE ANADIA',16),(206,'1504000','LIMOEIRO DO AJURU',1),(980,'2307601','LIMOEIRO DO NORTE',14),(4070,'4113452','LINDOESTE',15),(4793,'4311627','LINDOLFO COLLOR',32),(3543,'3527009','LINDÓIA',24),(4429,'4209854','LINDÓIA DO SUL',30),(4794,'4311643','LINHA NOVA',32),(3112,'3203205','LINHARES',28),(3544,'3527108','LINS',24),(1331,'2508505','LIVRAMENTO',17),(2040,'2919504','LIVRAMENTO DO BRUMADO',11),(372,'1712405','LIZARDA',25),(4071,'4113502','LOANDA',15),(4072,'4113601','LOBATO',15),(1332,'2508554','LOGRADOURO',17),(4073,'4113700','LONDRINA',15),(2665,'3138658','LONTRA',27),(4430,'4209904','LONTRAS',30),(3545,'3527207','LORENA',24),(548,'2106102','LORETO',21),(3546,'3527256','LOURDES',24),(3547,'3527306','LOUVEIRA',24),(5174,'5105259','LUCAS DO RIO VERDE',26),(1333,'2508604','LUCENA',17),(3549,'3527504','LUCIANÓPOLIS',24),(5175,'5105309','LUCIÁRA',26),(1136,'2406908','LUCRÉCIA',34),(3548,'3527405','LUCÉLIA',24),(2666,'3138674','LUISBURGO',27),(2667,'3138682','LUISLÂNDIA',27),(4431,'4210001','LUIZ ALVES',30),(4074,'4113734','LUIZIANA',15),(3551,'3527702','LUIZIÂNIA',24),(2668,'3138708','LUMINÁRIAS',27),(4075,'4113759','LUNARDELLI',15),(4076,'4113809','LUPIONÓPOLIS',15),(3552,'3527801','LUPÉRCIO',24),(3553,'3527900','LUTÉCIA',24),(2669,'3138807','LUZ',27),(4432,'4210035','LUZERNA',30),(776,'2205805','LUZILÂNDIA',13),(373,'1712454','LUZINÓPOLIS',25),(5374,'5212501','LUZIÂNIA',12),(3550,'3527603','LUÍS ANTÔNIO',24),(775,'2205706','LUÍS CORREIA',13),(549,'2106201','LUÍS DOMINGUES',21),(1137,'2407005','LUÍS GOMES',34),(101,'1302405','LÁBREA',20),(2041,'2919603','MACAJUBA',11),(1767,'2803708','MACAMBIRA',19),(1550,'2609006','MACAPARANA',2),(295,'1600303','MACAPÁ',10),(2042,'2919702','MACARANI',11),(3554,'3528007','MACATUBA',24),(1139,'2407203','MACAU',34),(3555,'3528106','MACAUBAL',24),(3184,'3302403','MACAÉ',29),(1138,'2407104','MACAÍBA',34),(2043,'2919801','MACAÚBAS',11),(3556,'3528205','MACEDÔNIA',24),(1677,'2704302','MACEIÓ',16),(2670,'3138906','MACHACALIS',27),(4795,'4311700','MACHADINHO',32),(5,'1100130','MACHADINHO D\'OESTE',22),(2671,'3139003','MACHADO',27),(1551,'2609105','MACHADOS',2),(4433,'4210050','MACIEIRA',30),(3185,'3302452','MACUCO',29),(2044,'2919900','MACURURÉ',11),(981,'2307635','MADALENA',14),(777,'2205854','MADEIRO',13),(2045,'2919926','MADRE DE DEUS',11),(2672,'3139102','MADRE DE DEUS DE MINAS',27),(2046,'2919959','MAETINGA',11),(4434,'4210100','MAFRA',30),(208,'1504109','MAGALHÃES BARATA',1),(550,'2106300','MAGALHÃES DE ALMEIDA',21),(3557,'3528304','MAGDA',24),(3186,'3302502','MAGÉ',29),(2047,'2920007','MAIQUINIQUE',11),(2048,'2920106','MAIRI',11),(3558,'3528403','MAIRINQUE',24),(3559,'3528502','MAIRIPORÃ',24),(5375,'5212600','MAIRIPOTABA',12),(4435,'4210209','MAJOR GERCINO',30),(1678,'2704401','MAJOR ISIDORO',16),(1140,'2407252','MAJOR SALES',34),(4436,'4210308','MAJOR VIEIRA',30),(2673,'3139201','MALACACHETA',27),(2049,'2920205','MALHADA',11),(2050,'2920304','MALHADA DE PEDRAS',11),(1768,'2803807','MALHADA DOS BOIS',19),(1769,'2803906','MALHADOR',19),(4077,'4113908','MALLET',15),(1335,'2508802','MALTA',17),(1336,'2508901','MAMANGUAPE',17),(5376,'5212709','MAMBAÍ',12),(4078,'4114005','MAMBORÊ',15),(2674,'3139250','MAMONAS',27),(4797,'4311734','MAMPITUBA',32),(102,'1302504','MANACAPURU',20),(103,'1302553','MANAQUIRI',20),(1552,'2609154','MANARI',2),(104,'1302603','MANAUS',20),(1337,'2509008','MANAÍRA',17),(4080,'4114203','MANDAGUARI',15),(4079,'4114104','MANDAGUAÇU',15),(4081,'4114302','MANDIRITUBA',15),(3560,'3528601','MANDURI',24),(4082,'4114351','MANFRINÓPOLIS',15),(2675,'3139300','MANGA',27),(3187,'3302601','MANGARATIBA',29),(4083,'4114401','MANGUEIRINHA',15),(2676,'3139409','MANHUAÇU',27),(2677,'3139508','MANHUMIRIM',27),(105,'1302702','MANICORÉ',20),(778,'2205904','MANOEL EMÍDIO',13),(4084,'4114500','MANOEL RIBAS',15),(55,'1200344','MANOEL URBANO',8),(4798,'4311759','MANOEL VIANA',32),(2051,'2920403','MANOEL VITORINO',11),(2052,'2920452','MANSIDÃO',11),(2678,'3139607','MANTENA',27),(3113,'3203304','MANTENÓPOLIS',28),(4799,'4311775','MAQUINÉ',32),(2680,'3139805','MAR DE ESPANHA',27),(1683,'2704906','MAR VERMELHO',16),(5377,'5212808','MARA ROSA',12),(209,'1504208','MARABÁ',1),(3561,'3528700','MARABÁ PAULISTA',24),(5090,'5005400','MARACAJU',33),(4437,'4210407','MARACAJÁ',30),(982,'2307650','MARACANAÚ',14),(210,'1504307','MARACANÃ',1),(551,'2106326','MARACAÇUMÉ',21),(3562,'3528809','MARACAÍ',24),(2053,'2920502','MARACÁS',11),(1679,'2704500','MARAGOGI',16),(2054,'2920601','MARAGOGIPE',11),(1553,'2609204','MARAIAL',2),(552,'2106359','MARAJÁ DO SENA',21),(983,'2307700','MARANGUAPE',14),(553,'2106375','MARANHÃOZINHO',21),(211,'1504406','MARAPANIM',1),(3563,'3528858','MARAPOAMA',24),(3114,'3203320','MARATAIZES',28),(4800,'4311791','MARATÁ',32),(4801,'4311809','MARAU',32),(1680,'2704609','MARAVILHA',16),(4438,'4210506','MARAVILHA',30),(2679,'3139706','MARAVILHAS',27),(106,'1302801','MARAÃ',20),(2055,'2920700','MARAÚ',11),(1338,'2509057','MARCAÇÃO',17),(4802,'4311908','MARCELINO RAMOS',32),(1141,'2407302','MARCELINO VIEIRA',34),(5177,'5105580','MARCELÂNDIA',26),(2056,'2920809','MARCIONÍLIO SOUZA',11),(984,'2307809','MARCO',14),(779,'2205953','MARCOLÂNDIA',13),(780,'2206001','MARCOS PARENTE',13),(4085,'4114609','MARECHAL CÂNDIDO RONDON',15),(1681,'2704708','MARECHAL DEODORO',16),(3115,'3203346','MARECHAL FLORIANO',28),(56,'1200351','MARECHAL THAUMATURGO',8),(4439,'4210555','MAREMA',30),(1339,'2509107','MARI',17),(2681,'3139904','MARIA DA FÉ',27),(4086,'4114708','MARIA HELENA',15),(4087,'4114807','MARIALVA',15),(2682,'3140001','MARIANA',27),(4803,'4311981','MARIANA PIMENTEL',32),(4804,'4312005','MARIANO MORO',32),(374,'1712504','MARIANÓPOLIS DO TOCANTINS',25),(1682,'2704807','MARIBONDO',16),(3188,'3302700','MARICÁ',29),(2683,'3140100','MARILAC',27),(4089,'4115002','MARILENA',15),(4090,'4115101','MARILUZ',15),(3116,'3203353','MARILÂNDIA',28),(4088,'4114906','MARILÂNDIA DO SUL',15),(4091,'4115200','MARINGÁ',15),(3566,'3529104','MARINÓPOLIS',24),(4093,'4115358','MARIPÁ',15),(2685,'3140209','MARIPÁ DE MINAS',27),(212,'1504422','MARITUBA',1),(1340,'2509156','MARIZÓPOLIS',17),(3564,'3528908','MARIÁPOLIS',24),(4092,'4115309','MARIÓPOLIS',15),(2686,'3140308','MARLIÉRIA',27),(4094,'4115408','MARMELEIRO',15),(2687,'3140407','MARMELÓPOLIS',27),(4805,'4312054','MARQUES DE SOUZA',32),(4095,'4115457','MARQUINHO',15),(2688,'3140506','MARTINHO CAMPOS',27),(1142,'2407401','MARTINS',34),(2689,'3140530','MARTINS SOARES',27),(985,'2307908','MARTINÓPOLE',14),(3567,'3529203','MARTINÓPOLIS',24),(1770,'2804003','MARUIM',19),(4096,'4115507','MARUMBI',15),(5378,'5212907','MARZAGÃO',12),(3565,'3529005','MARÍLIA',24),(2057,'2920908','MASCOTE',11),(986,'2308005','MASSAPÊ',14),(1341,'2509206','MASSARANDUBA',17),(4440,'4210605','MASSARANDUBA',30),(781,'2206050','MASSÂPE DO PIAUÍ',13),(4806,'4312104','MATA',32),(2058,'2921005','MATA DE SÃO JOÃO',11),(1684,'2705002','MATA GRANDE',16),(554,'2106409','MATA ROMA',21),(2690,'3140555','MATA VERDE',27),(1342,'2509305','MATARACA',17),(375,'1712702','MATEIROS',25),(4097,'4115606','MATELÂNDIA',15),(2691,'3140605','MATERLÂNDIA',27),(2692,'3140704','MATEUS LEME',27),(3064,'3171501','MATHIAS LOBATO',27),(2693,'3140803','MATIAS BARBOSA',27),(2694,'3140852','MATIAS CARDOSO',27),(782,'2206100','MATIAS OLÍMPIO',13),(2059,'2921054','MATINA',11),(555,'2106508','MATINHA',21),(1343,'2509339','MATINHAS',17),(4098,'4115705','MATINHOS',15),(2695,'3140902','MATIPÓ',27),(4807,'4312138','MATO CASTELHANO',32),(1344,'2509370','MATO GROSSO',17),(4809,'4312153','MATO LEITÃO',32),(4099,'4115739','MATO RICO',15),(2696,'3141009','MATO VERDE',27),(4441,'4210704','MATOS COSTA',30),(2697,'3141108','MATOZINHOS',27),(5379,'5212956','MATRINCHÃ',12),(1685,'2705101','MATRIZ DE CAMARAGIBE',16),(5178,'5105606','MATUPÁ',26),(1345,'2509396','MATURÉIA',17),(2698,'3141207','MATUTINA',27),(3568,'3529302','MATÃO',24),(556,'2106607','MATÕES',21),(557,'2106631','MATÕES DO NORTE',21),(5380,'5213004','MAURILÂNDIA',12),(376,'1712801','MAURILÂNDIA DO TOCANTINS',25),(987,'2308104','MAURITI',14),(3569,'3529401','MAUÁ',24),(4100,'4115754','MAUÁ DA SERRA',15),(107,'1302900','MAUÉS',20),(1143,'2407500','MAXARANGUAPE',34),(4810,'4312203','MAXIMILIANO DE ALMEIDA',32),(296,'1600402','MAZAGÃO',10),(4796,'4311718','MAÇAMBARA',32),(2699,'3141306','MEDEIROS',27),(2060,'2921104','MEDEIROS NETO',11),(4101,'4115804','MEDIANEIRA',15),(213,'1504455','MEDICILÂNDIA',1),(2700,'3141405','MEDINA',27),(4442,'4210803','MELEIRO',30),(214,'1504505','MELGAÇO',1),(3189,'3302809','MENDES',29),(2701,'3141504','MENDES PIMENTEL',27),(3570,'3529500','MENDONÇA',24),(4102,'4115853','MERCEDES',15),(2702,'3141603','MERCÊS',27),(3571,'3529609','MERIDIANO',24),(988,'2308203','MERUOCA',14),(2703,'3141702','MESQUITA',27),(1686,'2705200','MESSIAS',16),(1144,'2407609','MESSIAS TARGINO',34),(3572,'3529658','MESÓPOLIS',24),(783,'2206209','MIGUEL ALVES',13),(2061,'2921203','MIGUEL CALMON',11),(784,'2206308','MIGUEL LEÃO',13),(3190,'3302908','MIGUEL PEREIRA',29),(3573,'3529708','MIGUELÓPOLIS',24),(989,'2308302','MILAGRES',14),(2062,'2921302','MILAGRES',11),(558,'2106672','MILAGRES DO MARANHÃO',21),(990,'2308351','MILHÃ',14),(785,'2206357','MILTON BRANDÃO',13),(5381,'5213053','MIMOSO DE GOIÁS',12),(3117,'3203403','MIMOSO DO SUL',28),(1687,'2705309','MINADOR DO NEGRÃO',16),(4811,'4312252','MINAS DO LEÃO',32),(2704,'3141801','MINAS NOVAS',27),(5382,'5213087','MINAÇU',12),(2705,'3141900','MINDURI',27),(5383,'5213103','MINEIROS',12),(3574,'3529807','MINEIROS DO TIETÊ',24),(30,'1101203','MINISTRO ANDREAZZA',22),(3576,'3530003','MIRA ESTRELA',24),(2706,'3142007','MIRABELA',27),(3575,'3529906','MIRACATU',24),(3191,'3303005','MIRACEMA',29),(377,'1713205','MIRACEMA DO TOCANTINS',25),(559,'2106706','MIRADOR',21),(4103,'4115903','MIRADOR',15),(2707,'3142106','MIRADOURO',27),(4812,'4312302','MIRAGUAÍ',32),(5091,'5005608','MIRANDA',33),(560,'2106755','MIRANDA DO NORTE',21),(1554,'2609303','MIRANDIBA',2),(3577,'3530102','MIRANDÓPOLIS',24),(2063,'2921401','MIRANGABA',11),(378,'1713304','MIRANORTE',25),(2064,'2921450','MIRANTE',11),(31,'1101302','MIRANTE DA SERRA',22),(3578,'3530201','MIRANTE DO PARANAPANEMA',24),(4104,'4116000','MIRASELVA',15),(3579,'3530300','MIRASSOL',24),(5179,'5105622','MIRASSOL D\'OESTE',26),(3580,'3530409','MIRASSOLÂNDIA',24),(2709,'3142254','MIRAVÂNIA',27),(2708,'3142205','MIRAÍ',27),(991,'2308377','MIRAÍMA',14),(4443,'4210852','MIRIM DOCE',30),(561,'2106805','MIRINZAL',21),(4105,'4116059','MISSAL',15),(992,'2308401','MISSÃO VELHA',14),(215,'1504604','MOCAJUBA',1),(3609,'3530508','MOCOCA',24),(4444,'4210902','MODELO',30),(2710,'3142304','MOEDA',27),(2711,'3142403','MOEMA',27),(1346,'2509404','MOGEIRO',17),(3582,'3530706','MOGI GUAÇU',24),(5384,'5213400','MOIPORÁ',12),(1771,'2804102','MOITA BONITA',19),(3581,'3530607','MOJI DAS CRUZES',24),(3583,'3530805','MOJI-MIRIM',24),(216,'1504703','MOJU',1),(993,'2308500','MOMBAÇA',14),(3584,'3530904','MOMBUCA',24),(4445,'4211009','MONDAÍ',30),(3586,'3531100','MONGAGUÁ',24),(2712,'3142502','MONJOLOS',27),(786,'2206407','MONSENHOR GIL',13),(787,'2206506','MONSENHOR HIPÓLITO',13),(2713,'3142601','MONSENHOR PAULO',27),(994,'2308609','MONSENHOR TABOSA',14),(1347,'2509503','MONTADAS',17),(2714,'3142700','MONTALVÂNIA',27),(3118,'3203502','MONTANHA',28),(1145,'2407708','MONTANHAS',34),(4813,'4312351','MONTAURI',32),(217,'1504802','MONTE ALEGRE',1),(1146,'2407807','MONTE ALEGRE',34),(5491,'5213509','MONTE ALEGRE DE GOIÁS',12),(2715,'3142809','MONTE ALEGRE DE MINAS',27),(1772,'2804201','MONTE ALEGRE DE SERGIPE',19),(788,'2206605','MONTE ALEGRE DO PIAUÍ',13),(3587,'3531209','MONTE ALEGRE DO SUL',24),(4814,'4312377','MONTE ALEGRE DOS CAMPOS',32),(3588,'3531308','MONTE ALTO',24),(3589,'3531407','MONTE APRAZÍVEL',24),(2716,'3142908','MONTE AZUL',27),(3590,'3531506','MONTE AZUL PAULISTA',24),(2717,'3143005','MONTE BELO',27),(4815,'4312385','MONTE BELO DO SUL',32),(4446,'4211058','MONTE CARLO',30),(2718,'3143104','MONTE CARMELO',27),(3591,'3531605','MONTE CASTELO',24),(4447,'4211108','MONTE CASTELO',30),(1147,'2407906','MONTE DAS GAMELEIRAS',34),(379,'1713601','MONTE DO CARMO',25),(2719,'3143153','MONTE FORMOSO',27),(1348,'2509602','MONTE HOREBE',17),(3593,'3531803','MONTE MOR',24),(32,'1101401','MONTE NEGRO',22),(2065,'2921500','MONTE SANTO',11),(2720,'3143203','MONTE SANTO DE MINAS',27),(380,'1713700','MONTE SANTO DO TOCANTINS',25),(2722,'3143401','MONTE SIÃO',27),(1349,'2509701','MONTEIRO',17),(3592,'3531704','MONTEIRO LOBATO',24),(1688,'2705408','MONTEIRÓPOLIS',16),(4816,'4312401','MONTENEGRO',32),(563,'2107001','MONTES ALTOS',21),(2721,'3143302','MONTES CLAROS',27),(5492,'5213707','MONTES CLAROS DE GOIÁS',12),(2723,'3143450','MONTEZUMA',27),(5493,'5213756','MONTIVIDIU',12),(5494,'5213772','MONTIVIDIU DO NORTE',12),(562,'2106904','MONÇÃO',21),(3585,'3531001','MONÇÕES',24),(995,'2308708','MORADA NOVA',14),(2724,'3143500','MORADA NOVA DE MINAS',27),(996,'2308807','MORAÚJO',14),(1608,'2614303','MOREILÂNDIA',2),(4106,'4116109','MOREIRA SALES',15),(1555,'2609402','MORENO',2),(4817,'4312427','MORMAÇO',32),(2066,'2921609','MORPARÁ',11),(4107,'4116208','MORRETES',15),(997,'2308906','MORRINHOS',14),(5495,'5213806','MORRINHOS',12),(4818,'4312443','MORRINHOS DO SUL',32),(3594,'3531902','MORRO AGUDO',24),(5496,'5213855','MORRO AGUDO DE GOIÁS',12),(789,'2206654','MORRO CABEÇA NO TEMPO',13),(4448,'4211207','MORRO DA FUMAÇA',30),(2725,'3143609','MORRO DA GARÇA',27),(2067,'2921708','MORRO DO CHAPÉU',11),(790,'2206670','MORRO DO CHAPÉU DO PIAUÍ',13),(2726,'3143708','MORRO DO PILAR',27),(4449,'4211256','MORRO GRANDE',30),(4819,'4312450','MORRO REDONDO',32),(4820,'4312476','MORRO REUTER',32),(564,'2107100','MORROS',21),(2068,'2921807','MORTUGABA',11),(3595,'3532009','MORUNGABA',24),(1148,'2408003','MOSSORÓ',34),(5497,'5213905','MOSSÂMEDES',12),(4821,'4312500','MOSTARDAS',32),(3596,'3532058','MOTUCA',24),(5498,'5214002','MOZARLÂNDIA',12),(218,'1504901','MUANÁ',1),(137,'1400308','MUCAJAÍ',18),(998,'2309003','MUCAMBO',14),(2069,'2921906','MUCUGÊ',11),(2070,'2922003','MUCURI',11),(3119,'3203601','MUCURICI',28),(4823,'4312617','MUITOS CAPÕES',32),(4824,'4312625','MULITERNO',32),(999,'2309102','MULUNGU',14),(1350,'2509800','MULUNGU',17),(2071,'2922052','MULUNGU DO MORRO',11),(2072,'2922102','MUNDO NOVO',11),(5092,'5005681','MUNDO NOVO',33),(5499,'5214051','MUNDO NOVO',12),(2727,'3143807','MUNHOZ',27),(4108,'4116307','MUNHOZ DE MELO',15),(2073,'2922201','MUNIZ FERREIRA',11),(3120,'3203700','MUNIZ FREIRE',28),(3121,'3203809','MUQUI',28),(2074,'2922250','MUQUÉM DE SÃO FRANCISCO',11),(2728,'3143906','MURIAÉ',27),(1773,'2804300','MURIBECA',19),(1689,'2705507','MURICI',16),(791,'2206696','MURICI DOS PORTELAS',13),(382,'1713957','MURICILÂNDIA',25),(2075,'2922300','MURITIBA',11),(3597,'3532108','MURUTINGA DO SUL',24),(2729,'3144003','MUTUM',27),(5500,'5214101','MUTUNÓPOLIS',12),(2076,'2922409','MUTUÍPE',11),(2730,'3144102','MUZAMBINHO',27),(4822,'4312609','MUÇUM',32),(2684,'3140159','MÁRIO CAMPOS',27),(54,'1200336','MÂNCIO LIMA',8),(1334,'2508703','MÃE D\'ÁGUA',17),(207,'1504059','MÃE DO RIO',1),(2731,'3144201','NACIP RAYDAN',27),(3598,'3532157','NANTES',24),(2732,'3144300','NANUQUE',27),(2733,'3144359','NAQUE',27),(3599,'3532207','NARANDIBA',24),(1149,'2408102','NATAL',34),(2734,'3144375','NATALÂNDIA',27),(383,'1714203','NATIVIDADE',25),(3192,'3303104','NATIVIDADE',29),(3600,'3532306','NATIVIDADE DA SERRA',24),(1351,'2509909','NATUBA',17),(2735,'3144409','NATÉRCIA',27),(4450,'4211306','NAVEGANTES',30),(5093,'5005707','NAVIRAÍ',33),(2736,'3144508','NAZARENO',27),(1352,'2510006','NAZAREZINHO',17),(384,'1714302','NAZARÉ',25),(2077,'2922508','NAZARÉ',11),(1556,'2609501','NAZARÉ DA MATA',2),(792,'2206704','NAZARÉ DO PIAUÍ',13),(3601,'3532405','NAZARÉ PAULISTA',24),(5501,'5214408','NAZÁRIO',12),(2737,'3144607','NEPOMUCENO',27),(5502,'5214507','NERÓPOLIS',12),(3602,'3532504','NEVES PAULISTA',24),(1774,'2804409','NEÓPOLIS',19),(108,'1303007','NHAMUNDÁ',20),(3603,'3532603','NHANDEARA',24),(4826,'4312674','NICOLAU VERGUEIRO',32),(2078,'2922607','NILO PEÇANHA',11),(3193,'3303203','NILÓPOLIS',29),(565,'2107209','NINA RODRIGUES',21),(2738,'3144656','NINHEIRA',27),(5094,'5005806','NIOAQUE',33),(3604,'3532702','NIPOÃ',24),(5503,'5214606','NIQUELÂNDIA',12),(3194,'3303302','NITERÓI',29),(5180,'5105903','NOBRES',26),(4827,'4312708','NONOAI',32),(2079,'2922656','NORDESTINA',11),(138,'1400407','NORMANDIA',18),(5181,'5106000','NORTELÂNDIA',26),(1775,'2804458','NOSSA SENHORA APARECIDA',19),(1776,'2804508','NOSSA SENHORA DA GLÓRIA',19),(1777,'2804607','NOSSA SENHORA DAS DORES',19),(4109,'4116406','NOSSA SENHORA DAS GRAÇAS',15),(1778,'2804706','NOSSA SENHORA DE LOURDES',19),(793,'2206753','NOSSA SENHORA DE NAZARÉ',13),(5182,'5106109','NOSSA SENHORA DO LIVRAMENTO',26),(1779,'2804805','NOSSA SENHORA DO SOCORRO',19),(794,'2206803','NOSSA SENHORA DOS REMÉDIOS',13),(3605,'3532801','NOVA ALIANÇA',24),(4110,'4116505','NOVA ALIANÇA DO IVAÍ',15),(4828,'4312757','NOVA ALVORADA',32),(5095,'5006002','NOVA ALVORADA DO SUL',33),(5504,'5214705','NOVA AMÉRICA',12),(4111,'4116604','NOVA AMÉRICA DA COLINA',15),(5096,'5006200','NOVA ANDRADINA',33),(4829,'4312807','NOVA ARAÇÁ',32),(4112,'4116703','NOVA AURORA',15),(5385,'5214804','NOVA AURORA',12),(5183,'5106158','NOVA BANDEIRANTES',26),(4830,'4312906','NOVA BASSANO',32),(2739,'3144672','NOVA BELÉM',27),(4831,'4312955','NOVA BOA VISTA',32),(5185,'5106208','NOVA BRASILÂNDIA',26),(6,'1100148','NOVA BRASILÂNDIA D\'OESTE',22),(4832,'4313003','NOVA BRÉSCIA',32),(3606,'3532827','NOVA CAMPINA',24),(2080,'2922706','NOVA CANAÃ',11),(3607,'3532843','NOVA CANAÃ PAULISTA',24),(4833,'4313011','NOVA CANDELÁRIA',32),(4113,'4116802','NOVA CANTU',15),(5186,'5106216','NOVA CANÃA DO NORTE',26),(3608,'3532868','NOVA CASTILHO',24),(566,'2107258','NOVA COLINAS',21),(5386,'5214838','NOVA CRIXÁS',12),(1151,'2408300','NOVA CRUZ',34),(2740,'3144706','NOVA ERA',27),(4451,'4211405','NOVA ERECHIM',30),(4114,'4116901','NOVA ESPERANÇA',15),(219,'1504950','NOVA ESPERANÇA DO PIRIÁ',1),(4115,'4116950','NOVA ESPERANÇA DO SUDOESTE',15),(4834,'4313037','NOVA ESPERANÇA DO SUL',32),(3610,'3532900','NOVA EUROPA',24),(1353,'2510105','NOVA FLORESTA',17),(3195,'3303401','NOVA FRIBURGO',29),(2081,'2922730','NOVA FÁTIMA',11),(4116,'4117008','NOVA FÁTIMA',15),(5387,'5214861','NOVA GLÓRIA',12),(3611,'3533007','NOVA GRANADA',24),(5240,'5108808','NOVA GUARITA',26),(3612,'3533106','NOVA GUATAPORANGA',24),(4835,'4313060','NOVA HARTZ',32),(2082,'2922755','NOVA IBIÁ',11),(3196,'3303500','NOVA IGUAÇU',29),(5388,'5214879','NOVA IGUAÇU DE GOIÁS',12),(3613,'3533205','NOVA INDEPENDÊNCIA',24),(567,'2107308','NOVA IORQUE',21),(220,'1504976','NOVA IPIXUNA',1),(4452,'4211454','NOVA ITABERABA',30),(2083,'2922805','NOVA ITARANA',11),(5184,'5106182','NOVA LACERDA',26),(4117,'4117057','NOVA LARANJEIRAS',15),(2741,'3144805','NOVA LIMA',27),(4118,'4117107','NOVA LONDRINA',15),(3615,'3533304','NOVA LUZITÂNIA',24),(16,'1100338','NOVA MAMORÉ',22),(5241,'5108857','NOVA MARILÂNDIA',26),(5242,'5108907','NOVA MARINGÁ',26),(5243,'5108956','NOVA MONTE VERDE',26),(5187,'5106224','NOVA MUTUM',26),(2742,'3144904','NOVA MÓDICA',27),(3616,'3533403','NOVA ODESSA',24),(385,'1714880','NOVA OLINDA',25),(1000,'2309201','NOVA OLINDA',14),(1354,'2510204','NOVA OLINDA',17),(568,'2107357','NOVA OLINDA DO MARANHÃO',21),(109,'1303106','NOVA OLINDA DO NORTE',20),(4119,'4117206','NOVA OLÍMPIA',15),(5188,'5106232','NOVA OLÍMPIA',26),(4837,'4313102','NOVA PALMA',32),(1355,'2510303','NOVA PALMEIRA',17),(4838,'4313201','NOVA PETRÓPOLIS',32),(2743,'3145000','NOVA PONTE',27),(2744,'3145059','NOVA PORTEIRINHA',27),(4839,'4313300','NOVA PRATA',32),(4122,'4117255','NOVA PRATA DO IGUAÇU',15),(4836,'4313086','NOVA PÁDUA',32),(4840,'4313334','NOVA RAMADA',32),(2084,'2922854','NOVA REDENÇÃO',11),(2745,'3145109','NOVA RESENDE',27),(5389,'5214903','NOVA ROMA',12),(4841,'4313359','NOVA ROMA DO SUL',32),(386,'1715002','NOVA ROSALÂNDIA',25),(1001,'2309300','NOVA RUSSAS',14),(4120,'4117214','NOVA SANTA BÁRBARA',15),(813,'2207959','NOVA SANTA RITA',13),(4842,'4313375','NOVA SANTA RITA',32),(4121,'4117222','NOVA SANTA ROSA',15),(2746,'3145208','NOVA SERRANA',27),(2085,'2922904','NOVA SOURE',11),(4123,'4117271','NOVA TEBAS',15),(221,'1505007','NOVA TIMBOTEUA',1),(4453,'4211504','NOVA TRENTO',30),(5189,'5106240','NOVA UBIRATÃ',26),(33,'1101435','NOVA UNIÃO',22),(2639,'3136603','NOVA UNIÃO',27),(4454,'4211603','NOVA VENEZA',30),(5390,'5215009','NOVA VENEZA',12),(3122,'3203908','NOVA VENÉCIA',28),(2086,'2923001','NOVA VIÇOSA',11),(5190,'5106257','NOVA XAVANTINA',26),(3614,'3533254','NOVAIS',24),(387,'1715101','NOVO ACORDO',25),(110,'1303205','NOVO AIRÃO',20),(388,'1715150','NOVO ALEGRE',25),(111,'1303304','NOVO ARIPUANÃ',20),(4847,'4313490','NOVO BARREIRO',32),(5391,'5215207','NOVO BRASIL',12),(4843,'4313391','NOVO CABRAIS',32),(2747,'3145307','NOVO CRUZEIRO',27),(5392,'5215231','NOVO GAMA',12),(4844,'4313409','NOVO HAMBURGO',32),(2087,'2923035','NOVO HORIZONTE',11),(3617,'3533502','NOVO HORIZONTE',24),(4455,'4211652','NOVO HORIZONTE',30),(5192,'5106273','NOVO HORIZONTE DO NORTE',26),(21,'1100502','NOVO HORIZONTE DO OESTE',22),(5097,'5006259','NOVO HORIZONTE DO SUL',33),(4124,'4117297','NOVO ITACOLOMI',15),(389,'1715259','NOVO JARDIM',25),(1690,'2705606','NOVO LINO',16),(4845,'4313425','NOVO MACHADO',32),(5191,'5106265','NOVO MUNDO',26),(1002,'2309409','NOVO ORIENTE',14),(2748,'3145356','NOVO ORIENTE DE MINAS',27),(795,'2206902','NOVO ORIENTE DO PIAUÍ',13),(5393,'5215256','NOVO PLANALTO',12),(222,'1505031','NOVO PROGRESSO',1),(223,'1505064','NOVO REPARTIMENTO',1),(796,'2206951','NOVO SANTO ANTÔNIO',13),(5193,'5106281','NOVO SÃO JOAQUIM',26),(4846,'4313441','NOVO TIRADENTES',32),(2088,'2923050','NOVO TRIUNFO',11),(2749,'3145372','NOVORIZONTE',27),(3618,'3533601','NUPORANGA',24),(4825,'4312658','NÃO-ME-TOQUE',32),(1150,'2408201','NÍSIA FLORESTA',34),(1003,'2309458','OCARA',14),(3619,'3533700','OCAUÇU',24),(797,'2207009','OEIRAS',13),(225,'1505205','OEIRAS DO PARÁ',1),(297,'1600501','OIAPOQUE',10),(5477,'3145406','OLARIA',27),(1356,'2510402','OLHO D\'ÁGUA',17),(569,'2107407','OLHO D\'ÁGUA DAS CUNHÃS',21),(1691,'2705705','OLHO D\'ÁGUA DAS FLORES',16),(1692,'2705804','OLHO D\'ÁGUA DO CASADO',16),(798,'2207108','OLHO D\'ÁGUA DO PIAUÍ',13),(1693,'2705903','OLHO D\'ÁGUA GRANDE',16),(1152,'2408409','OLHO-D\'ÁGUA DO BORGES',34),(2750,'3145455','OLHOS-D\'ÁGUA',27),(1557,'2609600','OLINDA',2),(570,'2107456','OLINDA NOVA DO MARANHÃO',21),(2089,'2923100','OLINDINA',11),(1357,'2510501','OLIVEDOS',17),(2752,'3145604','OLIVEIRA',27),(390,'1715507','OLIVEIRA DE FÁTIMA',25),(2090,'2923209','OLIVEIRA DOS BREJINHOS',11),(2753,'3145703','OLIVEIRA FORTES',27),(1694,'2706000','OLIVENÇA',16),(3621,'3533908','OLÍMPIA',24),(2751,'3145505','OLÍMPIO NORONHA',27),(3622,'3534005','ONDA VERDE',24),(2754,'3145802','ONÇA DE PITANGUI',27),(2755,'3145851','ORATÓRIOS',27),(3623,'3534104','ORIENTE',24),(3624,'3534203','ORINDIÚVA',24),(226,'1505304','ORIXIMINÁ',1),(5505,'5215306','ORIZONA',12),(2756,'3145877','ORIZÂNIA',27),(4456,'4211702','ORLEANS',30),(3625,'3534302','ORLÂNDIA',24),(1558,'2609709','OROBÓ',2),(1559,'2609808','OROCÓ',2),(4125,'4117305','ORTIGUEIRA',15),(1004,'2309508','ORÓS',14),(3626,'3534401','OSASCO',24),(3627,'3534500','OSCAR BRESSANE',24),(3628,'3534609','OSVALDO CRUZ',24),(4848,'4313508','OSÓRIO',32),(4457,'4211751','OTACÍLIO COSTA',30),(1560,'2609907','OURICURI',2),(228,'1505437','OURILÂNDIA DO NORTE',1),(3629,'3534708','OURINHOS',24),(4126,'4117404','OURIZONA',15),(2091,'2923308','OURIÇANGAS',11),(4458,'4211801','OURO',30),(1153,'2408508','OURO BRANCO',34),(1695,'2706109','OURO BRANCO',16),(2757,'3145901','OURO BRANCO',27),(2758,'3146008','OURO FINO',27),(2759,'3146107','OURO PRETO',27),(7,'1100155','OURO PRETO DO OESTE',22),(1358,'2510600','OURO VELHO',17),(3631,'3534807','OURO VERDE',24),(4459,'4211850','OURO VERDE',30),(5394,'5215405','OURO VERDE DE GOIÁS',12),(2760,'3146206','OURO VERDE DE MINAS',27),(4127,'4117453','OURO VERDE DO OESTE',15),(3630,'3534757','OUROESTE',24),(2092,'2923357','OUROLÂNDIA',11),(227,'1505403','OURÉM',1),(5395,'5215504','OUVIDOR',12),(3632,'3534906','PACAEMBU',24),(1005,'2309607','PACAJUS',14),(229,'1505486','PACAJÁ',1),(139,'1400456','PACARAIMA',18),(1006,'2309706','PACATUBA',14),(1780,'2804904','PACATUBA',19),(1007,'2309805','PACOTI',14),(1008,'2309904','PACUJÁ',14),(5396,'5215603','PADRE BERNARDO',12),(2761,'3146255','PADRE CARVALHO',27),(799,'2207207','PADRE MARCOS',13),(2762,'3146305','PADRE PARAÍSO',27),(800,'2207306','PAES LANDIM',13),(2765,'3146552','PAI PEDRO',27),(4460,'4211876','PAIAL',30),(4849,'4313607','PAIM FILHO',32),(2763,'3146404','PAINEIRAS',27),(4461,'4211892','PAINEL',30),(2764,'3146503','PAINS',27),(2766,'3146602','PAIVA',27),(4128,'4117503','PAIÇANDU',15),(801,'2207355','PAJEÚ DO PIAUÍ',13),(1696,'2706208','PALESTINA',16),(3633,'3535002','PALESTINA',24),(5397,'5215652','PALESTINA DE GOIÁS',12),(230,'1505494','PALESTINA DO PARÁ',1),(1009,'2310001','PALHANO',14),(4462,'4211900','PALHOÇA',30),(2767,'3146701','PALMA',27),(4463,'4212007','PALMA SOLA',30),(1561,'2610004','PALMARES',2),(4850,'4313656','PALMARES DO SUL',32),(3634,'3535101','PALMARES PAULISTA',24),(435,'1721000','PALMAS',25),(4129,'4117602','PALMAS',15),(2093,'2923407','PALMAS DE MONTE ALTO',11),(4130,'4117701','PALMEIRA',15),(4464,'4212056','PALMEIRA',30),(3635,'3535200','PALMEIRA D\'OESTE',24),(4851,'4313706','PALMEIRA DAS MISSÕES',32),(802,'2207405','PALMEIRA DO PIAUÍ',13),(1697,'2706307','PALMEIRA DOS ÍNDIOS',16),(803,'2207504','PALMEIRAIS',13),(391,'1715705','PALMEIRANTE',25),(2094,'2923506','PALMEIRAS',11),(5398,'5215702','PALMEIRAS DE GOIÁS',12),(381,'1713809','PALMEIRAS DO TOCANTINS',25),(1562,'2610103','PALMEIRINA',2),(572,'2107605','PALMEIRÂNDIA',21),(392,'1715754','PALMEIRÓPOLIS',25),(5399,'5215801','PALMELO',12),(5400,'5215900','PALMINÓPOLIS',12),(3636,'3535309','PALMITAL',24),(4131,'4117800','PALMITAL',15),(4852,'4313805','PALMITINHO',32),(4465,'4212106','PALMITOS',30),(1010,'2310100','PALMÁCIA',14),(2768,'3146750','PALMÓPOLIS',27),(4132,'4117909','PALOTINA',15),(4853,'4313904','PANAMBI',32),(5401,'5216007','PANAMÁ',12),(3123,'3204005','PANCAS',28),(1563,'2610202','PANELAS',2),(3637,'3535408','PANORAMA',24),(4854,'4313953','PANTANO GRANDE',32),(2769,'3146909','PAPAGAIOS',27),(4466,'4212205','PAPANDUVA',30),(804,'2207553','PAQUETÁ',13),(3197,'3303609','PARACAMBI',29),(2770,'3147006','PARACATU',27),(1011,'2310209','PARACURU',14),(231,'1505502','PARAGOMINAS',1),(2772,'3147204','PARAGUAÇU',27),(3638,'3535507','PARAGUAÇU PAULISTA',24),(573,'2107704','PARAIBANO',21),(3639,'3535606','PARAIBUNA',24),(1012,'2310258','PARAIPABA',14),(2773,'3147303','PARAISÓPOLIS',27),(1013,'2310308','PARAMBU',14),(2095,'2923605','PARAMIRIM',11),(1014,'2310407','PARAMOTI',14),(4134,'4118105','PARANACITY',15),(4135,'4118204','PARANAGUÁ',15),(5404,'5216304','PARANAIGUARA',12),(3641,'3535804','PARANAPANEMA',24),(4136,'4118303','PARANAPOEMA',15),(3642,'3535903','PARANAPUÃ',24),(1564,'2610301','PARANATAMA',2),(5195,'5106307','PARANATINGA',26),(4137,'4118402','PARANAVAÍ',15),(5098,'5006309','PARANAÍBA',33),(5194,'5106299','PARANAÍTA',26),(5099,'5006358','PARANHOS',33),(1154,'2408607','PARANÁ',34),(394,'1716208','PARANÃ',25),(2774,'3147402','PARAOPEBA',27),(3643,'3536000','PARAPUÃ',24),(1359,'2510659','PARARI',17),(3199,'3303807','PARATI',29),(2096,'2923704','PARATINGA',11),(232,'1505536','PARAUAPEBAS',1),(1155,'2408805','PARAZINHO',34),(4855,'4314001','PARAÍ',32),(3198,'3303708','PARAÍBA DO SUL',29),(3640,'3535705','PARAÍSO',24),(4467,'4212239','PARAÍSO',30),(4133,'4118006','PARAÍSO DO NORTE',15),(4856,'4314027','PARAÍSO DO SUL',32),(393,'1716109','PARAÍSO DO TOCANTINS',25),(5405,'5216403','PARAÚNA',12),(3644,'3536109','PARDINHO',24),(4857,'4314035','PARECI NOVO',32),(34,'1101450','PARECIS',22),(1156,'2408904','PARELHAS',34),(1699,'2706422','PARICONHA',16),(112,'1303403','PARINTINS',20),(2097,'2923803','PARIPIRANGA',11),(1700,'2706448','PARIPUEIRA',16),(3645,'3536208','PARIQUERA-AÇU',24),(3646,'3536257','PARISI',24),(805,'2207603','PARNAGUÁ',13),(1097,'2403251','PARNAMIRIM',34),(1565,'2610400','PARNAMIRIM',2),(574,'2107803','PARNARAMA',21),(806,'2207702','PARNAÍBA',13),(4858,'4314050','PAROBÉ',32),(2771,'3147105','PARÁ DE MINAS',27),(1158,'2409100','PASSA E FICA',34),(2776,'3147600','PASSA QUATRO',27),(4859,'4314068','PASSA SETE',32),(2777,'3147709','PASSA TEMPO',27),(2778,'3147808','PASSA VINTE',27),(2775,'3147501','PASSABÉM',27),(1159,'2409209','PASSAGEM',34),(1360,'2510709','PASSAGEM',17),(575,'2107902','PASSAGEM FRANCA',21),(807,'2207751','PASSAGEM FRANCA DO PIAUÍ',13),(1566,'2610509','PASSIRA',2),(1701,'2706505','PASSO DE CAMARAGIBE',16),(4468,'4212254','PASSO DE TORRES',30),(4860,'4314076','PASSO DO SOBRADO',32),(4861,'4314100','PASSO FUNDO',32),(2779,'3147907','PASSOS',27),(4469,'4212270','PASSOS MAIA',30),(576,'2108009','PASTOS BONS',21),(2780,'3147956','PATIS',27),(4138,'4118451','PATO BRAGADO',15),(4139,'4118501','PATO BRANCO',15),(1361,'2510808','PATOS',17),(2781,'3148004','PATOS DE MINAS',27),(808,'2207777','PATOS DO PIAUÍ',13),(2782,'3148103','PATROCÍNIO',27),(2783,'3148202','PATROCÍNIO DO MURIAÉ',27),(3647,'3536307','PATROCÍNIO PAULISTA',24),(1160,'2409308','PATU',34),(3200,'3303856','PATY DO ALFERES',29),(2098,'2923902','PAU BRASIL',11),(233,'1505551','PAU D\'ARCO',1),(395,'1716307','PAU D\'ARCO',25),(1162,'2409407','PAU DOS FERROS',34),(1567,'2610608','PAUDALHO',2),(113,'1303502','PAUINI',20),(2784,'3148301','PAULA CÂNDIDO',27),(4140,'4118600','PAULA FREITAS',15),(3648,'3536406','PAULICÉIA',24),(577,'2108058','PAULINO NEVES',21),(1362,'2510907','PAULISTA',17),(1568,'2610707','PAULISTA',2),(809,'2207801','PAULISTANA',13),(2785,'3148400','PAULISTAS',27),(3650,'3536570','PAULISTÂNIA',24),(2099,'2924009','PAULO AFONSO',11),(3651,'3536604','PAULO DE FARIA',24),(4141,'4118709','PAULO FRONTIN',15),(1702,'2706604','PAULO JACINTO',16),(4470,'4212304','PAULO LOPES',30),(578,'2108108','PAULO RAMOS',21),(3649,'3536505','PAULÍNIA',24),(4862,'4314159','PAVERAMA',32),(810,'2207850','PAVUSSU',13),(2786,'3148509','PAVÃO',27),(571,'2107506','PAÇO DO LUMIAR',21),(4142,'4118808','PEABIRU',15),(3652,'3536703','PEDERNEIRAS',24),(1569,'2610806','PEDRA',2),(2788,'3148707','PEDRA AZUL',27),(3653,'3536802','PEDRA BELA',24),(2789,'3148756','PEDRA BONITA',27),(1015,'2310506','PEDRA BRANCA',14),(1363,'2511004','PEDRA BRANCA',17),(289,'1600154','PEDRA BRANCA DO AMAPARI',10),(2790,'3148806','PEDRA DO ANTA',27),(2791,'3148905','PEDRA DO INDAIÁ',27),(2792,'3149002','PEDRA DOURADA',27),(1163,'2409506','PEDRA GRANDE',34),(1364,'2511103','PEDRA LAVRADA',17),(1781,'2805000','PEDRA MOLE',19),(1164,'2409605','PEDRA PRETA',34),(5196,'5106372','PEDRA PRETA',26),(2793,'3149101','PEDRALVA',27),(3654,'3536901','PEDRANÓPOLIS',24),(1365,'2511202','PEDRAS DE FOGO',17),(2794,'3149150','PEDRAS DE MARIA DA CRUZ',27),(4471,'4212403','PEDRAS GRANDES',30),(3655,'3537008','PEDREGULHO',24),(3656,'3537107','PEDREIRA',24),(579,'2108207','PEDREIRAS',21),(1782,'2805109','PEDRINHAS',19),(3657,'3537156','PEDRINHAS PAULISTA',24),(2795,'3149200','PEDRINÓPOLIS',27),(396,'1716505','PEDRO AFONSO',25),(2102,'2924207','PEDRO ALEXANDRE',11),(1165,'2409704','PEDRO AVELINO',34),(3124,'3204054','PEDRO CANÁRIO',28),(3658,'3537206','PEDRO DE TOLEDO',24),(580,'2108256','PEDRO DO ROSÁRIO',21),(5100,'5006408','PEDRO GOMES',33),(811,'2207900','PEDRO II',13),(812,'2207934','PEDRO LAURENTINO',13),(2796,'3149309','PEDRO LEOPOLDO',27),(4863,'4314209','PEDRO OSÓRIO',32),(1383,'2512721','PEDRO RÉGIS',17),(2797,'3149408','PEDRO TEIXEIRA',27),(1166,'2409803','PEDRO VELHO',34),(2101,'2924108','PEDRÃO',11),(397,'1716604','PEIXE',25),(234,'1505601','PEIXE-BOI',1),(5197,'5106422','PEIXOTO DE AZEVEDO',26),(4864,'4314308','PEJUÇARA',32),(4865,'4314407','PELOTAS',32),(1016,'2310605','PENAFORTE',14),(581,'2108306','PENALVA',21),(1167,'2409902','PENDÊNCIAS',34),(1703,'2706703','PENEDO',16),(4472,'4212502','PENHA',30),(1017,'2310704','PENTECOSTE',14),(3659,'3537305','PENÁPOLIS',24),(2798,'3149507','PEQUERI',27),(2799,'3149606','PEQUI',27),(398,'1716653','PEQUIZEIRO',25),(2800,'3149705','PERDIGÃO',27),(2801,'3149804','PERDIZES',27),(2802,'3149903','PERDÕES',27),(3660,'3537404','PEREIRA BARRETO',24),(3661,'3537503','PEREIRAS',24),(1018,'2310803','PEREIRO',14),(582,'2108405','PERI MIRIM',21),(2803,'3149952','PERIQUITO',27),(4473,'4212601','PERITIBA',30),(583,'2108454','PERITORÓ',21),(4143,'4118857','PEROBAL',15),(5406,'5216452','PEROLÂNDIA',12),(3662,'3537602','PERUÍBE',24),(2804,'3150000','PESCADOR',27),(1570,'2610905','PESQUEIRA',2),(1572,'2611101','PETROLINA',2),(5407,'5216809','PETROLINA DE GOIÁS',12),(1571,'2611002','PETROLÂNDIA',2),(4474,'4212700','PETROLÂNDIA',30),(3201,'3303906','PETRÓPOLIS',29),(2787,'3148608','PEÇANHA',27),(3663,'3537701','PIACATU',24),(1366,'2511301','PIANCÓ',17),(2103,'2924306','PIATÃ',11),(2805,'3150109','PIAU',27),(1704,'2706802','PIAÇABUÇU',16),(4866,'4314423','PICADA CAFÉ',32),(814,'2208007','PICOS',13),(1367,'2511400','PICUÍ',17),(3664,'3537800','PIEDADE',24),(2806,'3150158','PIEDADE DE CARATINGA',27),(2807,'3150208','PIEDADE DE PONTE NOVA',27),(2808,'3150307','PIEDADE DO RIO GRANDE',27),(2809,'3150406','PIEDADE DOS GERAIS',27),(1368,'2511509','PILAR',17),(1705,'2706901','PILAR',16),(5408,'5216908','PILAR DE GOIÁS',12),(3665,'3537909','PILAR DO SUL',24),(2104,'2924405','PILÃO ARCADO',11),(1168,'2410009','PILÕES',34),(1369,'2511608','PILÕES',17),(1370,'2511707','PILÕEZINHOS',17),(2810,'3150505','PIMENTA',27),(8,'1100189','PIMENTA BUENO',22),(815,'2208106','PIMENTEIRAS',13),(35,'1101468','PIMENTEIRAS DO OESTE',22),(3666,'3538006','PINDAMONHANGABA',24),(584,'2108504','PINDARÉ MIRIM',21),(2105,'2924504','PINDAÍ',11),(1706,'2707008','PINDOBA',16),(2106,'2924603','PINDOBAÇU',11),(3667,'3538105','PINDORAMA',24),(400,'1717008','PINDORAMA DO TOCANTINS',25),(1019,'2310852','PINDORETAMA',14),(2811,'3150539','PINGO D\'ÁGUA',27),(4147,'4119152','PINHAIS',15),(4867,'4314456','PINHAL',32),(4149,'4119251','PINHAL DE SÃO BENTO',15),(4868,'4314472','PINHAL GRANDE',32),(3668,'3538204','PINHALZINHO',24),(4476,'4212908','PINHALZINHO',30),(4148,'4119202','PINHALÃO',15),(3202,'3303955','PINHEIRAL',29),(4869,'4314498','PINHEIRINHO DO VALE',32),(585,'2108603','PINHEIRO',21),(4870,'4314506','PINHEIRO MACHADO',32),(4477,'4213005','PINHEIRO PRETO',30),(3125,'3204104','PINHEIROS',28),(1783,'2805208','PINHÃO',19),(4150,'4119301','PINHÃO',15),(2107,'2924652','PINTADAS',11),(2812,'3150570','PINTÓPOLIS',27),(816,'2208205','PIO IX',13),(586,'2108702','PIO XII',21),(3669,'3538303','PIQUEROBI',24),(1020,'2310902','PIQUET CARNEIRO',14),(3670,'3538501','PIQUETE',24),(3671,'3538600','PIRACAIA',24),(5409,'5217104','PIRACANJUBA',12),(2813,'3150604','PIRACEMA',27),(3672,'3538709','PIRACICABA',24),(817,'2208304','PIRACURUCA',13),(3673,'3538808','PIRAJU',24),(2814,'3150703','PIRAJUBA',27),(3674,'3538907','PIRAJUÍ',24),(1784,'2805307','PIRAMBU',19),(2815,'3150802','PIRANGA',27),(3675,'3539004','PIRANGI',24),(2817,'3151008','PIRANGUINHO',27),(2816,'3150901','PIRANGUÇU',27),(1707,'2707107','PIRANHAS',16),(5410,'5217203','PIRANHAS',12),(587,'2108801','PIRAPEMAS',21),(2818,'3151107','PIRAPETINGA',27),(2819,'3151206','PIRAPORA',27),(3676,'3539103','PIRAPORA DO BOM JESUS',24),(3677,'3539202','PIRAPOZINHO',24),(4871,'4314555','PIRAPÓ',32),(4152,'4119509','PIRAQUARA',15),(401,'1717206','PIRAQUÊ',25),(3678,'3539301','PIRASSUNUNGA',24),(4872,'4314605','PIRATINI',32),(3679,'3539400','PIRATININGA',24),(4478,'4213104','PIRATUBA',30),(3203,'3304003','PIRAÍ',29),(2108,'2924678','PIRAÍ DO NORTE',11),(4151,'4119400','PIRAÍ DO SUL',15),(2820,'3151305','PIRAÚBA',27),(5411,'5217302','PIRENÓPOLIS',12),(5412,'5217401','PIRES DO RIO',12),(1021,'2310951','PIRES FERREIRA',14),(818,'2208403','PIRIPIRI',13),(2109,'2924702','PIRIPÁ',11),(2110,'2924801','PIRITIBA',11),(1371,'2511806','PIRPIRITUBA',17),(4153,'4119608','PITANGA',15),(3680,'3539509','PITANGUEIRAS',24),(4154,'4119657','PITANGUEIRAS',15),(2821,'3151404','PITANGUI',27),(1372,'2511905','PITIMBU',17),(402,'1717503','PIUM',25),(2822,'3151503','PIUMHI',27),(235,'1505635','PIÇARRA',1),(4475,'4212809','PIÇARRAS',30),(4146,'4119103','PIÊN',15),(3126,'3204203','PIÚMA',28),(236,'1505650','PLACAS',1),(5413,'5217609','PLANALTINA',12),(4155,'4119707','PLANALTINA DO PARANÁ',15),(2111,'2924900','PLANALTINO',11),(2112,'2925006','PLANALTO',11),(3681,'3539608','PLANALTO',24),(4156,'4119806','PLANALTO',15),(4873,'4314704','PLANALTO',32),(4479,'4213153','PLANALTO ALEGRE',30),(5198,'5106455','PLANALTO DA SERRA',26),(2823,'3151602','PLANURA',27),(3682,'3539707','PLATINA',24),(57,'1200385','PLÁCIDO DE CASTRO',8),(1373,'2512002','POCINHOS',17),(5199,'5106505','POCONÉ',26),(2826,'3151909','POCRANE',27),(2114,'2925204','POJUCA',11),(3684,'3539905','POLONI',24),(1376,'2512101','POMBAL',17),(1574,'2611309','POMBOS',2),(4480,'4213203','POMERODE',30),(3685,'3540002','POMPÉIA',24),(2827,'3152006','POMPÉU',27),(3686,'3540101','PONGAÍ',24),(237,'1505700','PONTA DE PEDRAS',1),(4157,'4119905','PONTA GROSSA',15),(5101,'5006606','PONTA PORÃ',33),(3687,'3540200','PONTAL',24),(5200,'5106653','PONTAL DO ARAGUAIA',26),(4158,'4119954','PONTAL DO PARANÁ',15),(5414,'5217708','PONTALINA',12),(3688,'3540259','PONTALINDA',24),(4481,'4213302','PONTE ALTA',30),(403,'1717800','PONTE ALTA DO BOM JESUS',25),(4482,'4213351','PONTE ALTA DO NORTE',30),(404,'1717909','PONTE ALTA DO TOCANTINS',25),(5201,'5106703','PONTE BRANCA',26),(2828,'3152105','PONTE NOVA',27),(4876,'4314787','PONTE PRETA',32),(4483,'4213401','PONTE SERRADA',30),(5202,'5106752','PONTES E LACERDA',26),(3689,'3540309','PONTES GESTAL',24),(3127,'3204252','PONTO BELO',28),(2829,'3152131','PONTO CHIQUE',27),(2830,'3152170','PONTO DOS VOLANTES',27),(2115,'2925253','PONTO NOVO',11),(4875,'4314779','PONTÃO',32),(3690,'3540408','POPULINA',24),(1022,'2311009','PORANGA',14),(3691,'3540507','PORANGABA',24),(5415,'5218003','PORANGATU',12),(3204,'3304102','PORCIÚNCULA',29),(4159,'4120002','PORECATU',15),(1170,'2410207','PORTALEGRE',34),(1023,'2311108','PORTEIRAS',14),(2831,'3152204','PORTEIRINHA',27),(5416,'5218052','PORTEIRÃO',12),(238,'1505809','PORTEL',1),(5417,'5218102','PORTELÂNDIA',12),(819,'2208502','PORTO',13),(66,'1200807','PORTO ACRE',8),(4878,'4314902','PORTO ALEGRE',32),(5203,'5106778','PORTO ALEGRE DO NORTE',26),(820,'2208551','PORTO ALEGRE DO PIAUÍ',13),(405,'1718006','PORTO ALEGRE DO TOCANTINS',25),(4160,'4120101','PORTO AMAZONAS',15),(4161,'4120150','PORTO BARREIRO',15),(4484,'4213500','PORTO BELO',30),(1709,'2707305','PORTO CALVO',16),(1787,'2805604','PORTO DA FOLHA',19),(239,'1505908','PORTO DE MOZ',1),(1710,'2707404','PORTO DE PEDRAS',16),(1171,'2410256','PORTO DO MANGUE',34),(5204,'5106802','PORTO DOS GAÚCHOS',26),(5205,'5106828','PORTO ESPERIDIÃO',26),(5206,'5106851','PORTO ESTRELA',26),(3692,'3540606','PORTO FELIZ',24),(3693,'3540705','PORTO FERREIRA',24),(2832,'3152303','PORTO FIRME',27),(589,'2109007','PORTO FRANCO',21),(298,'1600535','PORTO GRANDE',10),(4879,'4315008','PORTO LUCENA',32),(4880,'4315057','PORTO MAUÁ',32),(5102,'5006903','PORTO MURTINHO',33),(406,'1718204','PORTO NACIONAL',25),(3205,'3304110','PORTO REAL',29),(1711,'2707503','PORTO REAL DO COLÉGIO',16),(4162,'4120200','PORTO RICO',15),(590,'2109056','PORTO RICO DO MARANHÃO',21),(2116,'2925303','PORTO SEGURO',11),(4485,'4213609','PORTO UNIÃO',30),(9,'1100205','PORTO VELHO',22),(4881,'4315073','PORTO VERA CRUZ',32),(4163,'4120309','PORTO VITÓRIA',15),(58,'1200393','PORTO WALTER',8),(4882,'4315107','PORTO XAVIER',32),(4877,'4314803','PORTÃO',32),(5418,'5218300','POSSE',12),(1024,'2311207','POTENGI',14),(3694,'3540754','POTIM',24),(2117,'2925402','POTIRAGUÁ',11),(3695,'3540804','POTIRENDABA',24),(1025,'2311231','POTIRETAMA',14),(2833,'3152402','POTÉ',27),(2834,'3152501','POUSO ALEGRE',27),(2835,'3152600','POUSO ALTO',27),(4883,'4315131','POUSO NOVO',32),(4486,'4213708','POUSO REDONDO',30),(5207,'5107008','POXORÉO',26),(3683,'3539806','POÁ',24),(1169,'2410108','POÇO BRANCO',34),(1374,'2512036','POÇO DANTAS',17),(4874,'4314753','POÇO DAS ANTAS',32),(1708,'2707206','POÇO DAS TRINCHEIRAS',16),(1375,'2512077','POÇO DE JOSÉ DE MOURA',17),(2824,'3151701','POÇO FUNDO',27),(1785,'2805406','POÇO REDONDO',19),(1786,'2805505','POÇO VERDE',19),(2825,'3151800','POÇOS DE CALDAS',27),(1573,'2611200','POÇÃO',2),(588,'2108900','POÇÃO DE PEDRAS',21),(2113,'2925105','POÇÕES',11),(3696,'3540853','PRACINHA',24),(299,'1600550','PRACUÚBA',10),(2118,'2925501','PRADO',11),(4164,'4120333','PRADO FERREIRA',15),(2836,'3152709','PRADOS',27),(3697,'3540903','PRADÓPOLIS',24),(3698,'3541000','PRAIA GRANDE',24),(4487,'4213807','PRAIA GRANDE',30),(407,'1718303','PRAIA NORTE',25),(240,'1506005','PRAINHA',1),(4165,'4120358','PRANCHITA',15),(1377,'2512200','PRATA',17),(2837,'3152808','PRATA',27),(821,'2208601','PRATA DO PIAUÍ',13),(2839,'3153004','PRATINHA',27),(2838,'3152907','PRATÁPOLIS',27),(3699,'3541059','PRATÂNIA',24),(3700,'3541109','PRESIDENTE ALVES',24),(2840,'3153103','PRESIDENTE BERNARDES',27),(3701,'3541208','PRESIDENTE BERNARDES',24),(4166,'4120408','PRESIDENTE CASTELO BRANCO',15),(4488,'4213906','PRESIDENTE CASTELO BRANCO',30),(591,'2109106','PRESIDENTE DUTRA',21),(2119,'2925600','PRESIDENTE DUTRA',11),(3702,'3541307','PRESIDENTE EPITÁCIO',24),(114,'1303536','PRESIDENTE FIGUEIREDO',20),(4489,'4214003','PRESIDENTE GETÚLIO',30),(592,'2109205','PRESIDENTE JUSCELINO',21),(1172,'2410306','PRESIDENTE JUSCELINO',34),(2841,'3153202','PRESIDENTE JUSCELINO',27),(2120,'2925709','PRESIDENTE JÂNIO QUADROS',11),(408,'1718402','PRESIDENTE KENNEDY',25),(3128,'3204302','PRESIDENTE KENNEDY',28),(2842,'3153301','PRESIDENTE KUBITSCHEK',27),(4884,'4315149','PRESIDENTE LUCENA',32),(10,'1100254','PRESIDENTE MÉDICI',22),(593,'2109239','PRESIDENTE MÉDICI',21),(4490,'4214102','PRESIDENTE NEREU',30),(2843,'3153400','PRESIDENTE OLEGÁRIO',27),(3703,'3541406','PRESIDENTE PRUDENTE',24),(594,'2109270','PRESIDENTE SARNEY',21),(2121,'2925758','PRESIDENTE TANCREDO NEVES',11),(595,'2109304','PRESIDENTE VARGAS',21),(3704,'3541505','PRESIDENTE VENCESLAU',24),(241,'1506104','PRIMAVERA',1),(1575,'2611408','PRIMAVERA',2),(36,'1101476','PRIMAVERA DE RONDÔNIA',22),(5208,'5107040','PRIMAVERA DO LESTE',26),(596,'2109403','PRIMEIRA CRUZ',21),(4167,'4120507','PRIMEIRO DE MAIO',15),(4491,'4214151','PRINCESA',30),(1378,'2512309','PRINCESA ISABEL',17),(5419,'5218391','PROFESSOR JAMIL',12),(4885,'4315156','PROGRESSO',32),(3705,'3541604','PROMISSÃO',24),(1788,'2805703','PROPRIÁ',19),(4886,'4315172','PROTÁSIO ALVES',32),(2845,'3153608','PRUDENTE DE MORAIS',27),(4168,'4120606','PRUDENTÓPOLIS',15),(409,'1718451','PUGMIL',25),(1173,'2410405','PUREZA',34),(4887,'4315206','PUTINGA',32),(1379,'2512408','PUXINANÃ',17),(1698,'2706406','PÃO DE AÇÚCAR',16),(2100,'2924058','PÉ DE SERRA',11),(4144,'4118907','PÉROLA',15),(4145,'4119004','PÉROLA D\'OESTE',15),(3706,'3541653','QUADRA',24),(4888,'4315305','QUARAÍ',32),(2846,'3153707','QUARTEL GERAL',27),(4169,'4120655','QUARTO CENTENÁRIO',15),(4170,'4120705','QUATIGUÁ',15),(242,'1506112','QUATIPURU',1),(3206,'3304128','QUATIS',29),(4171,'4120804','QUATRO BARRAS',15),(4172,'4120853','QUATRO PONTES',15),(3707,'3541703','QUATÁ',24),(1712,'2707602','QUEBRANGULO',16),(4173,'4120903','QUEDAS DO IGUAÇU',15),(822,'2208650','QUEIMADA NOVA',13),(1380,'2512507','QUEIMADAS',17),(2122,'2925808','QUEIMADAS',11),(3207,'3304144','QUEIMADOS',29),(3708,'3541802','QUEIROZ',24),(3709,'3541901','QUELUZ',24),(2847,'3153806','QUELUZITA',27),(5209,'5107065','QUERÊNCIA',26),(4174,'4121000','QUERÊNCIA DO NORTE',15),(4889,'4315321','QUEVEDOS',32),(2123,'2925907','QUIJINGUE',11),(4492,'4214201','QUILOMBO',30),(4175,'4121109','QUINTA DO SOL',15),(3710,'3542008','QUINTANA',24),(4890,'4315354','QUINZE DE NOVEMBRO',32),(1576,'2611507','QUIPAPÁ',2),(5420,'5218508','QUIRINÓPOLIS',12),(3208,'3304151','QUISSAMÃ',29),(4176,'4121208','QUITANDINHA',15),(1026,'2311264','QUITERIANÓPOLIS',14),(2124,'2925931','QUIXABEIRA',11),(1381,'2512606','QUIXABÁ',17),(1577,'2611533','QUIXABÁ',2),(1027,'2311306','QUIXADÁ',14),(1028,'2311355','QUIXELÔ',14),(1029,'2311405','QUIXERAMOBIM',14),(1030,'2311504','QUIXERÉ',14),(1174,'2410504','RAFAEL FERNANDES',34),(1175,'2410603','RAFAEL GODEIRO',34),(2125,'2925956','RAFAEL JAMBEIRO',11),(3711,'3542107','RAFARD',24),(4177,'4121257','RAMILÂNDIA',15),(3712,'3542206','RANCHARIA',24),(4178,'4121307','RANCHO ALEGRE',15),(4179,'4121356','RANCHO ALEGRE D\'OESTE',15),(4493,'4214300','RANCHO QUEIMADO',30),(5474,'2109452','RAPOSA',21),(2848,'3153905','RAPOSOS',27),(2849,'3154002','RAUL SOARES',27),(4180,'4121406','REALEZA',15),(4181,'4121505','REBOUÇAS',15),(1578,'2611606','RECIFE',2),(2850,'3154101','RECREIO',27),(410,'1718501','RECURSOLÂNDIA',25),(4891,'4315404','REDENTORA',32),(243,'1506138','REDENÇÃO',1),(1031,'2311603','REDENÇÃO',14),(3713,'3542305','REDENÇÃO DA SERRA',24),(823,'2208700','REDENÇÃO DO GURGUÉIA',13),(2851,'3154150','REDUTO',27),(824,'2208809','REGENERAÇÃO',13),(3714,'3542404','REGENTE FEIJÓ',24),(3715,'3542503','REGINÓPOLIS',24),(3716,'3542602','REGISTRO',24),(4892,'4315453','RELVADO',32),(2126,'2926004','REMANSO',11),(1382,'2512705','REMÍGIO',17),(4182,'4121604','RENASCENÇA',15),(1032,'2311702','RERIUTABA',14),(3209,'3304201','RESENDE',29),(2852,'3154200','RESENDE COSTA',27),(4183,'4121703','RESERVA',15),(5211,'5107156','RESERVA DO CABAÇAL',26),(4184,'4121752','RESERVA DO IGUAÇU',15),(2853,'3154309','RESPLENDOR',27),(2854,'3154408','RESSAQUINHA',27),(3717,'3542701','RESTINGA',24),(4893,'4315503','RESTINGA SECA',32),(2127,'2926103','RETIROLÂNDIA',11),(411,'1718550','RIACHINHO',25),(2855,'3154457','RIACHINHO',27),(1176,'2410702','RIACHO DA CRUZ',34),(1579,'2611705','RIACHO DAS ALMAS',2),(1177,'2410801','RIACHO DE SANTANA',34),(2130,'2926400','RIACHO DE SANTANA',11),(1387,'2512788','RIACHO DE SANTO ANTÔNIO',17),(1388,'2512804','RIACHO DOS CAVALOS',17),(2856,'3154507','RIACHO DOS MACHADOS',27),(825,'2208858','RIACHO FRIO',13),(1790,'2805901','RIACHUELO',19),(5475,'2410900','RIACHUELO',34),(597,'2109502','RIACHÃO',21),(1384,'2512747','RIACHÃO',17),(2128,'2926202','RIACHÃO DAS NEVES',11),(1385,'2512754','RIACHÃO DO BACAMARTE',17),(1789,'2805802','RIACHÃO DO DANTAS',19),(2129,'2926301','RIACHÃO DO JACUÍPE',11),(1386,'2512762','RIACHÃO DO POÇO',17),(5421,'5218607','RIALMA',12),(5422,'5218706','RIANÁPOLIS',12),(598,'2109551','RIBAMAR FIQUENE',21),(5103,'5007109','RIBAS DO RIO PARDO',33),(3718,'3542800','RIBEIRA',24),(2131,'2926509','RIBEIRA DO AMPARO',11),(826,'2208874','RIBEIRA DO PIAUÍ',13),(2132,'2926608','RIBEIRA DO POMBAL',11),(827,'2208908','RIBEIRO GONÇALVES',13),(1580,'2611804','RIBEIRÃO',2),(3719,'3542909','RIBEIRÃO BONITO',24),(3720,'3543006','RIBEIRÃO BRANCO',24),(5212,'5107180','RIBEIRÃO CASCALHEIRA',26),(4185,'4121802','RIBEIRÃO CLARO',15),(3721,'3543105','RIBEIRÃO CORRENTE',24),(2857,'3154606','RIBEIRÃO DAS NEVES',27),(2133,'2926657','RIBEIRÃO DO LARGO',11),(4186,'4121901','RIBEIRÃO DO PINHAL',15),(3722,'3543204','RIBEIRÃO DO SUL',24),(3723,'3543238','RIBEIRÃO DOS ÍNDIOS',24),(3724,'3543253','RIBEIRÃO GRANDE',24),(3725,'3543303','RIBEIRÃO PIRES',24),(3726,'3543402','RIBEIRÃO PRETO',24),(2858,'3154705','RIBEIRÃO VERMELHO',27),(5213,'5107198','RIBEIRÃOZINHO',26),(1791,'2806008','RIBEIRÓPOLIS',19),(3728,'3543600','RIFAINA',24),(3729,'3543709','RINCÃO',24),(3730,'3543808','RINÓPOLIS',24),(2859,'3154804','RIO ACIMA',27),(4187,'4122008','RIO AZUL',15),(3129,'3204351','RIO BANANAL',28),(4188,'4122107','RIO BOM',15),(3210,'3304300','RIO BONITO',29),(4189,'4122156','RIO BONITO DO IGUAÇU',15),(59,'1200401','RIO BRANCO',8),(5214,'5107206','RIO BRANCO',26),(4190,'4122172','RIO BRANCO DO IVAÍ',15),(4191,'4122206','RIO BRANCO DO SUL',15),(5104,'5007208','RIO BRILHANTE',33),(2860,'3154903','RIO CASCA',27),(3211,'3304409','RIO CLARO',29),(3731,'3543907','RIO CLARO',24),(11,'1100262','RIO CRESPO',22),(412,'1718659','RIO DA CONCEIÇÃO',25),(4494,'4214409','RIO DAS ANTAS',30),(3212,'3304508','RIO DAS FLORES',29),(3213,'3304524','RIO DAS OSTRAS',29),(3732,'3544004','RIO DAS PEDRAS',24),(2134,'2926707','RIO DE CONTAS',11),(3214,'3304557','RIO DE JANEIRO',29),(2135,'2926806','RIO DO ANTÔNIO',11),(4495,'4214508','RIO DO CAMPO',30),(1157,'2408953','RIO DO FOGO',34),(4496,'4214607','RIO DO OESTE',30),(2136,'2926905','RIO DO PIRES',11),(2862,'3155108','RIO DO PRADO',27),(4498,'4214805','RIO DO SUL',30),(2861,'3155009','RIO DOCE',27),(413,'1718709','RIO DOS BOIS',25),(4497,'4214706','RIO DOS CEDROS',30),(4894,'4315552','RIO DOS ÍNDIOS',32),(2863,'3155207','RIO ESPERA',27),(1581,'2611903','RIO FORMOSO',2),(4499,'4214904','RIO FORTUNA',30),(4895,'4315602','RIO GRANDE',32),(3733,'3544103','RIO GRANDE DA SERRA',24),(828,'2209005','RIO GRANDE DO PIAUÍ',13),(1713,'2707701','RIO LARGO',16),(2864,'3155306','RIO MANSO',27),(244,'1506161','RIO MARIA',1),(4500,'4215000','RIO NEGRINHO',30),(4192,'4122305','RIO NEGRO',15),(5105,'5007307','RIO NEGRO',33),(2865,'3155405','RIO NOVO',27),(3130,'3204401','RIO NOVO DO SUL',28),(2866,'3155504','RIO PARANAÍBA',27),(4896,'4315701','RIO PARDO',32),(5478,'3155603','RIO PARDO DE MINAS',27),(2867,'3155702','RIO PIRACICABA',27),(2868,'3155801','RIO POMBA',27),(2869,'3155900','RIO PRETO',27),(115,'1303569','RIO PRETO DA EVA',20),(5423,'5218789','RIO QUENTE',12),(2137,'2927002','RIO REAL',11),(4501,'4215059','RIO RUFINO',30),(414,'1718758','RIO SONO',25),(1389,'2512903','RIO TINTO',17),(5424,'5218805','RIO VERDE',12),(5106,'5007406','RIO VERDE DE MATO GROSSO',33),(2870,'3156007','RIO VERMELHO',27),(3734,'3544202','RIOLÂNDIA',24),(4897,'4315750','RIOZINHO',32),(4502,'4215075','RIQUEZA',30),(2871,'3156106','RITÁPOLIS',27),(3727,'3543501','RIVERSUL',24),(4898,'4315800','ROCA SALES',32),(5107,'5007505','ROCHEDO',33),(2872,'3156205','ROCHEDO DE MINAS',27),(4503,'4215109','RODEIO',30),(4899,'4315909','RODEIO BONITO',32),(5489,'3156304','RODEIRO',27),(2138,'2927101','RODELAS',11),(1178,'2411007','RODOLFO FERNANDES',34),(60,'1200427','RODRIGUES ALVES',8),(4900,'4316006','ROLANTE',32),(12,'1100288','ROLIM DE MOURA',22),(4193,'4122404','ROLÂNDIA',15),(2873,'3156403','ROMARIA',27),(4504,'4215208','ROMELÂNDIA',30),(4194,'4122503','RONCADOR',15),(4901,'4316105','RONDA ALTA',32),(4902,'4316204','RONDINHA',32),(4195,'4122602','RONDON',15),(245,'1506187','RONDON DO PARÁ',1),(5221,'5107602','RONDONÓPOLIS',26),(4903,'4316303','ROQUE GONZALES',32),(140,'1400472','RORAINÓPOLIS',18),(3735,'3544251','ROSANA',24),(3736,'3544301','ROSEIRA',24),(599,'2109601','ROSÁRIO',21),(2874,'3156452','ROSÁRIO DA LIMEIRA',27),(1792,'2806107','ROSÁRIO DO CATETE',19),(4196,'4122651','ROSÁRIO DO IVAÍ',15),(4904,'4316402','ROSÁRIO DO SUL',32),(5222,'5107701','ROSÁRIO OESTE',26),(1714,'2707800','ROTEIRO',16),(2875,'3156502','RUBELITA',27),(5425,'5218904','RUBIATABA',12),(2876,'3156601','RUBIM',27),(3738,'3544509','RUBINÉIA',24),(3737,'3544400','RUBIÁCEA',24),(246,'1506195','RURÓPOLIS',1),(1033,'2311801','RUSSAS',14),(1180,'2411106','RUY BARBOSA',34),(2139,'2927200','RUY BARBOSA',11),(2877,'3156700','SABARÁ',27),(3739,'3544608','SABINO',24),(2878,'3156809','SABINÓPOLIS',27),(1034,'2311900','SABOEIRO',14),(4197,'4122701','SABÁUDIA',15),(2879,'3156908','SACRAMENTO',27),(4905,'4316428','SAGRADA FAMÍLIA',32),(3740,'3544707','SAGRES',24),(1582,'2612000','SAIRÉ',2),(4906,'4316436','SALDANHA MARINHO',32),(3741,'3544806','SALES',24),(3742,'3544905','SALES OLIVEIRA',24),(3743,'3545001','SALESÓPOLIS',24),(4505,'4215307','SALETE',30),(1390,'2513000','SALGADINHO',17),(1583,'2612109','SALGADINHO',2),(1793,'2806206','SALGADO',19),(1391,'2513109','SALGADO DE SÃO FÉLIX',17),(4198,'4122800','SALGADO FILHO',15),(1584,'2612208','SALGUEIRO',2),(2880,'3157005','SALINAS',27),(2140,'2927309','SALINAS DA MARGARIDA',11),(247,'1506203','SALINÓPOLIS',1),(1035,'2311959','SALITRE',14),(3744,'3545100','SALMOURÃO',24),(1585,'2612307','SALOÁ',2),(3745,'3545159','SALTINHO',24),(4506,'4215356','SALTINHO',30),(3746,'3545209','SALTO',24),(2881,'3157104','SALTO DA DIVISA',27),(3747,'3545308','SALTO DE PIRAPORA',24),(5223,'5107750','SALTO DO CÉU',26),(4199,'4122909','SALTO DO ITARARÉ',15),(4907,'4316451','SALTO DO JACUÍ',32),(4200,'4123006','SALTO DO LONTRA',15),(3748,'3545407','SALTO GRANDE',24),(4507,'4215406','SALTO VELOSO',30),(2141,'2927408','SALVADOR',11),(4908,'4316477','SALVADOR DAS MISSÕES',32),(4909,'4316501','SALVADOR DO SUL',32),(248,'1506302','SALVATERRA',1),(600,'2109700','SAMBAÍBA',21),(415,'1718808','SAMPAIO',25),(4910,'4316600','SANANDUVA',32),(5426,'5219001','SANCLERLÂNDIA',12),(416,'1718840','SANDOLÂNDIA',25),(3749,'3545506','SANDOVALINA',24),(4508,'4215455','SANGÃO',30),(1586,'2612406','SANHARÓ',2),(3750,'3545605','SANTA ADÉLIA',24),(3751,'3545704','SANTA ALBERTINA',24),(4201,'4123105','SANTA AMÉLIA',15),(3753,'3546009','SANTA BRANCA',24),(2143,'2927606','SANTA BRÍGIDA',11),(2142,'2927507','SANTA BÁRBARA',11),(2882,'3157203','SANTA BÁRBARA',27),(3752,'3545803','SANTA BÁRBARA D\'OESTE',24),(5427,'5219100','SANTA BÁRBARA DE GOIÁS',12),(2883,'3157252','SANTA BÁRBARA DO LESTE',27),(2884,'3157278','SANTA BÁRBARA DO MONTE VERDE',27),(249,'1506351','SANTA BÁRBARA DO PARÁ',1),(4911,'4316709','SANTA BÁRBARA DO SUL',32),(2885,'3157302','SANTA BÁRBARA DO TUGÚRIO',27),(5215,'5107248','SANTA CARMEM',26),(1392,'2513158','SANTA CECÍLIA',17),(4509,'4215505','SANTA CECÍLIA',30),(4202,'4123204','SANTA CECÍLIA DO PAVÃO',15),(3754,'3546108','SANTA CLARA D\'OESTE',24),(4912,'4316758','SANTA CLARA DO SUL',32),(1181,'2411205','SANTA CRUZ',34),(1393,'2513208','SANTA CRUZ',17),(1587,'2612455','SANTA CRUZ',2),(2144,'2927705','SANTA CRUZ CABRÁLIA',11),(1588,'2612471','SANTA CRUZ DA BAIXA VERDE',2),(3755,'3546207','SANTA CRUZ DA CONCEIÇÃO',24),(3756,'3546256','SANTA CRUZ DA ESPERANÇA',24),(2145,'2927804','SANTA CRUZ DA VITÓRIA',11),(3757,'3546306','SANTA CRUZ DAS PALMEIRAS',24),(5428,'5219209','SANTA CRUZ DE GOIÁS',12),(2886,'3157336','SANTA CRUZ DE MINAS',27),(4203,'4123303','SANTA CRUZ DE MONTE CASTELO',15),(2887,'3157377','SANTA CRUZ DE SALINAS',27),(250,'1506401','SANTA CRUZ DO ARARI',1),(1589,'2612505','SANTA CRUZ DO CAPIBARIBE',2),(2888,'3157401','SANTA CRUZ DO ESCALVADO',27),(829,'2209104','SANTA CRUZ DO PIAUÍ',13),(3758,'3546405','SANTA CRUZ DO RIO PARDO',24),(4913,'4316808','SANTA CRUZ DO SUL',32),(830,'2209153','SANTA CRUZ DOS MILAGRES',13),(2889,'3157500','SANTA EFIGÊNIA DE MINAS',27),(3759,'3546504','SANTA ERNESTINA',24),(831,'2209203','SANTA FILOMENA',13),(1590,'2612554','SANTA FILOMENA',2),(601,'2109759','SANTA FILOMENA DO MARANHÃO',21),(4204,'4123402','SANTA FÉ',15),(5429,'5219258','SANTA FÉ DE GOIÁS',12),(2890,'3157609','SANTA FÉ DE MINAS',27),(417,'1718865','SANTA FÉ DO ARAGUAIA',25),(3760,'3546603','SANTA FÉ DO SUL',24),(3761,'3546702','SANTA GERTRUDES',24),(602,'2109809','SANTA HELENA',21),(1394,'2513307','SANTA HELENA',17),(4205,'4123501','SANTA HELENA',15),(4510,'4215554','SANTA HELENA',30),(5430,'5219308','SANTA HELENA DE GOIÁS',12),(2891,'3157658','SANTA HELENA DE MINAS',27),(603,'2109908','SANTA INÊS',21),(1395,'2513356','SANTA INÊS',17),(2146,'2927903','SANTA INÊS',11),(4206,'4123600','SANTA INÊS',15),(3762,'3546801','SANTA ISABEL',24),(5431,'5219357','SANTA ISABEL',12),(4207,'4123709','SANTA ISABEL DO IVAÍ',15),(251,'1506500','SANTA ISABEL DO PARÁ',1),(116,'1303601','SANTA ISABEL DO RIO NEGRO',20),(4208,'4123808','SANTA IZABEL DO OESTE',15),(2892,'3157708','SANTA JULIANA',27),(3131,'3204500','SANTA LEOPOLDINA',28),(832,'2209302','SANTA LUZ',13),(604,'2110005','SANTA LUZIA',21),(1396,'2513406','SANTA LUZIA',17),(2148,'2928059','SANTA LUZIA',11),(2893,'3157807','SANTA LUZIA',27),(13,'1100296','SANTA LUZIA D\'OESTE',22),(1794,'2806305','SANTA LUZIA DO ITANHY',19),(1715,'2707909','SANTA LUZIA DO NORTE',16),(605,'2110039','SANTA LUZIA DO PARUÁ',21),(252,'1506559','SANTA LUZIA DO PARÁ',1),(3763,'3546900','SANTA LÚCIA',24),(4209,'4123824','SANTA LÚCIA',15),(2894,'3157906','SANTA MARGARIDA',27),(1161,'2409332','SANTA MARIA',34),(4914,'4316907','SANTA MARIA',32),(1591,'2612604','SANTA MARIA DA BOA VISTA',2),(3764,'3547007','SANTA MARIA DA SERRA',24),(2149,'2928109','SANTA MARIA DA VITÓRIA',11),(253,'1506583','SANTA MARIA DAS BARREIRAS',1),(2895,'3158003','SANTA MARIA DE ITABIRA',27),(3132,'3204559','SANTA MARIA DE JETIBÁ',28),(1592,'2612703','SANTA MARIA DO CAMBUCÁ',2),(4915,'4316956','SANTA MARIA DO HERVAL',32),(4210,'4123857','SANTA MARIA DO OESTE',15),(254,'1506609','SANTA MARIA DO PARÁ',1),(2896,'3158102','SANTA MARIA DO SALTO',27),(2897,'3158201','SANTA MARIA DO SUAÇUÍ',27),(418,'1718881','SANTA MARIA DO TOCANTINS',25),(3215,'3304607','SANTA MARIA MADALENA',29),(4211,'4123907','SANTA MARIANA',15),(3765,'3547106','SANTA MERCEDES',24),(4212,'4123956','SANTA MÔNICA',15),(1038,'2312205','SANTA QUITÉRIA',14),(606,'2110104','SANTA QUITÉRIA DO MARANHÃO',21),(607,'2110203','SANTA RITA',21),(1400,'2513703','SANTA RITA',17),(3768,'3547403','SANTA RITA D\'OESTE',24),(2908,'3159209','SANTA RITA DE CALDAS',27),(2152,'2928406','SANTA RITA DE CÁSSIA',11),(2911,'3159407','SANTA RITA DE IBITIPOCA',27),(2909,'3159308','SANTA RITA DE JACUTINGA',27),(2910,'3159357','SANTA RITA DE MINAS',27),(5432,'5219407','SANTA RITA DO ARAGUAIA',12),(2912,'3159506','SANTA RITA DO ITUETO',27),(5433,'5219456','SANTA RITA DO NOVO DESTINO',12),(5108,'5007554','SANTA RITA DO PARDO',33),(3769,'3547502','SANTA RITA DO PASSA QUATRO',24),(2913,'3159605','SANTA RITA DO SAPUCAÍ',27),(419,'1718899','SANTA RITA DO TOCANTINS',25),(4918,'4317202','SANTA ROSA',32),(2914,'3159704','SANTA ROSA DA SERRA',27),(5434,'5219506','SANTA ROSA DE GOIÁS',12),(1796,'2806503','SANTA ROSA DE LIMA',19),(4511,'4215604','SANTA ROSA DE LIMA',30),(3770,'3547601','SANTA ROSA DE VITERBO',24),(834,'2209377','SANTA ROSA DO PIAUÍ',13),(61,'1200435','SANTA ROSA DO PURUS',8),(4512,'4215653','SANTA ROSA DO SUL',30),(420,'1718907','SANTA ROSA DO TOCANTINS',25),(3771,'3547650','SANTA SALETE',24),(3133,'3204609','SANTA TERESA',28),(1401,'2513802','SANTA TERESINHA',17),(2153,'2928505','SANTA TERESINHA',11),(4919,'4317251','SANTA TEREZA',32),(5435,'5219605','SANTA TEREZA DE GOIÁS',12),(4214,'4124020','SANTA TEREZA DO OESTE',15),(421,'1719004','SANTA TEREZA DO TOCANTINS',25),(1593,'2612802','SANTA TEREZINHA',2),(4513,'4215679','SANTA TEREZINHA',30),(5224,'5107776','SANTA TEREZINHA',26),(5436,'5219704','SANTA TEREZINHA DE GOIÁS',12),(4215,'4124053','SANTA TEREZINHA DE ITAIPU',15),(4514,'4215687','SANTA TEREZINHA DO PROGRESSO',30),(422,'1720002','SANTA TEREZINHA DO TOCANTINS',25),(2915,'3159803','SANTA VITÓRIA',27),(4920,'4317301','SANTA VITÓRIA DO PALMAR',32),(2147,'2928000','SANTALUZ',11),(300,'1600600','SANTANA',10),(2150,'2928208','SANTANA',11),(4916,'4317004','SANTANA DA BOA VISTA',32),(3766,'3547205','SANTANA DA PONTE PENSA',24),(2898,'3158300','SANTANA DA VARGEM',27),(2899,'3158409','SANTANA DE CATAGUASES',27),(1397,'2513505','SANTANA DE MANGUEIRA',17),(3767,'3547304','SANTANA DE PARNAÍBA',24),(2900,'3158508','SANTANA DE PIRAPAMA',27),(1036,'2312007','SANTANA DO ACARAÚ',14),(255,'1506708','SANTANA DO ARAGUAIA',1),(1037,'2312106','SANTANA DO CARIRI',14),(2901,'3158607','SANTANA DO DESERTO',27),(2902,'3158706','SANTANA DO GARAMBÉU',27),(1716,'2708006','SANTANA DO IPANEMA',16),(4213,'4124004','SANTANA DO ITARARÉ',15),(2903,'3158805','SANTANA DO JACARÉ',27),(4917,'4317103','SANTANA DO LIVRAMENTO',32),(2904,'3158904','SANTANA DO MANHUAÇU',27),(608,'2110237','SANTANA DO MARANHÃO',21),(1182,'2411403','SANTANA DO MATOS',34),(1717,'2708105','SANTANA DO MUNDAÚ',16),(2905,'3158953','SANTANA DO PARAÍSO',27),(833,'2209351','SANTANA DO PIAUÍ',13),(2906,'3159001','SANTANA DO RIACHO',27),(1183,'2411429','SANTANA DO SERIDÓ',34),(1795,'2806404','SANTANA DO SÃO FRANCISCO',19),(1398,'2513604','SANTANA DOS GARROTES',17),(2907,'3159100','SANTANA DOS MONTES',27),(2151,'2928307','SANTANÓPOLIS',11),(256,'1506807','SANTARÉM',1),(1399,'2513653','SANTARÉM',17),(257,'1506906','SANTARÉM NOVO',1),(4921,'4317400','SANTIAGO',32),(4515,'4215695','SANTIAGO DO SUL',30),(5216,'5107263','SANTO AFONSO',26),(2154,'2928604','SANTO AMARO',11),(4516,'4215703','SANTO AMARO DA IMPERATRIZ',30),(1797,'2806602','SANTO AMARO DAS BROTAS',19),(609,'2110278','SANTO AMARO DO MARANHÃO',21),(3772,'3547700','SANTO ANASTÁCIO',24),(1402,'2513851','SANTO ANDRÉ',17),(3773,'3547809','SANTO ANDRÉ',24),(1184,'2411502','SANTO ANTÔNIO',34),(3774,'3547908','SANTO ANTÔNIO DA ALEGRIA',24),(5437,'5219712','SANTO ANTÔNIO DA BARRA',12),(4924,'4317608','SANTO ANTÔNIO DA PATRULHA',32),(4216,'4124103','SANTO ANTÔNIO DA PLATINA',15),(4925,'4317707','SANTO ANTÔNIO DAS MISSÕES',32),(5438,'5219738','SANTO ANTÔNIO DE GOIÁS',12),(2155,'2928703','SANTO ANTÔNIO DE JESUS',11),(835,'2209401','SANTO ANTÔNIO DE LISBOA',13),(3775,'3548005','SANTO ANTÔNIO DE POSSE',24),(3216,'3304706','SANTO ANTÔNIO DE PÁDUA',29),(2916,'3159902','SANTO ANTÔNIO DO AMPARO',27),(3776,'3548054','SANTO ANTÔNIO DO ARACANGUÁ',24),(2917,'3160009','SANTO ANTÔNIO DO AVENTUREIRO',27),(4217,'4124202','SANTO ANTÔNIO DO CAIUÁ',15),(5439,'5219753','SANTO ANTÔNIO DO DESCOBERTO',12),(2918,'3160108','SANTO ANTÔNIO DO GRAMA',27),(2919,'3160207','SANTO ANTÔNIO DO ITAMBÉ',27),(117,'1303700','SANTO ANTÔNIO DO IÇÁ',20),(2920,'3160306','SANTO ANTÔNIO DO JACINTO',27),(3777,'3548104','SANTO ANTÔNIO DO JARDIM',24),(5225,'5107800','SANTO ANTÔNIO DO LEVERGER',26),(2921,'3160405','SANTO ANTÔNIO DO MONTE',27),(4923,'4317558','SANTO ANTÔNIO DO PALMA',32),(4218,'4124301','SANTO ANTÔNIO DO PARAÍSO',15),(3778,'3548203','SANTO ANTÔNIO DO PINHAL',24),(4926,'4317756','SANTO ANTÔNIO DO PLANALTO',32),(2922,'3160454','SANTO ANTÔNIO DO RETIRO',27),(2923,'3160504','SANTO ANTÔNIO DO RIO ABAIXO',27),(4219,'4124400','SANTO ANTÔNIO DO SUDOESTE',15),(258,'1507003','SANTO ANTÔNIO DO TAUÁ',1),(610,'2110302','SANTO ANTÔNIO DOS LOPES',21),(836,'2209450','SANTO ANTÔNIO DOS MILAGRES',13),(4927,'4317806','SANTO AUGUSTO',32),(4928,'4317905','SANTO CRISTO',32),(2156,'2928802','SANTO ESTÊVÃO',11),(3779,'3548302','SANTO EXPEDITO',24),(4929,'4317954','SANTO EXPEDITO DO SUL',32),(2924,'3160603','SANTO HIPÓLITO',27),(4220,'4124509','SANTO INÁCIO',15),(837,'2209500','SANTO INÁCIO DO PIAUÍ',13),(4922,'4317509','SANTO ÂNGELO',32),(3781,'3548500','SANTOS',24),(2925,'3160702','SANTOS DUMONT',27),(3780,'3548401','SANTÓPOLIS DO AGUAPEÍ',24),(2169,'2929602','SAPEAÇU',11),(5227,'5107875','SAPEZAL',26),(4965,'4319901','SAPIRANGA',32),(4241,'4126207','SAPOPEMA',15),(270,'1507755','SAPUCAIA',1),(3226,'3305406','SAPUCAIA',29),(4966,'4320008','SAPUCAIA DO SUL',32),(2985,'3165404','SAPUCAÍ-MIRIM',27),(1423,'2515302','SAPÉ',17),(3227,'3305505','SAQUAREMA',29),(4242,'4126256','SARANDI',15),(4967,'4320107','SARANDI',32),(3809,'3551108','SARAPUÍ',24),(2986,'3165503','SARDOÁ',27),(3810,'3551207','SARUTAIÁ',24),(2987,'3165537','SARZEDO',27),(1725,'2708907','SATUBA',16),(635,'2111722','SATUBINHA',21),(2171,'2929750','SAUBARA',11),(4243,'4126272','SAUDADE DO IGUAÇU',15),(4538,'4217303','SAUDADES',30),(2172,'2929800','SAÚDE',11),(4539,'4217402','SCHROEDER',30),(2173,'2929909','SEABRA',11),(4540,'4217501','SEARA',30),(3811,'3551306','SEBASTIANÓPOLIS DO SUL',24),(861,'2210623','SEBASTIÃO BARROS',13),(2174,'2930006','SEBASTIÃO LARANJEIRAS',11),(862,'2210631','SEBASTIÃO LEAL',13),(4968,'4320206','SEBERI',32),(4969,'4320230','SEDE NOVA',32),(4970,'4320263','SEGREDO',32),(4971,'4320305','SELBACH',32),(5111,'5007802','SELVÍRIA',33),(2989,'3165560','SEM-PEIXE',27),(63,'1200500','SENA MADUREIRA',8),(636,'2111748','SENADOR ALEXANDRE COSTA',21),(2990,'3165578','SENADOR AMARAL',27),(5450,'5220454','SENADOR CANEDO',12),(2991,'3165602','SENADOR CORTES',27),(1201,'2413102','SENADOR ELÓI DE SOUZA',34),(2992,'3165701','SENADOR FIRMINO',27),(1202,'2413201','SENADOR GEORGINO AVELINO',34),(62,'1200450','SENADOR GUIOMARD',8),(2993,'3165800','SENADOR JOSÉ BENTO',27),(271,'1507805','SENADOR JOSÉ PORFÍRIO',1),(637,'2111763','SENADOR LA ROCQUE',21),(2994,'3165909','SENADOR MODESTINO GONÇALVES',27),(1043,'2312700','SENADOR POMPEU',14),(1726,'2708956','SENADOR RUI PALMEIRA',16),(4972,'4320321','SENADOR SALGADO FILHO',32),(1044,'2312809','SENADOR SÁ',14),(4244,'4126306','SENGÉS',15),(2175,'2930105','SENHOR DO BONFIM',11),(2995,'3166006','SENHORA DE OLIVEIRA',27),(2996,'3166105','SENHORA DO PORTO',27),(2997,'3166204','SENHORA DOS REMÉDIOS',27),(4973,'4320354','SENTINELA DO SUL',32),(2177,'2930204','SENTO SÉ',11),(4974,'4320404','SERAFINA CORRÊA',32),(2998,'3166303','SERICITA',27),(1424,'2515401','SERIDÓ',17),(39,'1101500','SERINGUEIRAS',22),(2999,'3166402','SERITINGA',27),(3228,'3305554','SEROPÉDICA',29),(3139,'3205002','SERRA',28),(4541,'4217550','SERRA ALTA',30),(3812,'3551405','SERRA AZUL',24),(3000,'3166501','SERRA AZUL DE MINAS',27),(1425,'2515500','SERRA BRANCA',17),(1426,'2515609','SERRA DA RAIZ',17),(3001,'3166600','SERRA DA SAUDADE',27),(1203,'2413300','SERRA DE SÃO BENTO',34),(1204,'2413359','SERRA DO MEL',34),(287,'1600055','SERRA DO NAVIO',10),(2176,'2930154','SERRA DO RAMALHO',11),(3003,'3166808','SERRA DO SALITRE',27),(3002,'3166709','SERRA DOS AIMORÉS',27),(2178,'2930303','SERRA DOURADA',11),(1427,'2515708','SERRA GRANDE',17),(3814,'3551603','SERRA NEGRA',24),(1205,'2413409','SERRA NEGRA DO NORTE',34),(2179,'2930402','SERRA PRETA',11),(1428,'2515807','SERRA REDONDA',17),(1604,'2613909','SERRA TALHADA',2),(3813,'3551504','SERRANA',24),(3004,'3166907','SERRANIA',27),(638,'2111789','SERRANO DO MARANHÃO',21),(3006,'3167004','SERRANOS',27),(5451,'5220504','SERRANÓPOLIS',12),(3005,'3166956','SERRANÓPOLIS DE MINAS',27),(4245,'4126355','SERRANÓPOLIS DO IGUAÇU',15),(1429,'2515906','SERRARIA',17),(1206,'2413508','SERRINHA',34),(2180,'2930501','SERRINHA',11),(1207,'2413557','SERRINHA DOS PINTOS',34),(1605,'2614006','SERRITA',2),(3007,'3167103','SERRO',27),(2181,'2930600','SERROLÂNDIA',11),(4246,'4126405','SERTANEJA',15),(4247,'4126504','SERTANÓPOLIS',15),(1606,'2614105','SERTÂNIA',2),(4976,'4320503','SERTÃO',32),(4977,'4320552','SERTÃO SANTANA',32),(1430,'2515930','SERTÃOZINHO',17),(3815,'3551702','SERTÃOZINHO',24),(3816,'3551801','SETE BARRAS',24),(4978,'4320578','SETE DE SETEMBRO',32),(3008,'3167202','SETE LAGOAS',27),(5110,'5007703','SETE QUEDAS',33),(2988,'3165552','SETUBINHA',27),(4979,'4320602','SEVERIANO DE ALMEIDA',32),(1208,'2413607','SEVERIANO MELO',34),(3817,'3551900','SEVERÍNIA',24),(4542,'4217600','SIDERÓPOLIS',30),(5112,'5007901','SIDROLÂNDIA',33),(863,'2210656','SIGEFREDO PACHECO',13),(3229,'3305604','SILVA JARDIM',29),(429,'1720655','SILVANÓPOLIS',25),(4980,'4320651','SILVEIRA MARTINS',32),(3818,'3552007','SILVEIRAS',24),(3009,'3167301','SILVEIRÂNIA',27),(121,'1304005','SILVES',20),(3010,'3167400','SILVIANÓPOLIS',27),(5452,'5220603','SILVÂNIA',12),(5453,'5220686','SIMOLÂNDIA',12),(3012,'3167608','SIMONÉSIA',27),(865,'2210805','SIMPLÍCIO MENDES',13),(1802,'2807105','SIMÃO DIAS',19),(3011,'3167509','SIMÃO PEREIRA',27),(864,'2210706','SIMÕES',13),(2182,'2930709','SIMÕES FILHO',11),(4981,'4320677','SINIMBU',32),(5228,'5107909','SINOP',26),(4248,'4126603','SIQUEIRA CAMPOS',15),(1607,'2614204','SIRINHAÉM',2),(1803,'2807204','SIRIRI',19),(2185,'2930774','SOBRADINHO',11),(4982,'4320701','SOBRADINHO',32),(1431,'2515971','SOBRADO',17),(1045,'2312908','SOBRAL',14),(3013,'3167707','SOBRÁLIA',27),(3819,'3552106','SOCORRO',24),(866,'2210904','SOCORRO DO PIAUÍ',13),(1433,'2516102','SOLEDADE',17),(4983,'4320800','SOLEDADE',32),(3014,'3167806','SOLEDADE DE MINAS',27),(1609,'2614402','SOLIDÃO',2),(1046,'2313005','SOLONÓPOLE',14),(1432,'2516003','SOLÂNEA',17),(4543,'4217709','SOMBRIO',30),(5113,'5007935','SONORA',33),(3140,'3205010','SOORETAMA',28),(3820,'3552205','SOROCABA',24),(5229,'5107925','SORRISO',26),(1434,'2516151','SOSSÊGO',17),(272,'1507904','SOURE',1),(1435,'2516201','SOUSA',17),(2186,'2930808','SOUTO SOARES',11),(431,'1720853','SUCUPIRA',25),(640,'2111904','SUCUPIRA DO NORTE',21),(641,'2111953','SUCUPIRA DO RIACHÃO',21),(3821,'3552304','SUD MENNUCCI',24),(4544,'4217758','SUL BRASIL',30),(4249,'4126652','SULINA',15),(3822,'3552403','SUMARÉ',24),(3230,'3305703','SUMIDOURO',29),(1436,'2516300','SUMÉ',17),(1610,'2614501','SURUBIM',2),(867,'2210938','SUSSUAPARA',13),(3823,'3552502','SUZANO',24),(3824,'3552551','SUZANÁPOLIS',24),(2170,'2929701','SÁTIRO DIAS',11),(1039,'2312304','SÃO BENEDITO',14),(611,'2110401','SÃO BENEDITO DO RIO PRETO',21),(1594,'2612901','SÃO BENEDITO DO SUL',2),(612,'2110500','SÃO BENTO',21),(1403,'2513901','SÃO BENTO',17),(2926,'3160801','SÃO BENTO ABADE',27),(1185,'2411601','SÃO BENTO DO NORTE',34),(3782,'3548609','SÃO BENTO DO SAPUCAÍ',24),(4518,'4215802','SÃO BENTO DO SUL',30),(423,'1720101','SÃO BENTO DO TOCANTINS',25),(1186,'2411700','SÃO BENTO DO TRAIRÍ',34),(1595,'2613008','SÃO BENTO DO UNA',2),(4517,'4215752','SÃO BERNARDINO',30),(613,'2110609','SÃO BERNARDO',21),(3783,'3548708','SÃO BERNARDO DO CAMPO',24),(4519,'4215901','SÃO BONIFÁCIO',30),(4930,'4318002','SÃO BORJA',32),(838,'2209559','SÃO BRAZ DO PIAUÍ',13),(1718,'2708204','SÃO BRÁS',16),(2927,'3160900','SÃO BRÁS DO SUAÇUÍ',27),(259,'1507102','SÃO CAETANO DE ODIVELAS',1),(3784,'3548807','SÃO CAETANO DO SUL',24),(1596,'2613107','SÃO CAITANO',2),(3785,'3548906','SÃO CARLOS',24),(4520,'4216008','SÃO CARLOS',30),(4221,'4124608','SÃO CARLOS DO IVAÍ',15),(4521,'4216057','SÃO CRISTOVÃO DO SUL',30),(1798,'2806701','SÃO CRISTÓVÃO',19),(2157,'2928901','SÃO DESIDÉRIO',11),(1799,'2806800','SÃO DOMINGOS',19),(2158,'2928950','SÃO DOMINGOS',11),(4522,'4216107','SÃO DOMINGOS',30),(5440,'5219803','SÃO DOMINGOS',12),(2928,'3160959','SÃO DOMINGOS DAS DORES',27),(1405,'2513968','SÃO DOMINGOS DE POMBAL',17),(260,'1507151','SÃO DOMINGOS DO ARAGUAIA',1),(614,'2110658','SÃO DOMINGOS DO AZEITÃO',21),(261,'1507201','SÃO DOMINGOS DO CAPIM',1),(1404,'2513943','SÃO DOMINGOS DO CARIRI',17),(615,'2110708','SÃO DOMINGOS DO MARANHÃO',21),(3134,'3204658','SÃO DOMINGOS DO NORTE',28),(2929,'3161007','SÃO DOMINGOS DO PRATA',27),(4931,'4318051','SÃO DOMINGOS DO SUL',32),(2161,'2929107','SÃO FELIPE',11),(37,'1101484','SÃO FELIPE D\'OESTE',22),(1187,'2411809','SÃO FERNANDO',34),(3218,'3304805','SÃO FIDÉLIS',29),(1406,'2513984','SÃO FRANCISCO',17),(1800,'2806909','SÃO FRANCISCO',19),(2931,'3161106','SÃO FRANCISCO',27),(3786,'3549003','SÃO FRANCISCO',24),(4932,'4318101','SÃO FRANCISCO DE ASSIS',32),(840,'2209658','SÃO FRANCISCO DE ASSIS DO PIAUÍ',13),(5441,'5219902','SÃO FRANCISCO DE GOIÁS',12),(3217,'3304755','SÃO FRANCISCO DE ITABAPOANA',29),(2932,'3161205','SÃO FRANCISCO DE PAULA',27),(4933,'4318200','SÃO FRANCISCO DE PAULA',32),(2933,'3161304','SÃO FRANCISCO DE SALES',27),(617,'2110856','SÃO FRANCISCO DO BREJÃO',21),(2162,'2929206','SÃO FRANCISCO DO CONDE',11),(2934,'3161403','SÃO FRANCISCO DO GLÓRIA',27),(38,'1101492','SÃO FRANCISCO DO GUAPORÉ',22),(618,'2110906','SÃO FRANCISCO DO MARANHÃO',21),(1188,'2411908','SÃO FRANCISCO DO OESTE',34),(263,'1507409','SÃO FRANCISCO DO PARÁ',1),(841,'2209708','SÃO FRANCISCO DO PIAUÍ',13),(4523,'4216206','SÃO FRANCISCO DO SUL',30),(2159,'2929008','SÃO FÉLIX',11),(616,'2110807','SÃO FÉLIX DE BALSAS',21),(2930,'3161056','SÃO FÉLIX DE MINAS',27),(5226,'5107859','SÃO FÉLIX DO ARAGUAIA',26),(2160,'2929057','SÃO FÉLIX DO CORIBE',11),(839,'2209609','SÃO FÉLIX DO PIAUÍ',13),(424,'1720150','SÃO FÉLIX DO TOCANTINS',25),(262,'1507300','SÃO FÉLIX DO XINGU',1),(2163,'2929255','SÃO GABRIEL',11),(4934,'4318309','SÃO GABRIEL',32),(118,'1303809','SÃO GABRIEL DA CACHOEIRA',20),(3135,'3204708','SÃO GABRIEL DA PALHA',28),(5109,'5007695','SÃO GABRIEL DO OESTE',33),(2935,'3161502','SÃO GERALDO',27),(2936,'3161601','SÃO GERALDO DA PIEDADE',27),(264,'1507458','SÃO GERALDO DO ARAGUAIA',1),(2937,'3161650','SÃO GERALDO DO BAIXIO',27),(3219,'3304904','SÃO GONÇALO',29),(2938,'3161700','SÃO GONÇALO DO ABAETÉ',27),(1040,'2312403','SÃO GONÇALO DO AMARANTE',14),(1189,'2412005','SÃO GONÇALO DO AMARANTE',34),(842,'2209757','SÃO GONÇALO DO GURGUÉIA',13),(2939,'3161809','SÃO GONÇALO DO PARÁ',27),(843,'2209807','SÃO GONÇALO DO PIAUÍ',13),(2940,'3161908','SÃO GONÇALO DO RIO ABAIXO',27),(2505,'3125507','SÃO GONÇALO DO RIO PRETO',27),(2941,'3162005','SÃO GONÇALO DO SAPUCAÍ',27),(2164,'2929305','SÃO GONÇALO DOS CAMPOS',11),(2942,'3162104','SÃO GOTARDO',27),(4935,'4318408','SÃO JERÔNIMO',32),(4222,'4124707','SÃO JERÔNIMO DA SERRA',15),(4528,'4216503','SÃO JOAQUIM',30),(3791,'3549409','SÃO JOAQUIM DA BARRA',24),(2956,'3162922','SÃO JOAQUIM DE BICAS',27),(1598,'2613305','SÃO JOAQUIM DO MONTE',2),(4938,'4318440','SÃO JORGE',32),(4227,'4125209','SÃO JORGE D\'OESTE',15),(4228,'4125308','SÃO JORGE DO IVAÍ',15),(4229,'4125357','SÃO JORGE DO PATROCÍNIO',15),(4529,'4216602','SÃO JOSÉ',30),(2957,'3162948','SÃO JOSÉ DA BARRA',27),(3792,'3549508','SÃO JOSÉ DA BELA VISTA',24),(4230,'4125407','SÃO JOSÉ DA BOA VISTA',15),(1599,'2613404','SÃO JOSÉ DA COROA GRANDE',2),(1409,'2514206','SÃO JOSÉ DA LAGOA TAPADA',17),(1719,'2708303','SÃO JOSÉ DA LAJE',16),(2958,'3162955','SÃO JOSÉ DA LAPA',27),(2959,'3163003','SÃO JOSÉ DA SAFIRA',27),(1720,'2708402','SÃO JOSÉ DA TAPERA',16),(2960,'3163102','SÃO JOSÉ DA VARGINHA',27),(2165,'2929354','SÃO JOSÉ DA VITÓRIA',11),(4939,'4318457','SÃO JOSÉ DAS MISSÕES',32),(4231,'4125456','SÃO JOSÉ DAS PALMEIRAS',15),(1410,'2514305','SÃO JOSÉ DE CAIANA',17),(1411,'2514404','SÃO JOSÉ DE ESPINHARAS',17),(1191,'2412203','SÃO JOSÉ DE MIPIBU',34),(1413,'2514503','SÃO JOSÉ DE PIRANHAS',17),(1414,'2514552','SÃO JOSÉ DE PRINCESA',17),(624,'2111201','SÃO JOSÉ DE RIBAMAR',21),(3222,'3305133','SÃO JOSÉ DE UBÁ',29),(2961,'3163201','SÃO JOSÉ DO ALEGRE',27),(3793,'3549607','SÃO JOSÉ DO BARREIRO',24),(1600,'2613503','SÃO JOSÉ DO BELMONTE',2),(1415,'2514602','SÃO JOSÉ DO BONFIM',17),(1416,'2514651','SÃO JOSÉ DO BREJO DO CRUZ',17),(3136,'3204807','SÃO JOSÉ DO CALÇADO',28),(1192,'2412302','SÃO JOSÉ DO CAMPESTRE',34),(4530,'4216701','SÃO JOSÉ DO CEDRO',30),(4531,'4216800','SÃO JOSÉ DO CERRITO',30),(850,'2210052','SÃO JOSÉ DO DIVINO',13),(2962,'3163300','SÃO JOSÉ DO DIVINO',27),(1601,'2613602','SÃO JOSÉ DO EGITO',2),(2963,'3163409','SÃO JOSÉ DO GOIABAL',27),(4940,'4318465','SÃO JOSÉ DO HERVAL',32),(4941,'4318481','SÃO JOSÉ DO HORTÊNCIO',32),(4942,'4318499','SÃO JOSÉ DO INHACORÁ',32),(2964,'3163508','SÃO JOSÉ DO JACURI',27),(2166,'2929370','SÃO JOSÉ DO JACUÍPE',11),(2965,'3163607','SÃO JOSÉ DO MANTIMENTO',27),(4943,'4318507','SÃO JOSÉ DO NORTE',32),(4944,'4318606','SÃO JOSÉ DO OURO',32),(851,'2210102','SÃO JOSÉ DO PEIXE',13),(852,'2210201','SÃO JOSÉ DO PIAUÍ',13),(5217,'5107297','SÃO JOSÉ DO POVO',26),(5218,'5107305','SÃO JOSÉ DO RIO CLARO',26),(3794,'3549706','SÃO JOSÉ DO RIO PARDO',24),(3795,'3549805','SÃO JOSÉ DO RIO PRETO',24),(1417,'2514701','SÃO JOSÉ DO SABUGI',17),(1193,'2412401','SÃO JOSÉ DO SERIDÓ',34),(3223,'3305158','SÃO JOSÉ DO VALE DO RIO PRETO',29),(5219,'5107354','SÃO JOSÉ DO XINGU',26),(4945,'4318622','SÃO JOSÉ DOS AUSENTES',32),(625,'2111250','SÃO JOSÉ DOS BASÍLIOS',21),(3796,'3549904','SÃO JOSÉ DOS CAMPOS',24),(1418,'2514800','SÃO JOSÉ DOS CORDEIROS',17),(4232,'4125506','SÃO JOSÉ DOS PINHAIS',15),(5210,'5107107','SÃO JOSÉ DOS QUATRO MARCOS',26),(1412,'2514453','SÃO JOSÉ DOS RAMOS',17),(1597,'2613206','SÃO JOÃO',2),(4223,'4124806','SÃO JOÃO',15),(619,'2111003','SÃO JOÃO BATISTA',21),(4525,'4216305','SÃO JOÃO BATISTA',30),(2943,'3162203','SÃO JOÃO BATISTA DO GLÓRIA',27),(5442,'5220009','SÃO JOÃO D\'ALIANÇA',12),(141,'1400506','SÃO JOÃO DA BALIZA',18),(3220,'3305000','SÃO JOÃO DA BARRA',29),(3787,'3549102','SÃO JOÃO DA BOA VISTA',24),(844,'2209856','SÃO JOÃO DA CANABRAVA',13),(845,'2209872','SÃO JOÃO DA FRONTEIRA',13),(2944,'3162252','SÃO JOÃO DA LAGOA',27),(2945,'3162302','SÃO JOÃO DA MATA',27),(5443,'5220058','SÃO JOÃO DA PARAÚNA',12),(265,'1507466','SÃO JOÃO DA PONTA',1),(2946,'3162401','SÃO JOÃO DA PONTE',27),(846,'2209906','SÃO JOÃO DA SERRA',13),(4936,'4318424','SÃO JOÃO DA URTIGA',32),(847,'2209955','SÃO JOÃO DA VARJOTA',13),(3788,'3549201','SÃO JOÃO DAS DUAS PONTES',24),(2947,'3162450','SÃO JOÃO DAS MISSÕES',27),(3789,'3549250','SÃO JOÃO DE IRACEMA',24),(3221,'3305109','SÃO JOÃO DE MERITI',29),(266,'1507474','SÃO JOÃO DE PIRABAS',1),(2948,'3162500','SÃO JOÃO DEL REI',27),(267,'1507508','SÃO JOÃO DO ARAGUAIA',1),(848,'2209971','SÃO JOÃO DO ARRAIAL',13),(4224,'4124905','SÃO JOÃO DO CAIUÁ',15),(1407,'2514008','SÃO JOÃO DO CARIRI',17),(620,'2111029','SÃO JOÃO DO CARÚ',21),(4526,'4216354','SÃO JOÃO DO ITAPERIÚ',30),(4225,'4125001','SÃO JOÃO DO IVAÍ',15),(1041,'2312502','SÃO JOÃO DO JAGUARIBE',14),(2949,'3162559','SÃO JOÃO DO MANHUAÇU',27),(2950,'3162575','SÃO JOÃO DO MANTENINHA',27),(4524,'4216255','SÃO JOÃO DO OESTE',30),(2951,'3162609','SÃO JOÃO DO ORIENTE',27),(2952,'3162658','SÃO JOÃO DO PACUÍ',27),(621,'2111052','SÃO JOÃO DO PARAÍSO',21),(2953,'3162708','SÃO JOÃO DO PARAÍSO',27),(3790,'3549300','SÃO JOÃO DO PAU D\'ALHO',24),(849,'2210003','SÃO JOÃO DO PIAUÍ',13),(4937,'4318432','SÃO JOÃO DO POLÊSINE',32),(1234,'2500700','SÃO JOÃO DO RIO DO PEIXE',17),(1190,'2412104','SÃO JOÃO DO SABUGI',34),(622,'2111078','SÃO JOÃO DO SOTER',21),(4527,'4216404','SÃO JOÃO DO SUL',30),(1408,'2514107','SÃO JOÃO DO TIGRE',17),(4226,'4125100','SÃO JOÃO DO TRIUNFO',15),(623,'2111102','SÃO JOÃO DOS PATOS',21),(2954,'3162807','SÃO JOÃO EVANGELISTA',27),(2955,'3162906','SÃO JOÃO NEPOMUCENO',27),(853,'2210300','SÃO JULIÃO',13),(4946,'4318705','SÃO LEOPOLDO',32),(2966,'3163706','SÃO LOURENÇO',27),(1602,'2613701','SÃO LOURENÇO DA MATA',2),(3797,'3549953','SÃO LOURENÇO DA SERRA',24),(4532,'4216909','SÃO LOURENÇO DO OESTE',30),(854,'2210359','SÃO LOURENÇO DO PIAUÍ',13),(4947,'4318804','SÃO LOURENÇO DO SUL',32),(4533,'4217006','SÃO LUDGERO',30),(855,'2210375','SÃO LUIS DO PIAUÍ',13),(142,'1400605','SÃO LUIZ',18),(4948,'4318903','SÃO LUIZ GONZAGA',32),(626,'2111300','SÃO LUÍS',21),(5444,'5220108','SÃO LUÍS DE MONTES BELOS',12),(1042,'2312601','SÃO LUÍS DO CURU',14),(3798,'3550001','SÃO LUÍS DO PARAITINGA',24),(1721,'2708501','SÃO LUÍS DO QUITUNDE',16),(627,'2111409','SÃO LUÍS GONZAGA DO MARANHÃO',21),(5445,'5220157','SÃO LUÍZ DO NORTE',12),(1419,'2514909','SÃO MAMEDE',17),(4233,'4125555','SÃO MANOEL DO PARANÁ',15),(3799,'3550100','SÃO MANUEL',24),(4949,'4319000','SÃO MARCOS',32),(4534,'4217105','SÃO MARTINHO',30),(4950,'4319109','SÃO MARTINHO',32),(4951,'4319125','SÃO MARTINHO DA SERRA',32),(3137,'3204906','SÃO MATEUS',28),(628,'2111508','SÃO MATEUS DO MARANHÃO',21),(4234,'4125605','SÃO MATEUS DO SUL',15),(1194,'2412500','SÃO MIGUEL',34),(3800,'3550209','SÃO MIGUEL ARCANJO',24),(856,'2210383','SÃO MIGUEL DA BAIXA GRANDE',13),(4535,'4217154','SÃO MIGUEL DA BOA VISTA',30),(2167,'2929404','SÃO MIGUEL DAS MATAS',11),(4952,'4319158','SÃO MIGUEL DAS MISSÕES',32),(1420,'2515005','SÃO MIGUEL DE TAIPU',17),(1195,'2412559','SÃO MIGUEL DE TOUROS',34),(1801,'2807006','SÃO MIGUEL DO ALEIXO',19),(2967,'3163805','SÃO MIGUEL DO ANTA',27),(5446,'5220207','SÃO MIGUEL DO ARAGUAIA',12),(857,'2210391','SÃO MIGUEL DO FIDALGO',13),(268,'1507607','SÃO MIGUEL DO GUAMÁ',1),(15,'1100320','SÃO MIGUEL DO GUAPORÉ',22),(4235,'4125704','SÃO MIGUEL DO IGUAÇU',15),(4536,'4217204','SÃO MIGUEL DO OESTE',30),(5447,'5220264','SÃO MIGUEL DO PASSA QUATRO',12),(858,'2210409','SÃO MIGUEL DO TAPUIO',13),(425,'1720200','SÃO MIGUEL DO TOCANTINS',25),(1722,'2708600','SÃO MIGUEL DOS CAMPOS',16),(1723,'2708709','SÃO MIGUEL DOS MILAGRES',16),(4953,'4319208','SÃO NICOLAU',32),(5448,'5220280','SÃO PATRÍCIO',12),(3801,'3550308','SÃO PAULO',24),(4954,'4319307','SÃO PAULO DAS MISSÕES',32),(119,'1303908','SÃO PAULO DE OLIVENÇA',20),(1196,'2412609','SÃO PAULO DO POTENGI',34),(1197,'2412708','SÃO PEDRO',34),(3802,'3550407','SÃO PEDRO',24),(3224,'3305208','SÃO PEDRO DA ALDEIA',29),(5220,'5107404','SÃO PEDRO DA CIPA',26),(4955,'4319356','SÃO PEDRO DA SERRA',32),(2968,'3163904','SÃO PEDRO DA UNIÃO',27),(629,'2111532','SÃO PEDRO DA ÁGUA BRANCA',21),(4537,'4217253','SÃO PEDRO DE ALCÂNTARA',30),(4956,'4319372','SÃO PEDRO DO BUTIÁ',32),(4236,'4125753','SÃO PEDRO DO IGUAÇU',15),(4237,'4125803','SÃO PEDRO DO IVAÍ',15),(4238,'4125902','SÃO PEDRO DO PARANÁ',15),(859,'2210508','SÃO PEDRO DO PIAUÍ',13),(2970,'3164100','SÃO PEDRO DO SUAÇUÍ',27),(4957,'4319406','SÃO PEDRO DO SUL',32),(3803,'3550506','SÃO PEDRO DO TURVO',24),(630,'2111573','SÃO PEDRO DOS CRENTES',21),(2969,'3164001','SÃO PEDRO DOS FERROS',27),(1198,'2412807','SÃO RAFAEL',34),(631,'2111607','SÃO RAIMUNDO DAS MANGABEIRAS',21),(632,'2111631','SÃO RAIMUNDO DO DOCA BEZERRA',21),(860,'2210607','SÃO RAIMUNDO NONATO',13),(633,'2111672','SÃO ROBERTO',21),(2971,'3164209','SÃO ROMÃO',27),(3804,'3550605','SÃO ROQUE',24),(2972,'3164308','SÃO ROQUE DE MINAS',27),(3138,'3204955','SÃO ROQUE DO CANAÃ',28),(426,'1720259','SÃO SALVADOR DO TOCANTINS',25),(1724,'2708808','SÃO SEBASTIÃO',16),(3805,'3550704','SÃO SEBASTIÃO',24),(4239,'4126009','SÃO SEBASTIÃO DA AMOREIRA',15),(2973,'3164407','SÃO SEBASTIÃO DA BELA VISTA',27),(269,'1507706','SÃO SEBASTIÃO DA BOA VISTA',1),(3806,'3550803','SÃO SEBASTIÃO DA GRAMA',24),(2974,'3164431','SÃO SEBASTIÃO DA VARGEM ALEGRE',27),(1421,'2515104','SÃO SEBASTIÃO DE LAGOA DE ROÇA',17),(3225,'3305307','SÃO SEBASTIÃO DO ALTO',29),(2975,'3164472','SÃO SEBASTIÃO DO ANTA',27),(4958,'4319505','SÃO SEBASTIÃO DO CAÍ',32),(2976,'3164506','SÃO SEBASTIÃO DO MARANHÃO',27),(2977,'3164605','SÃO SEBASTIÃO DO OESTE',27),(2978,'3164704','SÃO SEBASTIÃO DO PARAÍSO',27),(2168,'2929503','SÃO SEBASTIÃO DO PASSÉ',11),(2979,'3164803','SÃO SEBASTIÃO DO RIO PRETO',27),(2980,'3164902','SÃO SEBASTIÃO DO RIO VERDE',27),(427,'1720309','SÃO SEBASTIÃO DO TOCANTINS',25),(120,'1303957','SÃO SEBASTIÃO DO UATUMÃ',20),(1422,'2515203','SÃO SEBASTIÃO DO UMBUZEIRO',17),(4959,'4319604','SÃO SEPÉ',32),(3807,'3550902','SÃO SIMÃO',24),(5449,'5220405','SÃO SIMÃO',12),(2983,'3165206','SÃO THOMÉ DAS LETRAS',27),(2981,'3165008','SÃO TIAGO',27),(2982,'3165107','SÃO TOMÁS DE AQUINO',27),(1199,'2412906','SÃO TOMÉ',34),(4240,'4126108','SÃO TOMÉ',15),(4960,'4319703','SÃO VALENTIM',32),(4961,'4319711','SÃO VALENTIM DO SUL',32),(428,'1720499','SÃO VALÉRIO DA NATIVIDADE',25),(4962,'4319737','SÃO VALÉRIO DO SUL',32),(4963,'4319752','SÃO VENDELINO',32),(1200,'2413003','SÃO VICENTE',34),(3808,'3551009','SÃO VICENTE',24),(2984,'3165305','SÃO VICENTE DE MINAS',27),(4964,'4319802','SÃO VICENTE DO SUL',32),(634,'2111706','SÃO VICENTE FERRER',21),(1603,'2613800','SÃO VICENTE FERRER',2),(4975,'4320453','SÉRIO',32),(5454,'5220702','SÍTIO D\'ABADIA',12),(2183,'2930758','SÍTIO DO MATO',11),(2184,'2930766','SÍTIO DO QUINTO',11),(639,'2111805','SÍTIO NOVO',21),(1209,'2413706','SÍTIO NOVO',34),(430,'1720804','SÍTIO NOVO DO TOCANTINS',25),(5230,'5107941','TABAPORÃ',26),(3825,'3552601','TABAPUÃ',24),(122,'1304062','TABATINGA',20),(3826,'3552700','TABATINGA',24),(4984,'4320859','TABAÍ',32),(1611,'2614600','TABIRA',2),(2187,'2930907','TABOCAS DO BREJO VELHO',11),(1210,'2413805','TABOLEIRO GRANDE',34),(3827,'3552809','TABOÃO DA SERRA',24),(3015,'3167905','TABULEIRO',27),(1047,'2313104','TABULEIRO DO NORTE',14),(1612,'2614709','TACAIMBÓ',2),(1613,'2614808','TACARATU',2),(3828,'3552908','TACIBA',24),(5114,'5007950','TACURU',33),(432,'1720903','TAGUATINGA',3),(3829,'3553005','TAGUAÍ',24),(3830,'3553104','TAIAÇU',24),(273,'1507953','TAILÂNDIA',1),(3016,'3168002','TAIOBEIRAS',27),(433,'1720937','TAIPAS DO TOCANTINS',25),(1211,'2413904','TAIPU',34),(4545,'4217808','TAIÓ',30),(3831,'3553203','TAIÚVA',24),(434,'1720978','TALISMÃ',25),(1614,'2614857','TAMANDARÉ',2),(4250,'4126678','TAMARANA',15),(3832,'3553302','TAMBAÚ',24),(4251,'4126702','TAMBOARA',15),(1048,'2313203','TAMBORIL',14),(868,'2210953','TAMBORIL DO PIAUÍ',13),(3833,'3553401','TANABI',24),(1212,'2414001','TANGARÁ',34),(4546,'4217907','TANGARÁ',30),(5231,'5107958','TANGARÁ DA SERRA',26),(3231,'3305752','TANGUÁ',29),(2188,'2931004','TANHAÇU',11),(1727,'2709004','TANQUE D\'ARCA',16),(869,'2210979','TANQUE DO PIAUÍ',13),(2189,'2931053','TANQUE NOVO',11),(2190,'2931103','TANQUINHO',11),(3017,'3168051','TAPARUBA',27),(123,'1304104','TAPAUÁ',20),(4252,'4126801','TAPEJARA',15),(4985,'4320909','TAPEJARA',32),(4986,'4321006','TAPERA',32),(1438,'2516508','TAPEROÁ',17),(2191,'2931202','TAPEROÁ',11),(4987,'4321105','TAPES',32),(3018,'3168101','TAPIRA',27),(4253,'4126900','TAPIRA',15),(2192,'2931301','TAPIRAMUTÁ',11),(3835,'3553609','TAPIRATIBA',24),(3019,'3168200','TAPIRAÍ',27),(3834,'3553500','TAPIRAÍ',24),(5232,'5108006','TAPURAH',26),(4988,'4321204','TAQUARA',32),(3836,'3553658','TAQUARAL',24),(5455,'5221007','TAQUARAL DE GOIÁS',12),(1728,'2709103','TAQUARANA',16),(3020,'3168309','TAQUARAÇU DE MINAS',27),(4989,'4321303','TAQUARI',32),(3837,'3553708','TAQUARITINGA',24),(1615,'2615003','TAQUARITINGA DO NORTE',2),(3838,'3553807','TAQUARITUBA',24),(3839,'3553856','TAQUARIVAÍ',24),(5115,'5007976','TAQUARUSSU',33),(4990,'4321329','TAQUARUÇU DO SUL',32),(3840,'3553906','TARABAI',24),(64,'1200609','TARAUACÁ',8),(1049,'2313252','TARRAFAS',14),(301,'1600709','TARTARUGALZINHO',10),(3021,'3168408','TARUMIRIM',27),(3841,'3553955','TARUMÃ',24),(642,'2112001','TASSO FRAGOSO',21),(3842,'3554003','TATUÍ',24),(3843,'3554102','TAUBATÉ',24),(1050,'2313302','TAUÁ',14),(1439,'2516607','TAVARES',17),(4991,'4321352','TAVARES',32),(124,'1304203','TEFÉ',20),(1440,'2516706','TEIXEIRA',17),(2193,'2931350','TEIXEIRA DE FREITAS',11),(4254,'4127007','TEIXEIRA SOARES',15),(3022,'3168507','TEIXEIRAS',27),(40,'1101559','TEIXEIRÓPOLIS',22),(3844,'3554201','TEJUPÁ',24),(1051,'2313351','TEJUÇUOCA',14),(1804,'2807303','TELHA',19),(4255,'4127106','TELÊMACO BORBA',15),(1213,'2414100','TENENTE ANANIAS',34),(1214,'2414159','TENENTE LAURENTINO CRUZ',34),(4992,'4321402','TENENTE PORTELA',32),(1441,'2516755','TENÓRIO',17),(2194,'2931400','TEODORO SAMPAIO',11),(3845,'3554300','TEODORO SAMPAIO',24),(2195,'2931509','TEOFILÂNDIA',11),(2196,'2931608','TEOLÂNDIA',11),(1729,'2709152','TEOTÔNIO VILELA',16),(5116,'5008008','TERENOS',33),(870,'2211001','TERESINA',13),(5456,'5221080','TERESINA DE GOIÁS',12),(3232,'3305802','TERESÓPOLIS',29),(1616,'2615102','TEREZINHA',2),(5457,'5221197','TEREZÓPOLIS DE GOIÁS',12),(274,'1507961','TERRA ALTA',1),(4256,'4127205','TERRA BOA',15),(4993,'4321436','TERRA DE AREIA',32),(1617,'2615201','TERRA NOVA',2),(2197,'2931707','TERRA NOVA',11),(5233,'5108055','TERRA NOVA DO NORTE',26),(4257,'4127304','TERRA RICA',15),(3846,'3554409','TERRA ROXA',24),(4258,'4127403','TERRA ROXA',15),(275,'1507979','TERRA SANTA',1),(5234,'5108105','TESOURO',26),(4994,'4321451','TEUTÔNIA',32),(3023,'3168606','TEÓFILO OTONI',27),(41,'1101609','THEOBROMA',22),(1052,'2313401','TIANGUÁ',14),(4259,'4127502','TIBAGI',15),(1179,'2411056','TIBAU',34),(1215,'2414209','TIBAU DO SUL',34),(3847,'3554508','TIETÊ',24),(4547,'4217956','TIGRINHOS',30),(4548,'4218004','TIJUCAS',30),(4260,'4127601','TIJUCAS DO SUL',15),(1618,'2615300','TIMBAÚBA',2),(1216,'2414308','TIMBAÚBA DOS BATISTAS',34),(643,'2112100','TIMBIRAS',21),(3848,'3554607','TIMBURI',24),(4549,'4218103','TIMBÉ DO SUL',30),(4550,'4218202','TIMBÓ',30),(4551,'4218251','TIMBÓ GRANDE',30),(644,'2112209','TIMON',21),(3024,'3168705','TIMÓTEO',27),(3025,'3168804','TIRADENTES',27),(4995,'4321477','TIRADENTES DO SUL',32),(3026,'3168903','TIROS',27),(1805,'2807402','TOBIAS BARRETO',19),(3027,'3169000','TOCANTINS',27),(437,'1721208','TOCANTINÓPOLIS',25),(436,'1721109','TOCANTÍNIA',25),(3028,'3169059','TOCOS DO MOJI',27),(3029,'3169109','TOLEDO',27),(4261,'4127700','TOLEDO',15),(1806,'2807501','TOMAR DO GERU',19),(4262,'4127809','TOMAZINA',15),(3030,'3169208','TOMBOS',27),(276,'1508001','TOMÉ-AÇU',1),(125,'1304237','TONANTINS',20),(1619,'2615409','TORITAMA',2),(5235,'5108204','TORIXORÉU',26),(4996,'4321493','TOROPI',32),(3849,'3554656','TORRE DE PEDRA',24),(4997,'4321501','TORRES',32),(3850,'3554706','TORRINHA',24),(1217,'2414407','TOUROS',34),(3851,'3554755','TRABIJU',24),(277,'1508035','TRACUATEUA',1),(1620,'2615508','TRACUNHAÉM',2),(1730,'2709202','TRAIPU',16),(1053,'2313500','TRAIRI',14),(278,'1508050','TRAIRÃO',1),(3233,'3305901','TRAJANO DE MORAIS',29),(4998,'4321600','TRAMANDAÍ',32),(4999,'4321626','TRAVESSEIRO',32),(2198,'2931806','TREMEDAL',11),(3852,'3554805','TREMEMBÉ',24),(4553,'4218350','TREVISO',30),(4554,'4218400','TREZE DE MAIO',30),(4555,'4218509','TREZE TÍLIAS',30),(1621,'2615607','TRINDADE',2),(5459,'5221403','TRINDADE',12),(5007,'4321956','TRINDADE DO SUL',32),(1442,'2516805','TRIUNFO',17),(1622,'2615706','TRIUNFO',2),(5008,'4322004','TRIUNFO',32),(1218,'2414456','TRIUNFO POTIGUAR',34),(645,'2112233','TRIZIDELA DO VALE',21),(5460,'5221452','TROMBAS',12),(4556,'4218608','TROMBUDO CENTRAL',30),(5000,'4321634','TRÊS ARROIOS',32),(4552,'4218301','TRÊS BARRAS',30),(4263,'4127858','TRÊS BARRAS DO PARANÁ',15),(5001,'4321667','TRÊS CACHOEIRAS',32),(3031,'3169307','TRÊS CORAÇÕES',27),(5002,'4321709','TRÊS COROAS',32),(5003,'4321808','TRÊS DE MAIO',32),(5004,'4321832','TRÊS FORQUILHAS',32),(3853,'3554904','TRÊS FRONTEIRAS',24),(5117,'5008305','TRÊS LAGOAS',33),(3032,'3169356','TRÊS MARIAS',27),(5005,'4321857','TRÊS PALMEIRAS',32),(5006,'4321907','TRÊS PASSOS',32),(3033,'3169406','TRÊS PONTAS',27),(5458,'5221304','TRÊS RANCHOS',12),(3234,'3306008','TRÊS RIOS',29),(4557,'4218707','TUBARÃO',30),(2199,'2931905','TUCANO',11),(279,'1508084','TUCUMÃ',1),(5009,'4322103','TUCUNDUVA',32),(280,'1508100','TUCURUÍ',1),(646,'2112274','TUFILÂNDIA',21),(3854,'3554953','TUIUTI',24),(3034,'3169505','TUMIRITINGA',27),(5010,'4322152','TUNAS',32),(4264,'4127882','TUNAS DO PARANÁ',15),(4265,'4127908','TUNEIRAS DO OESTE',15),(647,'2112308','TUNTUM',21),(4558,'4218756','TUNÁPOLIS',30),(3035,'3169604','TUPACIGUARA',27),(1623,'2615805','TUPANATINGA',2),(5011,'4322186','TUPANCI DO SUL',32),(5012,'4322202','TUPANCIRETÃ',32),(5013,'4322251','TUPANDI',32),(5014,'4322301','TUPARENDI',32),(1624,'2615904','TUPARETAMA',2),(3856,'3555109','TUPI PAULISTA',24),(438,'1721257','TUPIRAMA',25),(439,'1721307','TUPIRATINS',25),(3855,'3555000','TUPÃ',24),(4266,'4127957','TUPÃSSI',15),(648,'2112407','TURIAÇU',21),(649,'2112456','TURILÂNDIA',21),(3857,'3555208','TURIÚBA',24),(3036,'3169703','TURMALINA',27),(3858,'3555307','TURMALINA',24),(1054,'2313559','TURURU',14),(5015,'4322327','TURUÇU',32),(5462,'5221551','TURVELÂNDIA',12),(4267,'4127965','TURVO',15),(4559,'4218806','TURVO',30),(3037,'3169802','TURVOLÂNDIA',27),(5461,'5221502','TURVÂNIA',12),(650,'2112506','TUTÓIA',21),(126,'1304260','UARINI',20),(2200,'2932002','UAUÁ',11),(2202,'2932200','UBAITABA',11),(1055,'2313609','UBAJARA',14),(3040,'3170057','UBAPORANGA',27),(3859,'3555356','UBARANA',24),(3860,'3555406','UBATUBA',24),(2203,'2932309','UBATÃ',11),(3039,'3170008','UBAÍ',27),(2201,'2932101','UBAÍRA',11),(3041,'3170107','UBERABA',27),(3042,'3170206','UBERLÂNDIA',27),(3861,'3555505','UBIRAJARA',24),(4268,'4128005','UBIRATÃ',15),(5016,'4322343','UBIRETAMA',32),(3038,'3169901','UBÁ',27),(3862,'3555604','UCHOA',24),(2204,'2932408','UIBAÍ',11),(143,'1400704','UIRAMUTÃ',18),(5463,'5221577','UIRAPURU',12),(1443,'2516904','UIRAÚNA',17),(281,'1508126','ULIANÓPOLIS',1),(1056,'2313708','UMARI',14),(1219,'2414506','UMARIZAL',34),(1807,'2807600','UMBAÚBA',19),(2205,'2932457','UMBURANAS',11),(3043,'3170305','UMBURATIBA',27),(1444,'2517001','UMBUZEIRO',17),(1057,'2313757','UMIRIM',14),(4269,'4128104','UMUARAMA',15),(2206,'2932507','UNA',11),(3044,'3170404','UNAÍ',27),(4271,'4128302','UNIFLOR',15),(5018,'4322376','UNISTALDA',32),(871,'2211100','UNIÃO',13),(5017,'4322350','UNIÃO DA SERRA',32),(4270,'4128203','UNIÃO DA VITÓRIA',15),(3045,'3170438','UNIÃO DE MINAS',27),(4560,'4218855','UNIÃO DO OESTE',30),(5236,'5108303','UNIÃO DO SUL',26),(1731,'2709301','UNIÃO DOS PALMARES',16),(3863,'3555703','UNIÃO PAULISTA',24),(1220,'2414605','UPANEMA',34),(2207,'2932606','URANDI',11),(4272,'4128401','URAÍ',15),(651,'2112605','URBANO SANTOS',21),(3865,'3555901','URU',24),(5465,'5221700','URUANA',12),(3046,'3170479','URUANA DE MINAS',27),(282,'1508159','URUARÁ',1),(5464,'5221601','URUAÇU',12),(4561,'4218905','URUBICI',30),(1058,'2313807','URUBURETAMA',14),(127,'1304302','URUCARÁ',20),(3048,'3170529','URUCUIA',27),(128,'1304401','URUCURITUBA',20),(3047,'3170503','URUCÂNIA',27),(5019,'4322400','URUGUAIANA',32),(1059,'2313906','URUOCA',14),(4562,'4218954','URUPEMA',30),(42,'1101708','URUPÁ',22),(3866,'3556008','URUPÊS',24),(4563,'4219002','URUSSANGA',30),(5466,'5221809','URUTAÍ',12),(2208,'2932705','URUÇUCA',11),(872,'2211209','URUÇUÍ',13),(3864,'3555802','URÂNIA',24),(2209,'2932804','UTINGA',11),(5020,'4322509','VACARIA',32),(43,'1101757','VALE DO ANARI',22),(44,'1101807','VALE DO PARAÍSO',22),(5022,'4322533','VALE DO SOL',32),(5023,'4322541','VALE REAL',32),(5021,'4322525','VALE VERDE',32),(2211,'2933000','VALENTE',11),(3867,'3556107','VALENTIM GENTIL',24),(2210,'2932903','VALENÇA',11),(3235,'3306107','VALENÇA',29),(873,'2211308','VALENÇA DO PIAUÍ',13),(3868,'3556206','VALINHOS',24),(3869,'3556305','VALPARAÍSO',24),(5467,'5221858','VALPARAÍSO DE GOIÁS',12),(5024,'4322558','VANINI',32),(3870,'3556354','VARGEM',24),(4565,'4219150','VARGEM',30),(3049,'3170578','VARGEM ALEGRE',27),(3141,'3205036','VARGEM ALTA',28),(3050,'3170602','VARGEM BONITA',27),(4566,'4219176','VARGEM BONITA',30),(652,'2112704','VARGEM GRANDE',21),(3051,'3170651','VARGEM GRANDE DO RIO PARDO',27),(3871,'3556404','VARGEM GRANDE DO SUL',24),(3872,'3556453','VARGEM GRANDE PAULISTA',24),(4564,'4219101','VARGEÃO',30),(3052,'3170701','VARGINHA',27),(1060,'2313955','VARJOTA',14),(5468,'5221908','VARJÃO',12),(3053,'3170750','VARJÃO DE MINAS',27),(3236,'3306156','VARRE-SAI',29),(2215,'2933174','VARZEDO',11),(3055,'3170909','VARZELÂNDIA',27),(3237,'3306206','VASSOURAS',29),(3056,'3171006','VAZANTE',27),(3142,'3205069','VENDA NOVA DO IMIGRANTE',28),(1222,'2414753','VENHA-VER',34),(4274,'4128534','VENTANIA',15),(1625,'2616001','VENTUROSA',2),(5025,'4322608','VENÂNCIO AIRES',32),(5238,'5108501','VERA',26),(1223,'2414803','VERA CRUZ',34),(2216,'2933208','VERA CRUZ',11),(3874,'3556602','VERA CRUZ',24),(5026,'4322707','VERA CRUZ',32),(4275,'4128559','VERA CRUZ DO OESTE',15),(876,'2211506','VERA MENDES',13),(5027,'4322806','VERANÓPOLIS',32),(1626,'2616100','VERDEJANTE',2),(3057,'3171030','VERDELÂNDIA',27),(2217,'2933257','VEREDA',11),(3058,'3171071','VEREDINHA',27),(3060,'3171154','VERMELHO NOVO',27),(1627,'2616183','VERTENTE DO LÉRIO',2),(1628,'2616209','VERTENTES',2),(4276,'4128609','VERÊ',15),(3059,'3171105','VERÍSSIMO',27),(3061,'3171204','VESPASIANO',27),(5028,'4322855','VESPASIANO CORREA',32),(5029,'4322905','VIADUTOS',32),(5030,'4323002','VIAMÃO',32),(653,'2112803','VIANA',21),(3143,'3205101','VIANA',28),(5469,'5222005','VIANÓPOLIS',12),(5031,'4323101','VICENTE DUTRA',32),(5118,'5008404','VICENTINA',33),(5470,'5222054','VICENTINÓPOLIS',12),(5032,'4323200','VICTOR GRAEFF',32),(1629,'2616308','VICÊNCIA',2),(4567,'4219200','VIDAL RAMOS',30),(4568,'4219309','VIDEIRA',30),(3063,'3171402','VIEIRAS',27),(1446,'2517209','VIEIRÓPOLIS',17),(283,'1508209','VIGIA',1),(4277,'4128625','VILA ALTA',15),(5176,'5105507','VILA BELA DA SANTÍSSIMA TRINDADE',26),(5471,'5222203','VILA BOA',12),(1225,'2415008','VILA FLOR',34),(5033,'4323309','VILA FLORES',32),(5034,'4323358','VILA LÂNGARO',32),(5035,'4323408','VILA MARIA',32),(877,'2211605','VILA NOVA DO PIAUÍ',13),(5036,'4323457','VILA NOVA DO SUL',32),(654,'2112852','VILA NOVA DOS MARTÍRIOS',21),(3144,'3205150','VILA PAVÃO',28),(5472,'5222302','VILA PROPÍCIO',12),(5239,'5108600','VILA RICA',26),(3145,'3205176','VILA VALÉRIO',28),(3146,'3205200','VILA VELHA',28),(14,'1100304','VILHENA',22),(3875,'3556701','VINHEDO',24),(3876,'3556800','VIRADOURO',24),(3065,'3171600','VIRGEM DA LAPA',27),(3067,'3171808','VIRGINÓPOLIS',27),(3068,'3171907','VIRGOLÂNDIA',27),(3066,'3171709','VIRGÍNIA',27),(4279,'4128658','VIRMOND',15),(3069,'3172004','VISCONDE DO RIO BRANCO',27),(284,'1508308','VISEU',1),(5037,'4323507','VISTA ALEGRE',32),(3877,'3556909','VISTA ALEGRE DO ALTO',24),(5038,'4323606','VISTA ALEGRE DO PRATA',32),(5039,'4323705','VISTA GAÚCHA',32),(1300,'2505501','VISTA SERRANA',17),(4569,'4219358','VITOR MEIRELES',30),(4280,'4128708','VITORINO',15),(656,'2113009','VITORINO FREIRE',21),(3147,'3205309','VITÓRIA',28),(3878,'3556958','VITÓRIA BRASIL',24),(2218,'2933307','VITÓRIA DA CONQUISTA',11),(5040,'4323754','VITÓRIA DAS MISSÕES',32),(1630,'2616407','VITÓRIA DE SANTO ANTÃO',2),(302,'1600808','VITÓRIA DO JARI',10),(655,'2112902','VITÓRIA DO MEARIM',21),(285,'1508357','VITÓRIA DO XINGU',1),(1224,'2414902','VIÇOSA',34),(1732,'2709400','VIÇOSA',16),(3062,'3171303','VIÇOSA',27),(1062,'2314102','VIÇOSA DO CEARÁ',14),(3070,'3172103','VOLTA GRANDE',27),(3238,'3306305','VOLTA REDONDA',29),(3879,'3557006','VOTORANTIM',24),(3880,'3557105','VOTUPORANGA',24),(1221,'2414704','VÁRZEA',34),(1445,'2517100','VÁRZEA',17),(1061,'2314003','VÁRZEA ALEGRE',14),(874,'2211357','VÁRZEA BRANCA',13),(3054,'3170800','VÁRZEA DA PALMA',27),(2212,'2933059','VÁRZEA DA ROÇA',11),(2213,'2933109','VÁRZEA DO POÇO',11),(875,'2211407','VÁRZEA GRANDE',13),(5237,'5108402','VÁRZEA GRANDE',26),(2214,'2933158','VÁRZEA NOVA',11),(3873,'3556503','VÁRZEA PAULISTA',24),(2219,'2933406','WAGNER',11),(878,'2211704','WALL FERRAZ',13),(2220,'2933455','WANDERLEY',11),(440,'1722081','WANDERLÂNDIA',25),(3071,'3172202','WENCESLAU BRAZ',27),(4273,'4128500','WENCESLAU BRAZ',15),(2221,'2933505','WENCESLAU GUIMARÃES',11),(4570,'4219408','WITMARSUM',30),(441,'1722107','XAMBIOÁ',25),(4281,'4128807','XAMBRÊ',15),(5041,'4323804','XANGRI-LÁ',32),(4571,'4219507','XANXERÊ',30),(65,'1200708','XAPURI',8),(4572,'4219606','XAVANTINA',30),(4573,'4219705','XAXIM',30),(1631,'2616506','XEXÉU',2),(286,'1508407','XINGUARA',1),(2222,'2933604','XIQUE-XIQUE',11),(1447,'2517407','ZABELÊ',17),(3881,'3557154','ZACARIAS',24),(4574,'4219853','ZORTÉA',30),(657,'2114007','ZÉ DOCA',21),(148,'1500347','ÁGUA AZUL DO NORTE',1),(2228,'3100609','ÁGUA BOA',27),(5120,'5100201','ÁGUA BOA',26),(660,'2200202','ÁGUA BRANCA',13),(1226,'2500106','ÁGUA BRANCA',17),(1632,'2700102','ÁGUA BRANCA',16),(5042,'5000203','ÁGUA CLARA',33),(2229,'3100708','ÁGUA COMPRIDA',27),(4286,'4200408','ÁGUA DOCE',30),(444,'2100154','ÁGUA DOCE DO MARANHÃO',21),(3074,'3200169','ÁGUA DOCE DO NORTE',28),(1812,'2900405','ÁGUA FRIA',11),(5248,'5200175','ÁGUA FRIA DE GOIÁS',12),(5249,'5200209','ÁGUA LIMPA',12),(1065,'2400406','ÁGUA NOVA',34),(1452,'2600401','ÁGUA PRETA',2),(4575,'4300059','ÁGUA SANTA',32),(1453,'2600500','ÁGUAS BELAS',2),(3242,'3500402','ÁGUAS DA PRATA',24),(4287,'4200507','ÁGUAS DE CHAPECÓ',30),(3243,'3500501','ÁGUAS DE LINDÓIA',24),(3244,'3500550','ÁGUAS DE SANTA BÁRBARA',24),(3245,'3500600','ÁGUAS DE SÃO PEDRO',24),(2231,'3100906','ÁGUAS FORMOSAS',27),(4288,'4200556','ÁGUAS FRIAS',30),(5250,'5200258','ÁGUAS LINDAS DE GOIÁS',12),(4289,'4200606','ÁGUAS MORNAS',30),(2232,'3101003','ÁGUAS VERMELHAS',27),(3073,'3200136','ÁGUIA BRANCA',28),(3253,'3501202','ÁLVARES FLORENCE',24),(3254,'3501301','ÁLVARES MACHADO',24),(3255,'3501400','ÁLVARO DE CARVALHO',24),(4600,'4301552','ÁUREA',32),(3897,'4101150','ÂNGULO',15),(1813,'2900504','ÉRICO CARDOSO',11),(224,'1505106','ÓBIDOS',1),(3620,'3533809','ÓLEO',24);
/*!40000 ALTER TABLE `address_city` ENABLE KEYS */;
UNLOCK TABLES;

--
-- Table structure for table `address_country`
--

DROP TABLE IF EXISTS `address_country`;
/*!40101 SET @saved_cs_client     = @@character_set_client */;
/*!40101 SET character_set_client = utf8 */;
CREATE TABLE `address_country` (
  `id` int(11) NOT NULL AUTO_INCREMENT,
  `name` varchar(50) NOT NULL,
  `nationality` varchar(50) NOT NULL,
  PRIMARY KEY (`id`)
) ENGINE=MyISAM AUTO_INCREMENT=276 DEFAULT CHARSET=latin1;
/*!40101 SET character_set_client = @saved_cs_client */;

--
-- Dumping data for table `address_country`
--

LOCK TABLES `address_country` WRITE;
/*!40000 ALTER TABLE `address_country` DISABLE KEYS */;
INSERT INTO `address_country` VALUES (1,'Afghanistan','Afghan'),(2,'Albania','Albanian'),(3,'Algeria','Algerian'),(4,'American Samoa','American Samoan'),(5,'Andorra','Andorran'),(6,'Angola','Angolan'),(7,'Anguilla','Anguillan'),(8,'Antarctica','Antarctica'),(9,'Antigua and Barbuda','Antiguan and Barbudan'),(10,'Argentina','Argentine'),(11,'Armenia','Armenian'),(12,'Aruba','Aruban'),(13,'Ashmore and Cartier','Ashmore and Cartier'),(14,'Australia','Australian'),(15,'Austria','Austrian'),(16,'Azerbaijan','Azerbaijani'),(18,'Bahrain','Bahraini'),(19,'Baker Island','Baker Island'),(20,'Bangladesh','Bangladeshi'),(21,'Barbados','Barbadian'),(22,'Bassas da India','Bassas da India'),(23,'Belarus','Belarusian'),(24,'Belgium','Belgian'),(25,'Belize','Belizean'),(26,'Benin','Beninese'),(27,'Bermuda','Bermudian'),(28,'Bhutan','Bhutanese'),(29,'Bolivia','Bolivian'),(30,'Bosnia and Herzegovina','Bosnian and Herzegovinian'),(31,'Botswana','Motswana'),(32,'Bouvet Island','Bouvet Island'),(33,'Brasil','Brasileira'),(34,'British Indian Ocean Territory','British Indian Ocean Territory'),(35,'British Virgin Islands','British Virgin Islander'),(36,'Brunei Darussalam','Brunei Darussalam'),(37,'Bulgaria','Bulgarian'),(38,'Burkina Faso','Burkinabe'),(39,'Burma','Burmese'),(40,'Burundi','Burundi'),(41,'Cambodia','Cambodian'),(42,'Cameroon','Cameroonian'),(43,'Canada','Canadian'),(44,'Cape Verde','Cape Verdean'),(45,'Cayman Islands','Caymanian'),(46,'Central African Republic','Central African'),(47,'Chad','Chadian'),(48,'Chile','Chilean'),(49,'China','Chinese'),(50,'Christmas Island','Christmas Island'),(51,'Clipperton Island','Clipperton Island'),(52,'Cocos (Keeling) Islands','Cocos Islander'),(53,'Colombia','Colombian'),(54,'Comoros','Comoran'),(55,'Congo, Democratic Republic of the','Congolese'),(56,'Congo, Republic of the','Congolese'),(57,'Cook Islands','Cook Islander'),(58,'Coral Sea Islands','Coral Sea Islands'),(59,'Costa Rica','Costa Rican'),(60,'Cote dIvoire','Ivorian'),(61,'Croatia','Croatian'),(62,'Cuba','Cuban'),(63,'Cyprus','Cypriot'),(64,'Czech Republic','Czech'),(65,'Denmark','Danish'),(66,'Djibouti','Djiboutian'),(67,'Dominica','Dominican'),(68,'Dominican Republic','Dominican'),(69,'East Timor','East Timor'),(70,'Ecuador','Ecuadorian'),(71,'Egypt','Egyptian'),(72,'El Salvador','Salvadoran'),(73,'Equatorial Guinea','Equatorial Guinean'),(74,'Eritrea','Eritrean'),(75,'Estonia','Estonian'),(76,'Ethiopia','Ethiopian'),(77,'Europa Island','Europa Island'),(78,'Falkland Islands (Islas Malvinas)','Falkland Island'),(79,'Faroe Islands','Faroese'),(80,'Fiji','Fijian'),(81,'Finland','Finnish'),(82,'France','Frenchman'),(83,'France, Metropolitan','France, Metropolitan'),(84,'French Guiana','French Guianese'),(85,'French Polynesia','French Polynesian'),(86,'French Southern and Antarctic Lands','French Southern and Antarctic Lands'),(87,'Gabon','Gabonese'),(89,'Gaza Strip','Gaza Strip'),(90,'Georgia','Georgian'),(91,'Germany','German'),(92,'Ghana','Ghanaian'),(93,'Gibraltar','Gibraltar'),(94,'Glorioso Islands','Glorioso Islands'),(95,'Greece','Greek'),(96,'Greenland','Greenlandic'),(97,'Grenada','Grenadian'),(98,'Guadeloupe','Guadeloupe'),(99,'Guam','Guamanian'),(100,'Guatemala','Guatemalan'),(101,'Guernsey','Channel Islander'),(102,'Guinea','Guinean'),(103,'Guinea-Bissau','Guinean'),(104,'Guyana','Guyanese'),(105,'Haiti','Haitian'),(106,'Heard Island and McDonald Islands','Heard Island and McDonald Islands'),(107,'Holy See (Vatican City)','Holy See (Vatican City)'),(108,'Honduras','Honduran'),(109,'Hong Kong (SAR)','Hong Kong (SAR)'),(110,'Howland Island','Howland Island'),(111,'Hungary','Hungarian'),(112,'Iceland','Icelandic'),(113,'India','Indian'),(114,'Indonesia','Indonesian'),(115,'Iran','Iranian'),(116,'Iraq','Iraqi'),(117,'Ireland','Irish'),(118,'Israel','Israeli'),(119,'Italy','Italian'),(120,'Jamaica','Jamaican'),(121,'Jan Mayen','Jan Mayen'),(122,'Japan','Japanese'),(123,'Jarvis Island','Jarvis Island'),(124,'Jersey','Channel Islander'),(125,'Johnston Atoll','Johnston Atoll'),(126,'Jordan','Jordanian'),(127,'Juan de Nova Island','Juan de Nova Island'),(128,'Kazakhstan','Kazakhstani'),(129,'Kenya','Kenyan'),(130,'Kingman Reef','Kingman Reef'),(131,'Kiribati','I-Kiribati'),(132,'Korea, North','Korean'),(133,'Korea, South','Korean'),(134,'Kuwait','Kuwaiti'),(135,'Kyrgyzstan','Kyrgyzstani'),(136,'Laos','Lao'),(137,'Latvia','Latvian'),(138,'Lebanon','Lebanese'),(139,'Lesotho','Basotho'),(140,'Liberia','Liberian'),(141,'Libya','Libyan'),(142,'Liechtenstein','Liechtenstein'),(143,'Lithuania','Lithuanian'),(144,'Luxembourg','Luxembourg'),(145,'Macao','Chinese'),(146,'Macedonia, The Former Yugoslav Republic of','Macedonian'),(147,'Madagascar','Malagasy'),(148,'Malawi','Malawian'),(149,'Malaysia','Malaysian'),(150,'Maldives','Maldivian'),(151,'Mali','Malian'),(152,'Malta','Maltese'),(153,'Man, Isle of','Manxman'),(154,'Marshall Islands','Marshallese'),(155,'Martinique','Martiniquais'),(156,'Mauritania','Mauritanian'),(157,'Mauritius','Mauritian'),(158,'Mayotte','Mahorais'),(159,'Mexico','Mexican'),(160,'Micronesia, Federated States of','Micronesian'),(161,'Midway Islands','Midway Islands'),(162,'Miscellaneous (French)','Miscellaneous (French)'),(163,'Moldova','Moldovan'),(164,'Monaco','Monegasque'),(165,'Mongolia','Mongolian'),(166,'Montenegro','Montenegro'),(167,'Montserrat','Montserratian'),(168,'Morocco','Moroccan'),(169,'Mozambique','Mozambican'),(170,'Myanmar','Myanmar'),(171,'Namibia','Namibian'),(172,'Nauru','Nauruan'),(173,'Navassa Island','Navassa Island'),(174,'Nepal','Nepalese'),(175,'Netherlands','Dutchman'),(176,'Netherlands Antilles','Dutch Antillean'),(177,'New Caledonia','New Caledonian'),(178,'New Zealand','New Zealand'),(179,'Nicaragua','Nicaraguan'),(180,'Niger','Nigerien'),(181,'Nigeria','Nigerian'),(182,'Niue','Niuean'),(183,'Norfolk Island','Norfolk Islander'),(184,'Northern Mariana Islands','Northern Mariana Islands'),(185,'Norway','Norwegian'),(186,'Oman','Omani'),(187,'Pakistan','Pakistani'),(188,'Palau','Palauan'),(275,'Palestinian Territory, Occupied','Palestinian Territory, Occupied'),(189,'Palmyra Atoll','Palmyra Atoll'),(190,'Panama','Panamanian'),(191,'Papua New Guinea','Papua New Guinean'),(192,'Paracel Islands','Paracel Islands'),(193,'Paraguay','Paraguayan'),(194,'Peru','Peruvian'),(195,'Philippines','Philippine'),(196,'Pitcairn Islands','Pitcairn Islander'),(197,'Poland','Polish'),(198,'Portugal','Portuguese'),(199,'Puerto Rico','Puerto Rican'),(200,'Qatar','Qatari'),(201,'R?union','Reunionese'),(202,'Romania','Romanian'),(203,'Russia','Russian'),(204,'Rwanda','Rwandan'),(205,'Saint Helena','Saint Helenian'),(206,'Saint Kitts and Nevis','Kittitian and Nevisian'),(207,'Saint Lucia','Saint Lucian'),(208,'Saint Pierre and Miquelon','Frenchman'),(209,'Saint Vincent and the Grenadines','Saint Vincentian'),(210,'Samoa','Samoan'),(211,'San Marino','Sammarinese'),(213,'Saudi Arabia','Saudi Arabian '),(214,'Senegal','Senegalese'),(215,'Serbia','Serbia'),(216,'Serbia and Montenegro','Serbia and Montenegro'),(217,'Seychelles','Seychellois'),(218,'Sierra Leone','Sierra Leonean'),(219,'Singapore','Singaporeian'),(220,'Slovakia','Slovakian'),(221,'Slovenia','Slovenian'),(222,'Solomon Islands','Solomon Islander'),(223,'Somalia','Somali'),(224,'South Africa','South African'),(225,'South Georgia and the South Sandwich Islands','South Georgia and the South Sandwich Islands'),(226,'Spain','Spanish'),(227,'Spratly Islands','Spratly Islands'),(228,'Sri Lanka','Sri Lankan'),(229,'Sudan','Sudanese'),(230,'Suriname','Surinamese'),(231,'Svalbard','Svalbard'),(232,'Swaziland','Swazi'),(233,'Sweden','Swedish'),(234,'Switzerland','Swiss'),(235,'Syria','Syrian'),(212,'São Tomé and Príncipe','Sao Tomean'),(236,'Taiwan','Chinese'),(237,'Tajikistan','Tajikistani'),(238,'Tanzania','Tanzanian'),(239,'Thailand','Thai'),(17,'The Bahamas','Bahamian'),(88,'The Gambia','Gambian'),(240,'Togo','Togolese'),(241,'Tokelau','Tokelauan'),(242,'Tonga','Tongan'),(243,'Trinidad and Tobago','Trinidadian and Tobagonian'),(244,'Tromelin Island','Tromelin Island'),(245,'Tunisia','Tunisian'),(246,'Turkey','Turkish'),(247,'Turkmenistan','Turkmen'),(248,'Turks and Caicos Islands','Turks and Caicos Islands'),(249,'Tuvalu','Tuvaluan'),(250,'Uganda','Ugandan'),(251,'Ukraine','Ukrainian'),(252,'United Arab Emirates','Emirati'),(253,'United Kingdom','British'),(254,'United States','American'),(255,'United States Minor Outlying Islands','United States Minor Outlying Islands'),(256,'Uruguay','Uruguayan'),(257,'Uzbekistan','Uzbekistani'),(258,'Vanuatu','Ni-Vanuatu'),(259,'Venezuela','Venezuelan'),(260,'Vietnam','Vietnamese'),(261,'Virgin Islands','Virgin Islander'),(262,'Virgin Islands (UK)','Virgin Islands (UK)'),(263,'Virgin Islands (US)','Virgin Islands (US)'),(264,'Wake Island','Wake Island'),(265,'Wallis and Futuna','Wallis and Futuna Islander'),(266,'West Bank','West Bank'),(267,'Western Sahara','Sahrawian'),(268,'Western Samoa','Western Samoa'),(269,'World','World'),(270,'Yemen','Yemeni'),(271,'Yugoslavia','Serbian'),(272,'Zaire','Zaire'),(273,'Zambia','Zambian'),(274,'Zimbabwe','Zimbabwean');
/*!40000 ALTER TABLE `address_country` ENABLE KEYS */;
UNLOCK TABLES;

--
-- Table structure for table `address_state`
--

DROP TABLE IF EXISTS `address_state`;
/*!40101 SET @saved_cs_client     = @@character_set_client */;
/*!40101 SET character_set_client = utf8 */;
CREATE TABLE `address_state` (
  `id` int(11) NOT NULL AUTO_INCREMENT,
  `name` varchar(50) NOT NULL,
  `shortName` varchar(2) NOT NULL,
  `country_id` int(11) NOT NULL,
  PRIMARY KEY (`id`),
  KEY `address_state_534dd89` (`country_id`)
) ENGINE=MyISAM AUTO_INCREMENT=35 DEFAULT CHARSET=latin1;
/*!40101 SET character_set_client = @saved_cs_client */;

--
-- Dumping data for table `address_state`
--

LOCK TABLES `address_state` WRITE;
/*!40000 ALTER TABLE `address_state` DISABLE KEYS */;
INSERT INTO `address_state` VALUES (8,'Acre','AC',33),(16,'Alagoas','AL',33),(10,'Amapá','AP',33),(20,'Amazonas','AM',33),(11,'Bahia','BA',33),(14,'Ceará','CE',33),(3,'Distrito Federal','DF',33),(28,'Espírito Santo','ES',33),(12,'Goiás','GO',33),(21,'Maranhão','MA',33),(26,'Mato Grosso','MT',33),(33,'Mato Grosso do Sul','MS',33),(27,'Minas Gerais','MG',33),(15,'Paraná','PR',33),(17,'Paraíba','PB',33),(1,'Pará','PA',33),(2,'Pernambuco','PE',33),(13,'Piauí','PI',33),(34,'Rio Grande do Norte','RN',33),(32,'Rio Grande do Sul','RS',33),(29,'Rio de Janeiro','RJ',33),(22,'Rondônia','RO',33),(18,'Roraima','RR',33),(30,'Santa Catarina','SC',33),(19,'Sergipe','SE',33),(24,'São Paulo','SP',33),(25,'Tocantins','TO',33);
/*!40000 ALTER TABLE `address_state` ENABLE KEYS */;
UNLOCK TABLES;

--
-- Table structure for table `admission_admissionreferral`
--

DROP TABLE IF EXISTS `admission_admissionreferral`;
/*!40101 SET @saved_cs_client     = @@character_set_client */;
/*!40101 SET character_set_client = utf8 */;
CREATE TABLE `admission_admissionreferral` (
  `id` varchar(36) NOT NULL,
  `referral_choice_id` int(11) NOT NULL,
  `referral_organization_id` varchar(36) DEFAULT NULL,
  `referral_professional_id` varchar(36) DEFAULT NULL,
  `signed_bythe_client` tinyint(1) NOT NULL,
  `client_id` varchar(36) NOT NULL,
  `date` datetime NOT NULL,
  PRIMARY KEY (`id`),
  KEY `admission_admissionreferral_8e2cab60` (`referral_choice_id`),
  KEY `admission_admissionreferral_51d63dce` (`referral_organization_id`),
  KEY `admission_admissionreferral_49cf82fe` (`referral_professional_id`),
  KEY `admission_admissionreferral_4a4e8ffb` (`client_id`)
) ENGINE=MyISAM DEFAULT CHARSET=latin1;
/*!40101 SET character_set_client = @saved_cs_client */;

--
-- Dumping data for table `admission_admissionreferral`
--

LOCK TABLES `admission_admissionreferral` WRITE;
/*!40000 ALTER TABLE `admission_admissionreferral` DISABLE KEYS */;
/*!40000 ALTER TABLE `admission_admissionreferral` ENABLE KEYS */;
UNLOCK TABLES;

--
-- Table structure for table `admission_attach`
--

DROP TABLE IF EXISTS `admission_attach`;
/*!40101 SET @saved_cs_client     = @@character_set_client */;
/*!40101 SET character_set_client = utf8 */;
CREATE TABLE `admission_attach` (
  `id` int(11) NOT NULL AUTO_INCREMENT,
  `filename` varchar(255) DEFAULT NULL,
  `description` longtext,
  `date` datetime NOT NULL,
  `file` varchar(200) NOT NULL,
  `type` varchar(2) DEFAULT NULL,
  `client_id` varchar(36) NOT NULL,
  PRIMARY KEY (`id`),
  KEY `admission_attach_4a4e8ffb` (`client_id`)
) ENGINE=MyISAM DEFAULT CHARSET=latin1;
/*!40101 SET character_set_client = @saved_cs_client */;

--
-- Dumping data for table `admission_attach`
--

LOCK TABLES `admission_attach` WRITE;
/*!40000 ALTER TABLE `admission_attach` DISABLE KEYS */;
/*!40000 ALTER TABLE `admission_attach` ENABLE KEYS */;
UNLOCK TABLES;

--
-- Table structure for table `admission_referralchoice`
--

DROP TABLE IF EXISTS `admission_referralchoice`;
/*!40101 SET @saved_cs_client     = @@character_set_client */;
/*!40101 SET character_set_client = utf8 */;
CREATE TABLE `admission_referralchoice` (
  `id` int(11) NOT NULL AUTO_INCREMENT,
  `description` varchar(250) NOT NULL,
  `nick` varchar(50) NOT NULL,
  `weight` int(11) DEFAULT NULL,
  `color` varchar(6) DEFAULT NULL,
  PRIMARY KEY (`id`)
) ENGINE=MyISAM AUTO_INCREMENT=22 DEFAULT CHARSET=latin1;
/*!40101 SET character_set_client = @saved_cs_client */;

--
-- Dumping data for table `admission_referralchoice`
--

LOCK TABLES `admission_referralchoice` WRITE;
/*!40000 ALTER TABLE `admission_referralchoice` DISABLE KEYS */;
INSERT INTO `admission_referralchoice` VALUES (1,'Publicidade (Jornal, Rádio, TV, Revista, folder)','',2,NULL),(2,'Buscas (site, lista telefonica)','',3,NULL),(4,'Trabalho','',4,NULL),(5,'No Próprio Local','',6,NULL),(10,'Familia','',8,NULL),(9,'Amigo','',8,NULL),(6,'Estabelecimento','',8,NULL),(8,'Profissional','professional',16,NULL),(11,'Escolha...','',0,NULL),(12,'Escolha...','',0,NULL),(13,'Escolha...','',0,NULL),(14,'Escolha...','',0,NULL),(15,'Escolha...','',0,NULL),(16,'Escolha...','',0,NULL),(17,'Escolha...','',0,NULL),(18,'Escolha...','',0,NULL),(19,'Escolha...','',0,NULL),(20,'Escolha...','',0,NULL),(21,'Escolha...','',0,NULL);
/*!40000 ALTER TABLE `admission_referralchoice` ENABLE KEYS */;
UNLOCK TABLES;

--
-- Table structure for table `auth_group`
--

DROP TABLE IF EXISTS `auth_group`;
/*!40101 SET @saved_cs_client     = @@character_set_client */;
/*!40101 SET character_set_client = utf8 */;
CREATE TABLE `auth_group` (
  `id` int(11) NOT NULL AUTO_INCREMENT,
  `name` varchar(80) NOT NULL,
  PRIMARY KEY (`id`),
  UNIQUE KEY `name` (`name`)
) ENGINE=MyISAM AUTO_INCREMENT=2 DEFAULT CHARSET=latin1;
/*!40101 SET character_set_client = @saved_cs_client */;

--
-- Dumping data for table `auth_group`
--

LOCK TABLES `auth_group` WRITE;
/*!40000 ALTER TABLE `auth_group` DISABLE KEYS */;
INSERT INTO `auth_group` VALUES (1,'Organization Manager');
/*!40000 ALTER TABLE `auth_group` ENABLE KEYS */;
UNLOCK TABLES;

--
-- Table structure for table `auth_group_permissions`
--

DROP TABLE IF EXISTS `auth_group_permissions`;
/*!40101 SET @saved_cs_client     = @@character_set_client */;
/*!40101 SET character_set_client = utf8 */;
CREATE TABLE `auth_group_permissions` (
  `id` int(11) NOT NULL AUTO_INCREMENT,
  `group_id` int(11) NOT NULL,
  `permission_id` int(11) NOT NULL,
  PRIMARY KEY (`id`),
  UNIQUE KEY `group_id` (`group_id`,`permission_id`),
  KEY `auth_group_permissions_bda51c3c` (`group_id`),
  KEY `auth_group_permissions_1e014c8f` (`permission_id`)
) ENGINE=MyISAM AUTO_INCREMENT=355 DEFAULT CHARSET=latin1;
/*!40101 SET character_set_client = @saved_cs_client */;

--
-- Dumping data for table `auth_group_permissions`
--

LOCK TABLES `auth_group_permissions` WRITE;
/*!40000 ALTER TABLE `auth_group_permissions` DISABLE KEYS */;
INSERT INTO `auth_group_permissions` VALUES (1,1,4),(2,1,5),(3,1,6),(4,1,10),(5,1,11),(6,1,12),(7,1,13),(8,1,14),(9,1,15),(10,1,16),(11,1,17),(12,1,18),(13,1,19),(14,1,20),(15,1,21),(16,1,22),(17,1,23),(18,1,24),(19,1,25),(20,1,26),(21,1,27),(22,1,28),(23,1,29),(24,1,30),(25,1,31),(26,1,32),(27,1,33),(28,1,34),(29,1,35),(30,1,36),(31,1,37),(32,1,38),(33,1,39),(34,1,40),(35,1,41),(36,1,42),(37,1,43),(38,1,44),(39,1,45),(40,1,46),(41,1,47),(42,1,48),(43,1,49),(44,1,50),(45,1,51),(46,1,52),(47,1,53),(48,1,54),(49,1,55),(50,1,56),(51,1,57),(52,1,58),(53,1,59),(54,1,60),(55,1,61),(56,1,62),(57,1,63),(58,1,64),(59,1,65),(60,1,66),(61,1,67),(62,1,68),(63,1,69),(64,1,70),(65,1,71),(66,1,72),(67,1,73),(68,1,74),(69,1,75),(70,1,76),(71,1,77),(72,1,78),(73,1,79),(74,1,80),(75,1,81),(76,1,82),(77,1,83),(78,1,84),(79,1,85),(80,1,86),(81,1,87),(82,1,88),(83,1,89),(84,1,90),(85,1,91),(86,1,92),(87,1,93),(88,1,94),(89,1,95),(90,1,96),(91,1,97),(92,1,98),(93,1,99),(94,1,100),(95,1,101),(96,1,102),(97,1,103),(98,1,104),(99,1,105),(100,1,106),(101,1,107),(102,1,108),(103,1,109),(104,1,110),(105,1,111),(106,1,112),(107,1,113),(108,1,114),(109,1,115),(110,1,116),(111,1,117),(112,1,118),(113,1,119),(114,1,120),(115,1,121),(116,1,122),(117,1,123),(118,1,124),(119,1,125),(120,1,126),(121,1,127),(122,1,128),(123,1,129),(124,1,130),(125,1,131),(126,1,132),(127,1,133),(128,1,134),(129,1,135),(130,1,136),(131,1,137),(132,1,138),(133,1,139),(134,1,140),(135,1,141),(136,1,142),(137,1,143),(138,1,144),(139,1,145),(140,1,146),(141,1,147),(142,1,148),(143,1,149),(144,1,150),(145,1,151),(146,1,152),(147,1,153),(148,1,154),(149,1,155),(150,1,156),(151,1,157),(152,1,158),(153,1,159),(154,1,160),(155,1,161),(156,1,162),(157,1,163),(158,1,164),(159,1,165),(160,1,166),(161,1,167),(162,1,168),(163,1,169),(164,1,170),(165,1,171),(166,1,172),(167,1,173),(168,1,174),(169,1,175),(170,1,176),(171,1,177),(172,1,178),(173,1,179),(174,1,180),(175,1,181),(176,1,182),(177,1,183),(178,1,184),(179,1,185),(180,1,186),(181,1,187),(182,1,188),(183,1,189),(184,1,190),(185,1,191),(186,1,192),(187,1,193),(188,1,194),(189,1,195),(190,1,196),(191,1,197),(192,1,198),(193,1,199),(194,1,200),(195,1,201),(196,1,202),(197,1,203),(198,1,204),(199,1,205),(200,1,206),(201,1,207),(202,1,208),(203,1,209),(204,1,210),(205,1,211),(206,1,212),(207,1,213),(208,1,214),(209,1,215),(210,1,216),(211,1,217),(212,1,218),(213,1,219),(214,1,220),(215,1,221),(216,1,222),(217,1,223),(218,1,224),(219,1,225),(220,1,226),(221,1,227),(222,1,228),(223,1,229),(224,1,230),(225,1,231),(226,1,232),(227,1,233),(228,1,234),(229,1,235),(230,1,236),(231,1,237),(232,1,238),(233,1,239),(234,1,240),(235,1,241),(236,1,242),(237,1,243),(238,1,244),(239,1,245),(240,1,246),(241,1,247),(242,1,248),(243,1,249),(244,1,250),(245,1,251),(246,1,252),(247,1,253),(248,1,254),(249,1,255),(250,1,256),(251,1,257),(252,1,258),(253,1,259),(254,1,260),(255,1,261),(256,1,262),(257,1,263),(258,1,264),(259,1,265),(260,1,266),(261,1,267),(262,1,268),(263,1,269),(264,1,270),(265,1,271),(266,1,272),(267,1,273),(268,1,274),(269,1,275),(270,1,276),(271,1,277),(272,1,278),(273,1,279),(274,1,280),(275,1,281),(276,1,282),(277,1,283),(278,1,284),(279,1,285),(280,1,286),(281,1,287),(282,1,288),(283,1,289),(284,1,290),(285,1,291),(286,1,292),(287,1,293),(288,1,294),(289,1,295),(290,1,296),(291,1,297),(292,1,298),(293,1,299),(294,1,300),(295,1,301),(296,1,302),(297,1,303),(298,1,304),(299,1,305),(300,1,306),(301,1,307),(302,1,308),(303,1,309),(304,1,310),(305,1,311),(306,1,312),(307,1,328),(308,1,329),(309,1,330),(310,1,331),(311,1,332),(312,1,333),(313,1,334),(314,1,335),(315,1,336),(316,1,337),(317,1,338),(318,1,339),(319,1,340),(320,1,341),(321,1,342),(322,1,343),(323,1,344),(324,1,345),(325,1,346),(326,1,347),(327,1,348),(328,1,355),(329,1,356),(330,1,357),(331,1,358),(332,1,359),(333,1,360),(334,1,361),(335,1,362),(336,1,363),(337,1,364),(338,1,365),(339,1,366),(340,1,367),(341,1,368),(342,1,369),(343,1,370),(344,1,371),(345,1,372),(346,1,373),(347,1,374),(348,1,375),(349,1,376),(350,1,377),(351,1,378),(352,1,379),(353,1,380),(354,1,381);
/*!40000 ALTER TABLE `auth_group_permissions` ENABLE KEYS */;
UNLOCK TABLES;

--
-- Table structure for table `auth_message`
--

DROP TABLE IF EXISTS `auth_message`;
/*!40101 SET @saved_cs_client     = @@character_set_client */;
/*!40101 SET character_set_client = utf8 */;
CREATE TABLE `auth_message` (
  `id` int(11) NOT NULL AUTO_INCREMENT,
  `user_id` int(11) NOT NULL,
  `message` longtext NOT NULL,
  PRIMARY KEY (`id`),
  KEY `auth_message_fbfc09f1` (`user_id`)
) ENGINE=MyISAM AUTO_INCREMENT=68 DEFAULT CHARSET=latin1;
/*!40101 SET character_set_client = @saved_cs_client */;

--
-- Dumping data for table `auth_message`
--

LOCK TABLES `auth_message` WRITE;
/*!40000 ALTER TABLE `auth_message` DISABLE KEYS */;
/*!40000 ALTER TABLE `auth_message` ENABLE KEYS */;
UNLOCK TABLES;

--
-- Table structure for table `auth_permission`
--

DROP TABLE IF EXISTS `auth_permission`;
/*!40101 SET @saved_cs_client     = @@character_set_client */;
/*!40101 SET character_set_client = utf8 */;
CREATE TABLE `auth_permission` (
  `id` int(11) NOT NULL AUTO_INCREMENT,
  `name` varchar(50) NOT NULL,
  `content_type_id` int(11) NOT NULL,
  `codename` varchar(100) NOT NULL,
  PRIMARY KEY (`id`),
  UNIQUE KEY `content_type_id` (`content_type_id`,`codename`),
  KEY `auth_permission_e4470c6e` (`content_type_id`)
) ENGINE=MyISAM AUTO_INCREMENT=425 DEFAULT CHARSET=latin1;
/*!40101 SET character_set_client = @saved_cs_client */;

--
-- Dumping data for table `auth_permission`
--

LOCK TABLES `auth_permission` WRITE;
/*!40000 ALTER TABLE `auth_permission` DISABLE KEYS */;
INSERT INTO `auth_permission` VALUES (1,'Can add session',1,'add_session'),(2,'Can change session',1,'change_session'),(3,'Can delete session',1,'delete_session'),(4,'Can add content type',2,'add_contenttype'),(5,'Can change content type',2,'change_contenttype'),(6,'Can delete content type',2,'delete_contenttype'),(7,'Can add site',3,'add_site'),(8,'Can change site',3,'change_site'),(9,'Can delete site',3,'delete_site'),(10,'Can add log entry',4,'add_logentry'),(11,'Can change log entry',4,'change_logentry'),(12,'Can delete log entry',4,'delete_logentry'),(13,'Can add permission',5,'add_permission'),(14,'Can change permission',5,'change_permission'),(15,'Can delete permission',5,'delete_permission'),(16,'Can add group',6,'add_group'),(17,'Can change group',6,'change_group'),(18,'Can delete group',6,'delete_group'),(19,'Can add user',7,'add_user'),(20,'Can change user',7,'change_user'),(21,'Can delete user',7,'delete_user'),(22,'Can add message',8,'add_message'),(23,'Can change message',8,'change_message'),(24,'Can delete message',8,'delete_message'),(25,'Can add profile',9,'add_profile'),(26,'Can change profile',9,'change_profile'),(27,'Can delete profile',9,'delete_profile'),(28,'Can add role',10,'add_role'),(29,'Can change role',10,'change_role'),(30,'Can delete role',10,'delete_role'),(31,'Can add cnae',11,'add_cnae'),(32,'Can change cnae',11,'change_cnae'),(33,'Can delete cnae',11,'delete_cnae'),(34,'Can add tax with hold',12,'add_taxwithhold'),(35,'Can change tax with hold',12,'change_taxwithhold'),(36,'Can delete tax with hold',12,'delete_taxwithhold'),(37,'Can add sponsor',13,'add_sponsor'),(38,'Can change sponsor',13,'change_sponsor'),(39,'Can delete sponsor',13,'delete_sponsor'),(40,'Can add professional responsible',14,'add_professionalresponsible'),(41,'Can change professional responsible',14,'change_professionalresponsible'),(42,'Can delete professional responsible',14,'delete_professionalresponsible'),(43,'Can add person type',15,'add_persontype'),(44,'Can change person type',15,'change_persontype'),(45,'Can delete person type',15,'delete_persontype'),(46,'Can add unit type',16,'add_unittype'),(47,'Can change unit type',16,'change_unittype'),(48,'Can delete unit type',16,'delete_unittype'),(49,'Can add administration environment',17,'add_administrationenvironment'),(50,'Can change administration environment',17,'change_administrationenvironment'),(51,'Can delete administration environment',17,'delete_administrationenvironment'),(52,'Can add source',18,'add_source'),(53,'Can change source',18,'change_source'),(54,'Can delete source',18,'delete_source'),(55,'Can add provided type',19,'add_providedtype'),(56,'Can change provided type',19,'change_providedtype'),(57,'Can delete provided type',19,'delete_providedtype'),(58,'Can add management',20,'add_management'),(59,'Can change management',20,'change_management'),(60,'Can delete management',20,'delete_management'),(61,'Can add dependence',21,'add_dependence'),(62,'Can change dependence',21,'change_dependence'),(63,'Can delete dependence',21,'delete_dependence'),(64,'Can add activitie',22,'add_activitie'),(65,'Can change activitie',22,'change_activitie'),(66,'Can delete activitie',22,'delete_activitie'),(67,'Can add organization',23,'add_organization'),(68,'Can change organization',23,'change_organization'),(69,'Can delete organization',23,'delete_organization'),(70,'Can add agreement type',24,'add_agreementtype'),(71,'Can change agreement type',24,'change_agreementtype'),(72,'Can delete agreement type',24,'delete_agreementtype'),(73,'Can add agreement',25,'add_agreement'),(74,'Can change agreement',25,'change_agreement'),(75,'Can delete agreement',25,'delete_agreement'),(76,'Can add age group',26,'add_agegroup'),(77,'Can change age group',26,'change_agegroup'),(78,'Can delete age group',26,'delete_agegroup'),(79,'Can add education level',27,'add_educationlevel'),(80,'Can change education level',27,'change_educationlevel'),(81,'Can delete education level',27,'delete_educationlevel'),(82,'Can add hierarchical level',28,'add_hierarchicallevel'),(83,'Can change hierarchical level',28,'change_hierarchicallevel'),(84,'Can delete hierarchical level',28,'delete_hierarchicallevel'),(85,'Can add procedure provider',29,'add_procedureprovider'),(86,'Can change procedure provider',29,'change_procedureprovider'),(87,'Can delete procedure provider',29,'delete_procedureprovider'),(88,'Can add procedure',30,'add_procedure'),(89,'Can change procedure',30,'change_procedure'),(90,'Can delete procedure',30,'delete_procedure'),(91,'Can add institution type',31,'add_institutiontype'),(92,'Can change institution type',31,'change_institutiontype'),(93,'Can delete institution type',31,'delete_institutiontype'),(94,'Can add post graduate',32,'add_postgraduate'),(95,'Can change post graduate',32,'change_postgraduate'),(96,'Can delete post graduate',32,'delete_postgraduate'),(97,'Can add academic resume',33,'add_academicresume'),(98,'Can change academic resume',33,'change_academicresume'),(99,'Can delete academic resume',33,'delete_academicresume'),(100,'Can add profession',34,'add_profession'),(101,'Can change profession',34,'change_profession'),(102,'Can delete profession',34,'delete_profession'),(103,'Can add professional profile',35,'add_professionalprofile'),(104,'Can change professional profile',35,'change_professionalprofile'),(105,'Can delete professional profile',35,'delete_professionalprofile'),(106,'Can add licence board',36,'add_licenceboard'),(107,'Can change licence board',36,'change_licenceboard'),(108,'Can delete licence board',36,'delete_licenceboard'),(109,'Can add professional identification',37,'add_professionalidentification'),(110,'Can change professional identification',37,'change_professionalidentification'),(111,'Can delete professional identification',37,'delete_professionalidentification'),(112,'Can add student profile',38,'add_studentprofile'),(113,'Can change student profile',38,'change_studentprofile'),(114,'Can delete student profile',38,'delete_studentprofile'),(115,'Can add care professional',39,'add_careprofessional'),(116,'Can change care professional',39,'change_careprofessional'),(117,'Can delete care professional',39,'delete_careprofessional'),(118,'Can add place type',40,'add_placetype'),(119,'Can change place type',40,'change_placetype'),(120,'Can delete place type',40,'delete_placetype'),(121,'Can add place',41,'add_place'),(122,'Can change place',41,'change_place'),(123,'Can delete place',41,'delete_place'),(124,'Can add room type',42,'add_roomtype'),(125,'Can change room type',42,'change_roomtype'),(126,'Can delete room type',42,'delete_roomtype'),(127,'Can add room',43,'add_room'),(128,'Can change room',43,'change_room'),(129,'Can delete room',43,'delete_room'),(130,'Can add device',44,'add_device'),(131,'Can change device',44,'change_device'),(132,'Can delete device',44,'delete_device'),(133,'Can add device details',45,'add_devicedetails'),(134,'Can change device details',45,'change_devicedetails'),(135,'Can delete device details',45,'delete_devicedetails'),(136,'Can add service type',46,'add_servicetype'),(137,'Can change service type',46,'change_servicetype'),(138,'Can delete service type',46,'delete_servicetype'),(139,'Can add modality',47,'add_modality'),(140,'Can change modality',47,'change_modality'),(141,'Can delete modality',47,'delete_modality'),(142,'Can add area',48,'add_area'),(143,'Can change area',48,'change_area'),(144,'Can delete area',48,'delete_area'),(145,'Can add service',49,'add_service'),(146,'Can change service',49,'change_service'),(147,'Can delete service',49,'delete_service'),(148,'Can add service group',50,'add_servicegroup'),(149,'Can change service group',50,'change_servicegroup'),(150,'Can delete service group',50,'delete_servicegroup'),(151,'Can add group members',51,'add_groupmembers'),(152,'Can change group members',51,'change_groupmembers'),(153,'Can delete group members',51,'delete_groupmembers'),(154,'Can add marital status',52,'add_maritalstatus'),(155,'Can change marital status',52,'change_maritalstatus'),(156,'Can delete marital status',52,'delete_maritalstatus'),(157,'Can add family',53,'add_family'),(158,'Can change family',53,'change_family'),(159,'Can delete family',53,'delete_family'),(160,'Can add relation',54,'add_relation'),(161,'Can change relation',54,'change_relation'),(162,'Can delete relation',54,'delete_relation'),(163,'Can add person link',55,'add_personlink'),(164,'Can change person link',55,'change_personlink'),(165,'Can delete person link',55,'delete_personlink'),(166,'Can add client',56,'add_client'),(167,'Can change client',56,'change_client'),(168,'Can delete client',56,'delete_client'),(169,'Can add referral choice',57,'add_referralchoice'),(170,'Can change referral choice',57,'change_referralchoice'),(171,'Can delete referral choice',57,'delete_referralchoice'),(172,'Can add admission referral',58,'add_admissionreferral'),(173,'Can change admission referral',58,'change_admissionreferral'),(174,'Can delete admission referral',58,'delete_admissionreferral'),(175,'Can add attach',59,'add_attach'),(176,'Can change attach',59,'change_attach'),(177,'Can delete attach',59,'delete_attach'),(178,'Can add referral priority',60,'add_referralpriority'),(179,'Can change referral priority',60,'change_referralpriority'),(180,'Can delete referral priority',60,'delete_referralpriority'),(181,'Can add referral impact',61,'add_referralimpact'),(182,'Can change referral impact',61,'change_referralimpact'),(183,'Can delete referral impact',61,'delete_referralimpact'),(184,'Can add queue',62,'add_queue'),(185,'Can change queue',62,'change_queue'),(186,'Can delete queue',62,'delete_queue'),(187,'Can add referral attach',63,'add_referralattach'),(188,'Can change referral attach',63,'change_referralattach'),(189,'Can delete referral attach',63,'delete_referralattach'),(190,'Can add referral',64,'add_referral'),(191,'Can change referral',64,'change_referral'),(192,'Can delete referral',64,'delete_referral'),(193,'Can add referral discharge',65,'add_referraldischarge'),(194,'Can change referral discharge',65,'change_referraldischarge'),(195,'Can delete referral discharge',65,'delete_referraldischarge'),(196,'Can add referral discharge reason',66,'add_referraldischargereason'),(197,'Can change referral discharge reason',66,'change_referraldischargereason'),(198,'Can delete referral discharge reason',66,'delete_referraldischargereason'),(199,'Can add indication choice',67,'add_indicationchoice'),(200,'Can change indication choice',67,'change_indicationchoice'),(201,'Can delete indication choice',67,'delete_indicationchoice'),(202,'Can add indication',68,'add_indication'),(203,'Can change indication',68,'change_indication'),(204,'Can delete indication',68,'delete_indication'),(205,'Can add referral choice',69,'add_referralchoice'),(206,'Can change referral choice',69,'change_referralchoice'),(207,'Can delete referral choice',69,'delete_referralchoice'),(208,'Can add referral referral',70,'add_referralreferral'),(209,'Can change referral referral',70,'change_referralreferral'),(210,'Can delete referral referral',70,'delete_referralreferral'),(211,'Can add referral external',71,'add_referralexternal'),(212,'Can change referral external',71,'change_referralexternal'),(213,'Can delete referral external',71,'delete_referralexternal'),(214,'Can add phone type',72,'add_phonetype'),(215,'Can change phone type',72,'change_phonetype'),(216,'Can delete phone type',72,'delete_phonetype'),(217,'Can add phone',73,'add_phone'),(218,'Can change phone',73,'change_phone'),(219,'Can delete phone',73,'delete_phone'),(220,'Can add country',74,'add_country'),(221,'Can change country',74,'change_country'),(222,'Can delete country',74,'delete_country'),(223,'Can add state',75,'add_state'),(224,'Can change state',75,'change_state'),(225,'Can delete state',75,'delete_state'),(226,'Can add city',76,'add_city'),(227,'Can change city',76,'change_city'),(228,'Can delete city',76,'delete_city'),(229,'Can add address type',77,'add_addresstype'),(230,'Can change address type',77,'change_addresstype'),(231,'Can delete address type',77,'delete_addresstype'),(232,'Can add address',78,'add_address'),(233,'Can change address',78,'change_address'),(234,'Can delete address',78,'delete_address'),(235,'Can add marital status',79,'add_maritalstatus'),(236,'Can change marital status',79,'change_maritalstatus'),(237,'Can delete marital status',79,'delete_maritalstatus'),(238,'Can add person',80,'add_person'),(239,'Can change person',80,'change_person'),(240,'Can delete person',80,'delete_person'),(241,'Can add company client',81,'add_companyclient'),(242,'Can change company client',81,'change_companyclient'),(243,'Can delete company client',81,'delete_companyclient'),(244,'Can add company',82,'add_company'),(245,'Can change company',82,'change_company'),(246,'Can delete company',82,'delete_company'),(247,'Can add employee',83,'add_employee'),(248,'Can change employee',83,'change_employee'),(249,'Can delete employee',83,'delete_employee'),(250,'Can add issuer',84,'add_issuer'),(251,'Can change issuer',84,'change_issuer'),(252,'Can delete issuer',84,'delete_issuer'),(253,'Can add type document',85,'add_typedocument'),(254,'Can change type document',85,'change_typedocument'),(255,'Can delete type document',85,'delete_typedocument'),(256,'Can add document',86,'add_document'),(257,'Can change document',86,'change_document'),(258,'Can delete document',86,'delete_document'),(259,'Can add email type',87,'add_emailtype'),(260,'Can change email type',87,'change_emailtype'),(261,'Can delete email type',87,'delete_emailtype'),(262,'Can add email',88,'add_email'),(263,'Can change email',88,'change_email'),(264,'Can delete email',88,'delete_email'),(265,'Can add site',89,'add_site'),(266,'Can change site',89,'change_site'),(267,'Can delete site',89,'delete_site'),(268,'Can add im network',90,'add_imnetwork'),(269,'Can change im network',90,'change_imnetwork'),(270,'Can delete im network',90,'delete_imnetwork'),(271,'Can add instant messenger',91,'add_instantmessenger'),(272,'Can change instant messenger',91,'change_instantmessenger'),(273,'Can delete instant messenger',91,'delete_instantmessenger'),(274,'Can add ticket',92,'add_ticket'),(275,'Can change ticket',92,'change_ticket'),(276,'Can delete ticket',92,'delete_ticket'),(277,'Can add ticket iteration',93,'add_ticketiteration'),(278,'Can change ticket iteration',93,'change_ticketiteration'),(279,'Can delete ticket iteration',93,'delete_ticketiteration'),(280,'Can add documentation',94,'add_documentation'),(281,'Can change documentation',94,'change_documentation'),(282,'Can delete documentation',94,'delete_documentation'),(283,'Can add occupation',95,'add_occupation'),(284,'Can change occupation',95,'change_occupation'),(285,'Can delete occupation',95,'delete_occupation'),(286,'Can add synonyms',96,'add_synonyms'),(287,'Can change synonyms',96,'change_synonyms'),(288,'Can delete synonyms',96,'delete_synonyms'),(289,'Can add profession',97,'add_profession'),(290,'Can change profession',97,'change_profession'),(291,'Can delete profession',97,'delete_profession'),(292,'Can add educational level',98,'add_educationallevel'),(293,'Can change educational level',98,'change_educationallevel'),(294,'Can delete educational level',98,'delete_educationallevel'),(295,'Can add time unit',99,'add_timeunit'),(296,'Can change time unit',99,'change_timeunit'),(297,'Can delete time unit',99,'delete_timeunit'),(298,'Can add demand',100,'add_demand'),(299,'Can change demand',100,'change_demand'),(300,'Can delete demand',100,'delete_demand'),(301,'Can add diagnosis',101,'add_diagnosis'),(302,'Can change diagnosis',101,'change_diagnosis'),(303,'Can delete diagnosis',101,'delete_diagnosis'),(304,'Can add session',102,'add_session'),(305,'Can change session',102,'change_session'),(306,'Can delete session',102,'delete_session'),(307,'Can add report',103,'add_report'),(308,'Can change report',103,'change_report'),(309,'Can delete report',103,'delete_report'),(310,'Can add reports saved',104,'add_reportssaved'),(311,'Can change reports saved',104,'change_reportssaved'),(312,'Can delete reports saved',104,'delete_reportssaved'),(313,'Can add note',105,'add_note'),(314,'Can change note',105,'change_note'),(315,'Can delete note',105,'delete_note'),(316,'Can add event type',106,'add_eventtype'),(317,'Can change event type',106,'change_eventtype'),(318,'Can delete event type',106,'delete_eventtype'),(319,'Can add event',107,'add_event'),(320,'Can change event',107,'change_event'),(321,'Can delete event',107,'delete_event'),(322,'Can add occurrence',108,'add_occurrence'),(323,'Can change occurrence',108,'change_occurrence'),(324,'Can delete occurrence',108,'delete_occurrence'),(325,'Can add migration history',109,'add_migrationhistory'),(326,'Can change migration history',109,'change_migrationhistory'),(327,'Can delete migration history',109,'delete_migrationhistory'),(328,'Can add message read',110,'add_messageread'),(329,'Can change message read',110,'change_messageread'),(330,'Can delete message read',110,'delete_messageread'),(331,'Can add Message',111,'add_message'),(332,'Can change Message',111,'change_message'),(333,'Can delete Message',111,'delete_message'),(334,'Can add message topic',112,'add_messagetopic'),(335,'Can change message topic',112,'change_messagetopic'),(336,'Can delete message topic',112,'delete_messagetopic'),(337,'Can add schedule occurrence',113,'add_scheduleoccurrence'),(338,'Can change schedule occurrence',113,'change_scheduleoccurrence'),(339,'Can delete schedule occurrence',113,'delete_scheduleoccurrence'),(340,'Can add occurrence confirmation',114,'add_occurrenceconfirmation'),(341,'Can change occurrence confirmation',114,'change_occurrenceconfirmation'),(342,'Can delete occurrence confirmation',114,'delete_occurrenceconfirmation'),(343,'Can add occurrence family',115,'add_occurrencefamily'),(344,'Can change occurrence family',115,'change_occurrencefamily'),(345,'Can delete occurrence family',115,'delete_occurrencefamily'),(346,'Can add occurrence employees',116,'add_occurrenceemployees'),(347,'Can change occurrence employees',116,'change_occurrenceemployees'),(348,'Can delete occurrence employees',116,'delete_occurrenceemployees'),(349,'Can add revision',117,'add_revision'),(350,'Can change revision',117,'change_revision'),(351,'Can delete revision',117,'delete_revision'),(352,'Can add version',118,'add_version'),(353,'Can change version',118,'change_version'),(354,'Can delete version',118,'delete_version'),(355,'Can add registration profile',119,'add_registrationprofile'),(356,'Can change registration profile',119,'change_registrationprofile'),(357,'Can delete registration profile',119,'delete_registrationprofile'),(358,'Can add plan',120,'add_plan'),(359,'Can change plan',120,'change_plan'),(360,'Can delete plan',120,'delete_plan'),(361,'Can add invoice',121,'add_invoice'),(362,'Can change invoice',121,'change_invoice'),(363,'Can delete invoice',121,'delete_invoice'),(364,'Can add notice type',122,'add_noticetype'),(365,'Can change notice type',122,'change_noticetype'),(366,'Can delete notice type',122,'delete_noticetype'),(367,'Can add notice setting',123,'add_noticesetting'),(368,'Can change notice setting',123,'change_noticesetting'),(369,'Can delete notice setting',123,'delete_noticesetting'),(370,'Can add notice',124,'add_notice'),(371,'Can change notice',124,'change_notice'),(372,'Can delete notice',124,'delete_notice'),(373,'Can add notice queue batch',125,'add_noticequeuebatch'),(374,'Can change notice queue batch',125,'change_noticequeuebatch'),(375,'Can delete notice queue batch',125,'delete_noticequeuebatch'),(376,'Can add observed item',126,'add_observeditem'),(377,'Can change observed item',126,'change_observeditem'),(378,'Can delete observed item',126,'delete_observeditem'),(379,'Can add bradesco billet data',127,'add_bradescobilletdata'),(380,'Can change bradesco billet data',127,'change_bradescobilletdata'),(381,'Can delete bradesco billet data',127,'delete_bradescobilletdata'),(382,'Can list occurrence confirmation',113,'schedule_list'),(383,'Can read organization',23,'organization_read'),(384,'Can list careprofessional',39,'careprofessional_list'),(385,'Can list place',41,'place_list'),(386,'Can list device',44,'device_list'),(387,'Can list service',49,'service_list'),(388,'Can list client',56,'client_list'),(389,'Can list employee',83,'employee_list'),(390,'Can list report',103,'report_list'),(391,'Can write organization',23,'organization_write'),(392,'Can add task meta',128,'add_taskmeta'),(393,'Can change task meta',128,'change_taskmeta'),(394,'Can delete task meta',128,'delete_taskmeta'),(395,'Can add taskset meta',129,'add_tasksetmeta'),(396,'Can change taskset meta',129,'change_tasksetmeta'),(397,'Can delete taskset meta',129,'delete_tasksetmeta'),(398,'Can add interval',130,'add_intervalschedule'),(399,'Can change interval',130,'change_intervalschedule'),(400,'Can delete interval',130,'delete_intervalschedule'),(401,'Can add crontab',131,'add_crontabschedule'),(402,'Can change crontab',131,'change_crontabschedule'),(403,'Can delete crontab',131,'delete_crontabschedule'),(404,'Can add periodic tasks',132,'add_periodictasks'),(405,'Can change periodic tasks',132,'change_periodictasks'),(406,'Can delete periodic tasks',132,'delete_periodictasks'),(407,'Can add periodic task',133,'add_periodictask'),(408,'Can change periodic task',133,'change_periodictask'),(409,'Can delete periodic task',133,'delete_periodictask'),(410,'Can add worker',134,'add_workerstate'),(411,'Can change worker',134,'change_workerstate'),(412,'Can delete worker',134,'delete_workerstate'),(413,'Can add task',135,'add_taskstate'),(414,'Can change task',135,'change_taskstate'),(415,'Can delete task',135,'delete_taskstate'),(416,'Can add queue',136,'add_queue'),(417,'Can change queue',136,'change_queue'),(418,'Can delete queue',136,'delete_queue'),(419,'Can add message',137,'add_message'),(420,'Can change message',137,'change_message'),(421,'Can delete message',137,'delete_message'),(422,'Can add returnFile',138,'add_returnfile'),(423,'Can change returnFile',138,'change_returnfile'),(424,'Can delete returnFile',138,'delete_returnfile');
/*!40000 ALTER TABLE `auth_permission` ENABLE KEYS */;
UNLOCK TABLES;

--
-- Table structure for table `auth_user`
--

DROP TABLE IF EXISTS `auth_user`;
/*!40101 SET @saved_cs_client     = @@character_set_client */;
/*!40101 SET character_set_client = utf8 */;
CREATE TABLE `auth_user` (
  `id` int(11) NOT NULL AUTO_INCREMENT,
  `username` varchar(30) NOT NULL,
  `first_name` varchar(30) NOT NULL,
  `last_name` varchar(30) NOT NULL,
  `email` varchar(75) NOT NULL,
  `password` varchar(128) NOT NULL,
  `is_staff` tinyint(1) NOT NULL,
  `is_active` tinyint(1) NOT NULL,
  `is_superuser` tinyint(1) NOT NULL,
  `last_login` datetime NOT NULL,
  `date_joined` datetime NOT NULL,
  PRIMARY KEY (`id`),
  UNIQUE KEY `username` (`username`)
) ENGINE=MyISAM AUTO_INCREMENT=24 DEFAULT CHARSET=latin1;
/*!40101 SET character_set_client = @saved_cs_client */;

--
-- Dumping data for table `auth_user`
--

LOCK TABLES `auth_user` WRITE;
/*!40000 ALTER TABLE `auth_user` DISABLE KEYS */;
INSERT INTO `auth_user` VALUES (1,'danielcj','','','danielcj@doois.com.br','sha1$67812$f58f3805568a6ee8798b18f2d7fb9e094bbf1353',1,1,1,'2012-07-19 17:05:42','2012-05-15 13:56:23'),(7,'jayme2','','','jayme@doois.com.br','sha1$b3a6e$be0c7406c4d556158932e5a569a496fba22fe43c',0,1,0,'2012-07-23 08:28:23','2012-05-23 11:57:03'),(23,'ozp222','','','oliver.prado@gmail.com','sha1$182f1$9cc6cc5af85a46ab9489fb4c8de6bbe1af4f9dac',0,0,0,'2012-05-30 13:25:17','2012-05-30 13:25:17'),(22,'jayme2023','','','jayme@doois.com.br','sha1$fe998$5b817edd8feadd2bc2aa3b28340becb4ab617270',0,0,0,'2012-05-30 07:42:21','2012-05-30 07:42:21'),(21,'jayme202','','','jayme@doois.com.br','sha1$6170e$0d49a56c98e973e7352231d8a624ef90a8132e26',0,0,0,'2012-05-30 07:39:34','2012-05-30 07:39:34'),(20,'jayme20','','','jayme@doois.com.br','sha1$a2482$269c655bda529037631519f6792f92ae5900ed1f',0,0,0,'2012-05-30 07:32:02','2012-05-30 07:32:02'),(19,'oliver','','','','sha1$efc67$db569ef43f76369e8bd321c3c952ebb07e498c86',1,1,1,'2012-05-29 16:33:49','2012-05-29 16:07:05'),(18,'ozp2','','','oliver.prado@gmail.com','sha1$5ef54$bef5218f046fa82328623363f1f4b0c7fa57a35d',0,0,0,'2012-05-29 14:44:36','2012-05-29 14:44:36'),(17,'ozp','','','oliver.prado@gmail.com','sha1$58f1f$0a195bf3a1cd356b1d35e0791fb9ef1c6c2d5767',0,0,0,'2012-05-29 14:41:46','2012-05-29 14:41:46');
/*!40000 ALTER TABLE `auth_user` ENABLE KEYS */;
UNLOCK TABLES;

--
-- Table structure for table `auth_user_groups`
--

DROP TABLE IF EXISTS `auth_user_groups`;
/*!40101 SET @saved_cs_client     = @@character_set_client */;
/*!40101 SET character_set_client = utf8 */;
CREATE TABLE `auth_user_groups` (
  `id` int(11) NOT NULL AUTO_INCREMENT,
  `user_id` int(11) NOT NULL,
  `group_id` int(11) NOT NULL,
  PRIMARY KEY (`id`),
  UNIQUE KEY `user_id` (`user_id`,`group_id`),
  KEY `auth_user_groups_fbfc09f1` (`user_id`),
  KEY `auth_user_groups_bda51c3c` (`group_id`)
) ENGINE=MyISAM AUTO_INCREMENT=5 DEFAULT CHARSET=latin1;
/*!40101 SET character_set_client = @saved_cs_client */;

--
-- Dumping data for table `auth_user_groups`
--

LOCK TABLES `auth_user_groups` WRITE;
/*!40000 ALTER TABLE `auth_user_groups` DISABLE KEYS */;
INSERT INTO `auth_user_groups` VALUES (4,7,1);
/*!40000 ALTER TABLE `auth_user_groups` ENABLE KEYS */;
UNLOCK TABLES;

--
-- Table structure for table `auth_user_user_permissions`
--

DROP TABLE IF EXISTS `auth_user_user_permissions`;
/*!40101 SET @saved_cs_client     = @@character_set_client */;
/*!40101 SET character_set_client = utf8 */;
CREATE TABLE `auth_user_user_permissions` (
  `id` int(11) NOT NULL AUTO_INCREMENT,
  `user_id` int(11) NOT NULL,
  `permission_id` int(11) NOT NULL,
  PRIMARY KEY (`id`),
  UNIQUE KEY `user_id` (`user_id`,`permission_id`),
  KEY `auth_user_user_permissions_fbfc09f1` (`user_id`),
  KEY `auth_user_user_permissions_1e014c8f` (`permission_id`)
) ENGINE=MyISAM AUTO_INCREMENT=1154 DEFAULT CHARSET=latin1;
/*!40101 SET character_set_client = @saved_cs_client */;

--
-- Dumping data for table `auth_user_user_permissions`
--

LOCK TABLES `auth_user_user_permissions` WRITE;
/*!40000 ALTER TABLE `auth_user_user_permissions` DISABLE KEYS */;
INSERT INTO `auth_user_user_permissions` VALUES (845,7,82),(844,7,81),(843,7,80),(842,7,79),(841,7,78),(840,7,77),(839,7,76),(838,7,75),(837,7,74),(836,7,73),(835,7,72),(834,7,71),(833,7,70),(832,7,69),(831,7,68),(830,7,67),(829,7,66),(828,7,65),(827,7,64),(826,7,63),(825,7,62),(824,7,61),(823,7,60),(822,7,59),(821,7,58),(820,7,57),(819,7,56),(818,7,55),(817,7,54),(816,7,53),(815,7,52),(814,7,51),(813,7,50),(812,7,49),(811,7,48),(810,7,47),(809,7,46),(808,7,45),(807,7,44),(806,7,43),(805,7,42),(804,7,41),(803,7,40),(802,7,39),(801,7,38),(800,7,37),(799,7,36),(798,7,35),(797,7,34),(796,7,33),(795,7,32),(794,7,31),(793,7,30),(792,7,29),(791,7,28),(790,7,27),(789,7,26),(788,7,25),(787,7,24),(786,7,23),(785,7,22),(784,7,21),(783,7,20),(782,7,19),(781,7,18),(780,7,17),(779,7,16),(778,7,15),(777,7,14),(776,7,13),(775,7,12),(774,7,11),(773,7,10),(772,7,9),(771,7,8),(770,7,7),(769,7,6),(768,7,5),(767,7,4),(766,7,3),(765,7,2),(945,7,182),(944,7,181),(943,7,180),(942,7,179),(941,7,178),(940,7,177),(939,7,176),(938,7,175),(937,7,174),(936,7,173),(935,7,172),(934,7,171),(933,7,170),(932,7,169),(931,7,168),(930,7,167),(929,7,166),(928,7,165),(927,7,164),(926,7,163),(925,7,162),(924,7,161),(923,7,160),(922,7,159),(921,7,158),(920,7,157),(919,7,156),(918,7,155),(917,7,154),(916,7,153),(915,7,152),(914,7,151),(913,7,150),(912,7,149),(911,7,148),(910,7,147),(909,7,146),(908,7,145),(907,7,144),(906,7,143),(905,7,142),(904,7,141),(903,7,140),(902,7,139),(901,7,138),(900,7,137),(899,7,136),(898,7,135),(897,7,134),(896,7,133),(895,7,132),(894,7,131),(893,7,130),(892,7,129),(891,7,128),(890,7,127),(889,7,126),(888,7,125),(887,7,124),(886,7,123),(885,7,122),(884,7,121),(883,7,120),(882,7,119),(881,7,118),(880,7,117),(879,7,116),(878,7,115),(877,7,114),(876,7,113),(875,7,112),(874,7,111),(873,7,110),(872,7,109),(871,7,108),(870,7,107),(869,7,106),(868,7,105),(867,7,104),(866,7,103),(865,7,102),(864,7,101),(863,7,100),(862,7,99),(861,7,98),(860,7,97),(859,7,96),(858,7,95),(857,7,94),(856,7,93),(855,7,92),(854,7,91),(853,7,90),(852,7,89),(851,7,88),(850,7,87),(849,7,86),(848,7,85),(847,7,84),(764,7,1),(1045,7,282),(1044,7,281),(1043,7,280),(1042,7,279),(1041,7,278),(1040,7,277),(1039,7,276),(1038,7,275),(1037,7,274),(1036,7,273),(1035,7,272),(1034,7,271),(1033,7,270),(1032,7,269),(1031,7,268),(1030,7,267),(1029,7,266),(1028,7,265),(1027,7,264),(1026,7,263),(1025,7,262),(1024,7,261),(1023,7,260),(1022,7,259),(1021,7,258),(1020,7,257),(1019,7,256),(1018,7,255),(1017,7,254),(1016,7,253),(1015,7,252),(1014,7,251),(1013,7,250),(1012,7,249),(1011,7,248),(1010,7,247),(1009,7,246),(1008,7,245),(1007,7,244),(1006,7,243),(1005,7,242),(1004,7,241),(1003,7,240),(1002,7,239),(1001,7,238),(1000,7,237),(999,7,236),(998,7,235),(997,7,234),(996,7,233),(995,7,232),(994,7,231),(993,7,230),(992,7,229),(991,7,228),(990,7,227),(989,7,226),(988,7,225),(987,7,224),(986,7,223),(985,7,222),(984,7,221),(983,7,220),(982,7,219),(981,7,218),(980,7,217),(979,7,216),(978,7,215),(977,7,214),(976,7,213),(975,7,212),(974,7,211),(973,7,210),(972,7,209),(971,7,208),(970,7,207),(969,7,206),(968,7,205),(967,7,204),(966,7,203),(965,7,202),(964,7,201),(963,7,200),(962,7,199),(961,7,198),(960,7,197),(959,7,196),(958,7,195),(957,7,194),(956,7,193),(955,7,192),(954,7,191),(953,7,190),(952,7,189),(951,7,188),(950,7,187),(949,7,186),(948,7,185),(947,7,184),(846,7,83),(1145,7,382),(1144,7,381),(1143,7,380),(1142,7,379),(1141,7,378),(1140,7,377),(1139,7,376),(1138,7,375),(1137,7,374),(1136,7,373),(1135,7,372),(1134,7,371),(1133,7,370),(1132,7,369),(1131,7,368),(1130,7,367),(1129,7,366),(1128,7,365),(1127,7,364),(1126,7,363),(1125,7,362),(1124,7,361),(1123,7,360),(1122,7,359),(1121,7,358),(1120,7,357),(1119,7,356),(1118,7,355),(1117,7,354),(1116,7,353),(1115,7,352),(1114,7,351),(1113,7,350),(1112,7,349),(1111,7,348),(1110,7,347),(1109,7,346),(1108,7,345),(1107,7,344),(1106,7,343),(1105,7,342),(1104,7,341),(1103,7,340),(1102,7,339),(1101,7,338),(1100,7,337),(1099,7,336),(1098,7,335),(1097,7,334),(1096,7,333),(1095,7,332),(1094,7,331),(1093,7,330),(1092,7,329),(1091,7,328),(1090,7,327),(1089,7,326),(1088,7,325),(1087,7,324),(1086,7,323),(1085,7,322),(1084,7,321),(1083,7,320),(1082,7,319),(1081,7,318),(1080,7,317),(1079,7,316),(1078,7,315),(1077,7,314),(1076,7,313),(1075,7,312),(1074,7,311),(1073,7,310),(1072,7,309),(1071,7,308),(1070,7,307),(1069,7,306),(1068,7,305),(1067,7,304),(1066,7,303),(1065,7,302),(1064,7,301),(1063,7,300),(1062,7,299),(1061,7,298),(1060,7,297),(1059,7,296),(1058,7,295),(1057,7,294),(1056,7,293),(1055,7,292),(1054,7,291),(1053,7,290),(1052,7,289),(1051,7,288),(1050,7,287),(1049,7,286),(1048,7,285),(1047,7,284),(946,7,183),(1046,7,283),(1146,7,383),(1147,7,384),(1148,7,385),(1149,7,386),(1150,7,387),(1151,7,388),(1152,7,389),(1153,7,390);
/*!40000 ALTER TABLE `auth_user_user_permissions` ENABLE KEYS */;
UNLOCK TABLES;

--
-- Table structure for table `authentication_profile`
--

DROP TABLE IF EXISTS `authentication_profile`;
/*!40101 SET @saved_cs_client     = @@character_set_client */;
/*!40101 SET character_set_client = utf8 */;
CREATE TABLE `authentication_profile` (
  `id` int(11) NOT NULL AUTO_INCREMENT,
  `user_id` int(11) NOT NULL,
  `try_login` int(11) DEFAULT NULL,
  `crypt_temp` varchar(256) DEFAULT NULL,
  `org_active_id` varchar(36) DEFAULT NULL,
  `person_id` varchar(36) DEFAULT NULL,
  PRIMARY KEY (`id`),
  UNIQUE KEY `user_id` (`user_id`),
  UNIQUE KEY `person_id` (`person_id`),
  KEY `authentication_profile_7ad051df` (`org_active_id`)
) ENGINE=MyISAM AUTO_INCREMENT=24 DEFAULT CHARSET=latin1;
/*!40101 SET character_set_client = @saved_cs_client */;

--
-- Dumping data for table `authentication_profile`
--

LOCK TABLES `authentication_profile` WRITE;
/*!40000 ALTER TABLE `authentication_profile` DISABLE KEYS */;
INSERT INTO `authentication_profile` VALUES (4,1,1,'','721f6e5a-556f-450e-aed1-37f675a8638b','419df159-9c33-496b-bfc5-bb38b87ce8d6'),(7,7,0,'60f2582fbbe36d5fa531a2206477a8b6','d06ac5d4-f2c9-402a-88f3-8e6e7a11b542','66969e75-6b2b-4244-a773-d183ca91110d'),(23,23,0,'3c8364336742ceea','7b436337-0be2-4447-9027-06ff460479a7','00a857af-0285-4896-8338-3fd511272cfe'),(22,22,0,'60f2582fbbe36d5fa531a2206477a8b6','ed1a6bfa-7e3b-4967-9deb-f30d20a9e018','fad7615d-a29a-4a5a-b317-f3f7089c92a5'),(21,21,0,'60f2582fbbe36d5fa531a2206477a8b6','3fb1ec05-26e1-4a6f-b468-47bf139b7d97','86d2ce11-cb26-44e0-ace7-833acac92975'),(20,20,0,'60f2582fbbe36d5fa531a2206477a8b6','5c2cd8a6-da08-46ab-90d0-83c5a513291e','c4990686-a69a-4505-9397-7d2bb33ee5cd'),(19,19,1,'','da20dde2-745d-4cdc-ad14-ba00fd4cc3dd','d5d78b93-1534-4776-8884-f21c441c4cc2'),(18,18,0,'3c8364336742ceea','f0bdb7d7-e734-407d-938b-1a6367221be2','980c8bc4-fb9f-44e8-b751-6f3382102297'),(17,17,0,'3c8364336742ceea','14fbc992-f72f-4360-bbec-5c0c7be19a3d','6373e3b9-d4b6-41be-a43d-282b4b7a5873');
/*!40000 ALTER TABLE `authentication_profile` ENABLE KEYS */;
UNLOCK TABLES;

--
-- Table structure for table `authentication_role`
--

DROP TABLE IF EXISTS `authentication_role`;
/*!40101 SET @saved_cs_client     = @@character_set_client */;
/*!40101 SET character_set_client = utf8 */;
CREATE TABLE `authentication_role` (
  `id` int(11) NOT NULL AUTO_INCREMENT,
  `profile_id` int(11) NOT NULL,
  `organization_id` varchar(36) NOT NULL,
  `group_id` int(11) NOT NULL,
  PRIMARY KEY (`id`),
  KEY `authentication_role_141c6eec` (`profile_id`),
  KEY `authentication_role_97d7cd8d` (`organization_id`),
  KEY `authentication_role_bda51c3c` (`group_id`)
) ENGINE=MyISAM DEFAULT CHARSET=latin1;
/*!40101 SET character_set_client = @saved_cs_client */;

--
-- Dumping data for table `authentication_role`
--

LOCK TABLES `authentication_role` WRITE;
/*!40000 ALTER TABLE `authentication_role` DISABLE KEYS */;
/*!40000 ALTER TABLE `authentication_role` ENABLE KEYS */;
UNLOCK TABLES;

--
-- Table structure for table `boleto_bradescobilletdata`
--

DROP TABLE IF EXISTS `boleto_bradescobilletdata`;
/*!40101 SET @saved_cs_client     = @@character_set_client */;
/*!40101 SET character_set_client = utf8 */;
CREATE TABLE `boleto_bradescobilletdata` (
  `id` int(11) NOT NULL AUTO_INCREMENT,
  `cedente_nome` varchar(255) NOT NULL,
  `cedente_cnpj` varchar(20) NOT NULL,
  `sacadoravalista_nome` varchar(255) NOT NULL,
  `sacadoravalista_cnpj` varchar(20) NOT NULL,
  `enderecosacaval_uf_id` int(11) DEFAULT NULL,
  `enderecosacaval_localidade_id` int(11) DEFAULT NULL,
  `enderecosacaval_cep` varchar(10) DEFAULT NULL,
  `enderecosacaval_bairro` varchar(255) DEFAULT NULL,
  `enderecosacaval_logradouro` varchar(255) DEFAULT NULL,
  `enderecosacaval_numero` varchar(20) DEFAULT NULL,
  `contabancaria_numerodaconta` varchar(7) NOT NULL,
  `contabancaria_numerodaconta_digito` varchar(1) NOT NULL,
  `contabancaria_carteira` int(10) unsigned NOT NULL,
  `contabancaria_agencia` varchar(255) NOT NULL,
  `contabancaria_agencia_digito` varchar(1) NOT NULL,
  `titulo_nossonumero` varchar(20) NOT NULL,
  `titulo_digitodonossonumero` varchar(1) NOT NULL,
  `inscription_default_value` decimal(20,0) DEFAULT NULL,
  `default_payment_day` int(11) NOT NULL DEFAULT '10',
  `default_second_copy_days` int(11) NOT NULL DEFAULT '7',
  PRIMARY KEY (`id`),
  KEY `boleto_bradescobilletdata_50d98c3a` (`enderecosacaval_uf_id`),
  KEY `boleto_bradescobilletdata_a96cd17d` (`enderecosacaval_localidade_id`)
) ENGINE=MyISAM AUTO_INCREMENT=2 DEFAULT CHARSET=latin1;
/*!40101 SET character_set_client = @saved_cs_client */;

--
-- Dumping data for table `boleto_bradescobilletdata`
--

LOCK TABLES `boleto_bradescobilletdata` WRITE;
/*!40000 ALTER TABLE `boleto_bradescobilletdata` DISABLE KEYS */;
INSERT INTO `boleto_bradescobilletdata` VALUES (1,'GestorPsi','00.000.208/0001-00','Oliver Prado','00.000.208/0001-00',24,3259,'11111-111','Canto','Rua Meia Dúzia','580','123456','0',30,'1234','1','11111111111','1',NULL,10,7);
/*!40000 ALTER TABLE `boleto_bradescobilletdata` ENABLE KEYS */;
UNLOCK TABLES;

--
-- Table structure for table `boleto_returnfile`
--

DROP TABLE IF EXISTS `boleto_returnfile`;
/*!40101 SET @saved_cs_client     = @@character_set_client */;
/*!40101 SET character_set_client = utf8 */;
CREATE TABLE `boleto_returnfile` (
  `id` int(11) NOT NULL AUTO_INCREMENT,
  `date_import` datetime NOT NULL,
  `arquivo_retorno` varchar(100) NOT NULL,
  `banco` varchar(20) DEFAULT NULL,
  PRIMARY KEY (`id`)
) ENGINE=MyISAM AUTO_INCREMENT=2 DEFAULT CHARSET=latin1;
/*!40101 SET character_set_client = @saved_cs_client */;

--
-- Dumping data for table `boleto_returnfile`
--

LOCK TABLES `boleto_returnfile` WRITE;
/*!40000 ALTER TABLE `boleto_returnfile` DISABLE KEYS */;
INSERT INTO `boleto_returnfile` VALUES (1,'2012-06-22 10:56:50','arquivos_retorno/retorno-cb030400-bradesco_5.ret','bradesco');
/*!40000 ALTER TABLE `boleto_returnfile` ENABLE KEYS */;
UNLOCK TABLES;

--
-- Table structure for table `careprofessional_academicresume`
--

DROP TABLE IF EXISTS `careprofessional_academicresume`;
/*!40101 SET @saved_cs_client     = @@character_set_client */;
/*!40101 SET character_set_client = utf8 */;
CREATE TABLE `careprofessional_academicresume` (
  `id` varchar(36) NOT NULL,
  `teachingInstitute` varchar(100) DEFAULT NULL,
  `institutionType_id` int(11) DEFAULT NULL,
  `course` varchar(100) DEFAULT NULL,
  `initialDateGraduation` date DEFAULT NULL,
  `finalDateGraduation` date DEFAULT NULL,
  `lattesResume` varchar(200) DEFAULT NULL,
  `postGraduate_id` int(11) DEFAULT NULL,
  `initialDatePostGraduate` date DEFAULT NULL,
  `finalDatePostGraduate` date DEFAULT NULL,
  `area` varchar(100) DEFAULT NULL,
  PRIMARY KEY (`id`),
  UNIQUE KEY `institutionType_id` (`institutionType_id`),
  KEY `careprofessional_academicresume_3b7d1c1d` (`postGraduate_id`)
) ENGINE=MyISAM DEFAULT CHARSET=latin1;
/*!40101 SET character_set_client = @saved_cs_client */;

--
-- Dumping data for table `careprofessional_academicresume`
--

LOCK TABLES `careprofessional_academicresume` WRITE;
/*!40000 ALTER TABLE `careprofessional_academicresume` DISABLE KEYS */;
/*!40000 ALTER TABLE `careprofessional_academicresume` ENABLE KEYS */;
UNLOCK TABLES;

--
-- Table structure for table `careprofessional_careprofessional`
--

DROP TABLE IF EXISTS `careprofessional_careprofessional`;
/*!40101 SET @saved_cs_client     = @@character_set_client */;
/*!40101 SET character_set_client = utf8 */;
CREATE TABLE `careprofessional_careprofessional` (
  `id` varchar(36) NOT NULL,
  `professionalIdentification_id` varchar(36) DEFAULT NULL,
  `professionalProfile_id` varchar(36) DEFAULT NULL,
  `person_id` varchar(36) NOT NULL,
  `comments` varchar(200) DEFAULT NULL,
  `active` tinyint(1) NOT NULL,
  PRIMARY KEY (`id`),
  UNIQUE KEY `person_id` (`person_id`),
  UNIQUE KEY `professionalIdentification_id` (`professionalIdentification_id`),
  UNIQUE KEY `professionalProfile_id` (`professionalProfile_id`)
) ENGINE=MyISAM DEFAULT CHARSET=latin1;
/*!40101 SET character_set_client = @saved_cs_client */;

--
-- Dumping data for table `careprofessional_careprofessional`
--

LOCK TABLES `careprofessional_careprofessional` WRITE;
/*!40000 ALTER TABLE `careprofessional_careprofessional` DISABLE KEYS */;
INSERT INTO `careprofessional_careprofessional` VALUES ('295cd482-040c-46f5-83e6-3915260c7dae','a355adeb-4a86-4ca2-b12b-d253efea8df0','f8b168a1-ba94-4041-bc98-a23f7ef47de2','66969e75-6b2b-4244-a773-d183ca91110d',NULL,1),('2a4a6d2f-fdfb-4bd2-b0d2-d2e990788c7f','c5101d15-9da4-4072-8d1d-1af6794ba495','b4c0407b-afde-4287-bf3f-2b6cf3202d48','00a857af-0285-4896-8338-3fd511272cfe',NULL,1),('25917d8e-eb94-4aba-8abe-006605a3e68a','aaed42ac-6f69-4c59-82de-9d6159e558e5','2d7fa7cb-9c2d-43a0-9825-51598c10aca0','fad7615d-a29a-4a5a-b317-f3f7089c92a5',NULL,1),('036b9ed1-d02c-4001-bf5b-577b63b47bf2','fb8ffe93-370f-4a26-8da8-9b77434a374e','92757c72-e8f9-4fc1-9486-813788b2a6bc','86d2ce11-cb26-44e0-ace7-833acac92975',NULL,1),('a16277b9-c2ce-4799-9000-7036d2b54719','7a66da55-f17f-4706-8f7c-9a2dd7bdf171','53bf2b6b-03de-4106-95fc-dd5e09afbfd3','c4990686-a69a-4505-9397-7d2bb33ee5cd',NULL,1),('873d1b45-bb41-4504-ab27-64c2cc2e5292','a2ecf882-9937-4d06-97bf-743b4722557c','5bee4e4e-1f04-4eaf-8726-4a8d4d5b12b3','980c8bc4-fb9f-44e8-b751-6f3382102297',NULL,1),('f33b79f2-c343-4814-8f87-7c3172f61499','21a08737-3c72-4b43-a692-df7483356a11','1af64ae7-88ab-47a8-9ab4-f8ff16954771','6373e3b9-d4b6-41be-a43d-282b4b7a5873',NULL,1);
/*!40000 ALTER TABLE `careprofessional_careprofessional` ENABLE KEYS */;
UNLOCK TABLES;

--
-- Table structure for table `careprofessional_institutiontype`
--

DROP TABLE IF EXISTS `careprofessional_institutiontype`;
/*!40101 SET @saved_cs_client     = @@character_set_client */;
/*!40101 SET character_set_client = utf8 */;
CREATE TABLE `careprofessional_institutiontype` (
  `id` int(11) NOT NULL AUTO_INCREMENT,
  `description` varchar(50) DEFAULT NULL,
  PRIMARY KEY (`id`)
) ENGINE=MyISAM AUTO_INCREMENT=6 DEFAULT CHARSET=latin1;
/*!40101 SET character_set_client = @saved_cs_client */;

--
-- Dumping data for table `careprofessional_institutiontype`
--

LOCK TABLES `careprofessional_institutiontype` WRITE;
/*!40000 ALTER TABLE `careprofessional_institutiontype` DISABLE KEYS */;
INSERT INTO `careprofessional_institutiontype` VALUES (1,'Governo Municipal'),(2,'Governo Estadual'),(3,'Governo Federal'),(4,'Privada - com fins lucrativos'),(5,'Privada - sem fins lucrativos');
/*!40000 ALTER TABLE `careprofessional_institutiontype` ENABLE KEYS */;
UNLOCK TABLES;

--
-- Table structure for table `careprofessional_licenceboard`
--

DROP TABLE IF EXISTS `careprofessional_licenceboard`;
/*!40101 SET @saved_cs_client     = @@character_set_client */;
/*!40101 SET character_set_client = utf8 */;
CREATE TABLE `careprofessional_licenceboard` (
  `id` int(11) NOT NULL AUTO_INCREMENT,
  `name` varchar(20) DEFAULT NULL,
  `description` varchar(100) DEFAULT NULL,
  PRIMARY KEY (`id`)
) ENGINE=MyISAM DEFAULT CHARSET=latin1;
/*!40101 SET character_set_client = @saved_cs_client */;

--
-- Dumping data for table `careprofessional_licenceboard`
--

LOCK TABLES `careprofessional_licenceboard` WRITE;
/*!40000 ALTER TABLE `careprofessional_licenceboard` DISABLE KEYS */;
/*!40000 ALTER TABLE `careprofessional_licenceboard` ENABLE KEYS */;
UNLOCK TABLES;

--
-- Table structure for table `careprofessional_postgraduate`
--

DROP TABLE IF EXISTS `careprofessional_postgraduate`;
/*!40101 SET @saved_cs_client     = @@character_set_client */;
/*!40101 SET character_set_client = utf8 */;
CREATE TABLE `careprofessional_postgraduate` (
  `id` int(11) NOT NULL AUTO_INCREMENT,
  `description` varchar(50) DEFAULT NULL,
  PRIMARY KEY (`id`)
) ENGINE=MyISAM DEFAULT CHARSET=latin1;
/*!40101 SET character_set_client = @saved_cs_client */;

--
-- Dumping data for table `careprofessional_postgraduate`
--

LOCK TABLES `careprofessional_postgraduate` WRITE;
/*!40000 ALTER TABLE `careprofessional_postgraduate` DISABLE KEYS */;
/*!40000 ALTER TABLE `careprofessional_postgraduate` ENABLE KEYS */;
UNLOCK TABLES;

--
-- Table structure for table `careprofessional_profession`
--

DROP TABLE IF EXISTS `careprofessional_profession`;
/*!40101 SET @saved_cs_client     = @@character_set_client */;
/*!40101 SET character_set_client = utf8 */;
CREATE TABLE `careprofessional_profession` (
  `id` int(11) NOT NULL AUTO_INCREMENT,
  `type` varchar(50) DEFAULT NULL,
  `number` varchar(10) DEFAULT NULL,
  `symbol` varchar(20) DEFAULT NULL,
  `symbol_desc` varchar(100) DEFAULT NULL,
  `academic_name` varchar(100) DEFAULT NULL,
  PRIMARY KEY (`id`)
) ENGINE=MyISAM AUTO_INCREMENT=14 DEFAULT CHARSET=latin1;
/*!40101 SET character_set_client = @saved_cs_client */;

--
-- Dumping data for table `careprofessional_profession`
--

LOCK TABLES `careprofessional_profession` WRITE;
/*!40000 ALTER TABLE `careprofessional_profession` DISABLE KEYS */;
INSERT INTO `careprofessional_profession` VALUES (1,'Psicólogo',NULL,'CRP','Conselho Regional de Psicologia','Psicologia'),(2,'Médico (clínico geral)',NULL,'CRM','Conselho Regional de Medicina','Medicina - clínico geral'),(3,'Médico (neurologista)',NULL,'CRM','Conselho Regional de Medicina','Medicina - neurologista'),(4,'Médico (psiquiatra)',NULL,'CRM','Conselho Regional de Medicina','Medicina - psiquiatra'),(5,'Assistente social',NULL,'CRAS','Conselho Regional de Assistência Social','Assistente social'),(6,'Enfermeiro',NULL,'COREN','Conselho Federal de Enfermagem','Enfermagem'),(7,'Fisioterapeuta',NULL,'CREFITO','Conselho Regional de Fisioterapia e Terapia Ocupacional','Fisioterapia'),(8,'Fonoaudiólogo',NULL,'CRFA','Conselho Regional de Fonoaudiologia','Fonoaudiologia'),(9,'Nutricionista',NULL,'CRN','Conselho Regional de Nutrição','Nutrição'),(10,'Terapeuta ocupacional',NULL,'CREFITO','Conselho Regional de Fisioterapia e Terapia Ocupacional','Terapia ocupacional'),(11,'Pedagogo',NULL,'-','-','Pedagogia'),(12,'Outra',NULL,'outra','outra','outra'),(13,'Dentista',NULL,'CRO','Conselho Regional de Odontologia','Odontologia');
/*!40000 ALTER TABLE `careprofessional_profession` ENABLE KEYS */;
UNLOCK TABLES;

--
-- Table structure for table `careprofessional_professionalidentification`
--

DROP TABLE IF EXISTS `careprofessional_professionalidentification`;
/*!40101 SET @saved_cs_client     = @@character_set_client */;
/*!40101 SET character_set_client = utf8 */;
CREATE TABLE `careprofessional_professionalidentification` (
  `id` varchar(36) NOT NULL,
  `profession_id` int(11) DEFAULT NULL,
  `registerNumber` varchar(50) DEFAULT NULL,
  PRIMARY KEY (`id`),
  KEY `careprofessional_professionalidentification_9b5c6ac` (`profession_id`)
) ENGINE=MyISAM DEFAULT CHARSET=latin1;
/*!40101 SET character_set_client = @saved_cs_client */;

--
-- Dumping data for table `careprofessional_professionalidentification`
--

LOCK TABLES `careprofessional_professionalidentification` WRITE;
/*!40000 ALTER TABLE `careprofessional_professionalidentification` DISABLE KEYS */;
INSERT INTO `careprofessional_professionalidentification` VALUES ('526a71f3-aec3-489a-a0bf-51b01c0fa29b',NULL,''),('4d701bbf-94ef-4b4d-964f-86ac52fd1979',NULL,NULL),('2789759d-e3df-4928-a0f6-92a83b320eda',NULL,NULL),('18e70d43-31e4-4c2f-aee1-9efc89ae25ad',NULL,NULL),('16f5139e-a28d-4f2a-b35a-132e53d2e7c9',NULL,NULL),('1dfb61e1-56d8-4274-94dd-787cca1f8fe2',NULL,NULL),('a355adeb-4a86-4ca2-b12b-d253efea8df0',NULL,NULL),('1bc449fa-a447-4b84-a471-16244ebbec32',NULL,NULL),('b3e6ece8-0ac3-4744-971e-2a891a6ee8a0',NULL,NULL),('4a809c18-2072-431b-899e-e78c75db2eb2',NULL,NULL),('16894fb4-c77b-4c71-b988-9ad5c2cef635',NULL,NULL),('76110cdf-6b96-42fa-9cc6-d037fe7f7cfe',NULL,NULL),('b50c2961-4f3b-4451-9227-934e3e520f09',NULL,NULL),('0d771a4c-9348-4cd3-a48e-08ca28928afb',NULL,NULL),('169e4d3f-7e67-4fa8-a374-01623c944bf0',NULL,NULL),('42483dec-1139-44db-a9d3-e94e4025491f',NULL,NULL),('21a08737-3c72-4b43-a692-df7483356a11',NULL,NULL),('a2ecf882-9937-4d06-97bf-743b4722557c',NULL,NULL),('7a66da55-f17f-4706-8f7c-9a2dd7bdf171',NULL,NULL),('fb8ffe93-370f-4a26-8da8-9b77434a374e',NULL,NULL),('aaed42ac-6f69-4c59-82de-9d6159e558e5',NULL,NULL),('c5101d15-9da4-4072-8d1d-1af6794ba495',NULL,NULL);
/*!40000 ALTER TABLE `careprofessional_professionalidentification` ENABLE KEYS */;
UNLOCK TABLES;

--
-- Table structure for table `careprofessional_professionalprofile`
--

DROP TABLE IF EXISTS `careprofessional_professionalprofile`;
/*!40101 SET @saved_cs_client     = @@character_set_client */;
/*!40101 SET character_set_client = utf8 */;
CREATE TABLE `careprofessional_professionalprofile` (
  `id` varchar(36) NOT NULL,
  `academicResume_id` varchar(36) DEFAULT NULL,
  `initialProfessionalActivities` varchar(10) DEFAULT NULL,
  `profession_id` int(11) DEFAULT NULL,
  `services` varchar(100) DEFAULT NULL,
  `availableTime` varchar(100) DEFAULT NULL,
  PRIMARY KEY (`id`),
  UNIQUE KEY `academicResume_id` (`academicResume_id`),
  UNIQUE KEY `profession_id` (`profession_id`)
) ENGINE=MyISAM DEFAULT CHARSET=latin1;
/*!40101 SET character_set_client = @saved_cs_client */;

--
-- Dumping data for table `careprofessional_professionalprofile`
--

LOCK TABLES `careprofessional_professionalprofile` WRITE;
/*!40000 ALTER TABLE `careprofessional_professionalprofile` DISABLE KEYS */;
INSERT INTO `careprofessional_professionalprofile` VALUES ('54680932-4e39-48b8-ab0c-3bf82547a42d',NULL,NULL,NULL,NULL,NULL),('3c09cef9-8a22-4e7d-852b-93dac4ac639b',NULL,NULL,NULL,NULL,NULL),('b196b78b-a1ba-41b7-9a10-3aa085e38ad4',NULL,NULL,NULL,NULL,NULL),('c959cd8a-5d4a-4599-89dd-e945558b844a',NULL,NULL,NULL,NULL,NULL),('f7dd5ecc-84e7-4d50-b005-65cfb05b6de7',NULL,NULL,NULL,NULL,NULL),('f4738da5-8dad-4cf6-bf2c-a2890259e1f7',NULL,NULL,NULL,NULL,NULL),('f8b168a1-ba94-4041-bc98-a23f7ef47de2',NULL,NULL,NULL,NULL,NULL),('9191815b-ade4-4b4c-b623-bfbfb1b8f3a7',NULL,NULL,NULL,NULL,NULL),('5ccaafa5-64ff-40b0-b31c-44913b33f520',NULL,NULL,NULL,NULL,NULL),('3dea4759-4922-4365-9003-29a4b192cb05',NULL,NULL,NULL,NULL,NULL),('79008d18-1873-4d5f-a615-4499e212a8e8',NULL,NULL,NULL,NULL,NULL),('019ec31a-af9f-41ca-b29a-c5b005407bff',NULL,NULL,NULL,NULL,NULL),('8d4b449d-e03e-4c50-81ef-283f01712e98',NULL,NULL,NULL,NULL,NULL),('462d7f63-c925-48b3-b4fc-fb99c617344d',NULL,NULL,NULL,NULL,NULL),('eb63d5c2-8bc8-43e0-86ee-7a5fd1ec472b',NULL,NULL,NULL,NULL,NULL),('58dfc3d9-ab41-457c-93d5-de4afc9b7a23',NULL,NULL,NULL,NULL,NULL),('1af64ae7-88ab-47a8-9ab4-f8ff16954771',NULL,NULL,NULL,NULL,NULL),('5bee4e4e-1f04-4eaf-8726-4a8d4d5b12b3',NULL,NULL,NULL,NULL,NULL),('53bf2b6b-03de-4106-95fc-dd5e09afbfd3',NULL,NULL,NULL,NULL,NULL),('92757c72-e8f9-4fc1-9486-813788b2a6bc',NULL,NULL,NULL,NULL,NULL),('2d7fa7cb-9c2d-43a0-9825-51598c10aca0',NULL,NULL,NULL,NULL,NULL),('b4c0407b-afde-4287-bf3f-2b6cf3202d48',NULL,NULL,NULL,NULL,NULL);
/*!40000 ALTER TABLE `careprofessional_professionalprofile` ENABLE KEYS */;
UNLOCK TABLES;

--
-- Table structure for table `careprofessional_professionalprofile_agreement`
--

DROP TABLE IF EXISTS `careprofessional_professionalprofile_agreement`;
/*!40101 SET @saved_cs_client     = @@character_set_client */;
/*!40101 SET character_set_client = utf8 */;
CREATE TABLE `careprofessional_professionalprofile_agreement` (
  `id` int(11) NOT NULL AUTO_INCREMENT,
  `professionalprofile_id` varchar(36) NOT NULL,
  `agreement_id` int(11) NOT NULL,
  PRIMARY KEY (`id`),
  UNIQUE KEY `professionalprofile_id` (`professionalprofile_id`,`agreement_id`),
  KEY `careprofessional_professionalprofile_agreement_e53dbad3` (`professionalprofile_id`),
  KEY `careprofessional_professionalprofile_agreement_4784a0db` (`agreement_id`)
) ENGINE=MyISAM DEFAULT CHARSET=latin1;
/*!40101 SET character_set_client = @saved_cs_client */;

--
-- Dumping data for table `careprofessional_professionalprofile_agreement`
--

LOCK TABLES `careprofessional_professionalprofile_agreement` WRITE;
/*!40000 ALTER TABLE `careprofessional_professionalprofile_agreement` DISABLE KEYS */;
/*!40000 ALTER TABLE `careprofessional_professionalprofile_agreement` ENABLE KEYS */;
UNLOCK TABLES;

--
-- Table structure for table `careprofessional_professionalprofile_workplace`
--

DROP TABLE IF EXISTS `careprofessional_professionalprofile_workplace`;
/*!40101 SET @saved_cs_client     = @@character_set_client */;
/*!40101 SET character_set_client = utf8 */;
CREATE TABLE `careprofessional_professionalprofile_workplace` (
  `id` int(11) NOT NULL AUTO_INCREMENT,
  `professionalprofile_id` varchar(36) NOT NULL,
  `place_id` varchar(36) NOT NULL,
  PRIMARY KEY (`id`),
  UNIQUE KEY `professionalprofile_id` (`professionalprofile_id`,`place_id`),
  KEY `careprofessional_professionalprofile_workplace_e53dbad3` (`professionalprofile_id`),
  KEY `careprofessional_professionalprofile_workplace_c4391d6c` (`place_id`)
) ENGINE=MyISAM DEFAULT CHARSET=latin1;
/*!40101 SET character_set_client = @saved_cs_client */;

--
-- Dumping data for table `careprofessional_professionalprofile_workplace`
--

LOCK TABLES `careprofessional_professionalprofile_workplace` WRITE;
/*!40000 ALTER TABLE `careprofessional_professionalprofile_workplace` DISABLE KEYS */;
/*!40000 ALTER TABLE `careprofessional_professionalprofile_workplace` ENABLE KEYS */;
UNLOCK TABLES;

--
-- Table structure for table `careprofessional_studentprofile`
--

DROP TABLE IF EXISTS `careprofessional_studentprofile`;
/*!40101 SET @saved_cs_client     = @@character_set_client */;
/*!40101 SET character_set_client = utf8 */;
CREATE TABLE `careprofessional_studentprofile` (
  `id` int(11) NOT NULL AUTO_INCREMENT,
  `lecture_class_id` int(11) DEFAULT NULL,
  `period` varchar(255) DEFAULT NULL,
  `class_duration` varchar(255) DEFAULT NULL,
  `register_number` varchar(255) DEFAULT NULL,
  `professional_id` varchar(36) NOT NULL,
  PRIMARY KEY (`id`),
  UNIQUE KEY `professional_id` (`professional_id`),
  KEY `careprofessional_studentprofile_79f8b196` (`lecture_class_id`)
) ENGINE=MyISAM DEFAULT CHARSET=latin1;
/*!40101 SET character_set_client = @saved_cs_client */;

--
-- Dumping data for table `careprofessional_studentprofile`
--

LOCK TABLES `careprofessional_studentprofile` WRITE;
/*!40000 ALTER TABLE `careprofessional_studentprofile` DISABLE KEYS */;
/*!40000 ALTER TABLE `careprofessional_studentprofile` ENABLE KEYS */;
UNLOCK TABLES;

--
-- Table structure for table `cbo_occupation`
--

DROP TABLE IF EXISTS `cbo_occupation`;
/*!40101 SET @saved_cs_client     = @@character_set_client */;
/*!40101 SET character_set_client = utf8 */;
CREATE TABLE `cbo_occupation` (
  `id` int(11) NOT NULL,
  `cbo_code` varchar(999) NOT NULL,
  `title` varchar(999) NOT NULL,
  PRIMARY KEY (`id`)
) ENGINE=MyISAM DEFAULT CHARSET=latin1;
/*!40101 SET character_set_client = @saved_cs_client */;

--
-- Dumping data for table `cbo_occupation`
--

LOCK TABLES `cbo_occupation` WRITE;
/*!40000 ALTER TABLE `cbo_occupation` DISABLE KEYS */;
INSERT INTO `cbo_occupation` VALUES (12135,'201105','Bioengenheiro'),(12136,'201110','Biotecnologista'),(12137,'201115','Geneticista'),(12138,'201205','Pesquisador em metrologia'),(12139,'201210','Especialista em calibrações metrológicas'),(12140,'201215','Especialista em ensaios metrológicos'),(12141,'201220','Especialista em instrumentação metrológica'),(12142,'201225','Especialista em materiais de referência metrológica'),(12143,'202105','Engenheiro mecatrônico'),(12144,'203005','Pesquisador em biologia ambiental'),(12145,'203010','Pesquisador em biologia animal'),(12146,'203015','Pesquisador em biologia de microorganismos e parasitas'),(12147,'203020','Pesquisador em biologia humana'),(12148,'203025','Pesquisador em biologia vegetal'),(12149,'203105','Pesquisador em ciências da computação e informática'),(12150,'203110','Pesquisador em ciências da terra e meio ambiente'),(12151,'203115','Pesquisador em física'),(12152,'203120','Pesquisador em matemática'),(12153,'203125','Pesquisador em química'),(12154,'203205','Pesquisador de engenharia civil'),(12155,'203210','Pesquisador de engenharia e tecnologia (outras áreas da engenharia)'),(12156,'203215','Pesquisador de engenharia elétrica e eletrônica'),(12157,'203220','Pesquisador de engenharia mecânica'),(12158,'203225','Pesquisador de engenharia metalúrgica, de minas e de materiais'),(12159,'203230','Pesquisador de engenharia química'),(12160,'203305','Pesquisador de clínica médica'),(12161,'203310','Pesquisador de medicina básica'),(12162,'203315','Pesquisador em medicina veterinária'),(12163,'203320','Pesquisador em saúde coletiva'),(12164,'203405','Pesquisador em ciências agronômicas'),(12165,'203410','Pesquisador em ciências da pesca e aqüicultura'),(12166,'203415','Pesquisador em ciências da zootecnia'),(12167,'203420','Pesquisador em ciências florestais'),(12168,'203505','Pesquisador em ciências sociais e humanas'),(12169,'203510','Pesquisador em economia'),(12170,'203515','Pesquisador em ciências da educação'),(12171,'203520','Pesquisador em história'),(12172,'203525','Pesquisador em psicologia'),(12173,'204105','Perito criminal'),(12174,'211105','Atuário'),(12175,'211110','Especialista em pesquisa operacional'),(12176,'211115','Matemático'),(12177,'211120','Matemático aplicado'),(12178,'211205','Estatístico'),(12179,'211210','Estatístico (estatística aplicada)'),(12180,'211215','Estatístico teórico'),(12181,'212205','Engenheiro de aplicativos em computação'),(12182,'212210','Engenheiro de equipamentos em computação'),(12183,'212215','Engenheiros de sistemas operacionais em computação'),(12184,'212305','Administrador de banco de dados'),(12185,'212310','Administrador de redes'),(12186,'212315','Administrador de sistemas operacionais'),(12187,'212405','Analista de desenvolvimento de sistemas'),(12188,'212410','Analista de redes e de comunicação de dados'),(12189,'212415','Analista de sistemas de automação'),(12190,'212420','Analista de suporte computacional'),(12191,'213105','Físico'),(12192,'213110','Físico (acústica)'),(12193,'213115','Físico (atômica e molecular)'),(12194,'213120','Físico (cosmologia)'),(12195,'213125','Físico (estatística e matemática)'),(12196,'213130','Físico (fluidos)'),(12197,'213135','Físico (instrumentação)'),(12198,'213140','Físico (matéria condensada)'),(12199,'213145','Físico (materiais)'),(12200,'213150','Físico (medicina)'),(12201,'213155','Físico (nuclear e reatores)'),(12202,'213160','Físico (óptica)'),(12203,'213165','Físico (partículas e campos)'),(12204,'213170','Físico (plasma)'),(12205,'213175','Físico (térmica)'),(12206,'213205','Químico'),(12207,'213210','Químico industrial'),(12208,'213305','Astrônomo'),(12209,'213310','Geofísico espacial'),(12210,'213315','Meteorologista'),(12237,'214305','Engenheiro eletricista'),(12238,'214310','Engenheiro eletrônico'),(12239,'214315','Engenheiro eletricista de manutenção'),(12240,'214320','Engenheiro eletricista de projetos'),(12241,'214325','Engenheiro eletrônico de manutenção'),(12242,'214330','Engenheiro eletrônico de projetos'),(12243,'214335','Engenheiro de manutenção de telecomunicações'),(12244,'214340','Engenheiro de telecomunicações'),(12245,'214345','Engenheiro projetista de telecomunicações'),(12246,'214350','Engenheiro de redes de comunicação'),(12247,'214355','Engenheiro de controle e automação'),(12248,'214360','Tecnólogo em eletricidade'),(12249,'214365','Tecnólogo em eletrônica'),(12250,'214405','Engenheiro mecânico'),(12251,'214410','Engenheiro mecânico automotivo'),(12252,'214415','Engenheiro mecânico (energia nuclear)'),(12253,'214420','Engenheiro mecânico industrial'),(12254,'214425','Engenheiro aeronáutico'),(12255,'214430','Engenheiro naval'),(12256,'214505','Engenheiro químico'),(12257,'214510','Engenheiro químico (indústria química)'),(12258,'214515','Engenheiro químico (mineração, metalurgia, siderurgia, cimenteira e cerâmica)'),(12259,'214520','Engenheiro químico (papel e celulose)'),(12260,'214525','Engenheiro químico (petróleo e borracha)'),(12261,'214530','Engenheiro químico (utilidades e meio ambiente)'),(12262,'214605','Engenheiro de materiais'),(12263,'214610','Engenheiro metalurgista'),(12264,'214705','Engenheiro de minas'),(12265,'214710','Engenheiro de minas (beneficiamento)'),(12266,'214715','Engenheiro de minas (lavra a céu aberto)'),(12267,'214720','Engenheiro de minas (lavra subterrânea)'),(12268,'214725','Engenheiro de minas (pesquisa mineral)'),(12269,'214730','Engenheiro de minas (planejamento)'),(12270,'214735','Engenheiro de minas (processo)'),(12271,'214740','Engenheiro de minas (projeto)'),(12272,'214805','Engenheiro agrimensor'),(12273,'214810','Engenheiro cartógrafo'),(12274,'214905','Engenheiro de produção'),(12275,'214910','Engenheiro de controle de qualidade'),(12276,'214915','Engenheiro de segurança do trabalho'),(12277,'214920','Engenheiro de riscos'),(12278,'214925','Engenheiro de tempos e movimentos'),(12689,'215105','Agente de manobra e docagem'),(12690,'215110','Capitão de manobra da marinha mercante'),(12691,'215115','Comandante da marinha mercante'),(12692,'215120','Coordenador de operações de combate à poluição no meio aquaviário'),(12693,'215125','Imediato da marinha mercante'),(12694,'215130','Inspetor de terminal'),(12695,'215135','Inspetor naval'),(12696,'215140','Oficial de quarto de navegação da marinha mercante'),(12697,'215145','Prático de portos da marinha mercante'),(12698,'215150','Vistoriador naval'),(12699,'215205','Oficial superior de máquinas da marinha mercante'),(12700,'215210','Primeiro oficial de máquinas da marinha mercante'),(12701,'215215','Segundo oficial de máquinas da marinha mercante'),(12702,'215220','Superintendente técnico no transporte aquaviário'),(12703,'215305','Piloto de aeronaves'),(12704,'215310','Piloto de ensaios em vôo'),(12705,'215315','Instrutor de vôo'),(12707,'222105','Engenheiro agrícola'),(12708,'222110','Engenheiro agrônomo'),(12709,'222115','Engenheiro de pesca'),(12710,'222120','Engenheiro florestal'),(12711,'223101','Médico acupunturista'),(12712,'223102','Médico alergista e imunologista'),(12713,'223103','Médico anatomopatologista'),(12714,'223104','Médico anestesiologista'),(12715,'223105','Médico angiologista'),(12716,'223106','Médico cardiologista'),(12717,'223107','Médico cirurgião cardiovascular'),(12718,'223108','Médico cirurgião de cabeça e pescoço'),(12719,'223109','Médico cirurgião do aparelho digestivo'),(12720,'223110','Médico cirurgião geral'),(12721,'223111','Médico cirurgião pediátrico'),(12722,'223112','Médico cirurgião plástico'),(12723,'223113','Médico cirurgião torácico'),(12724,'223114','Médico citopatologista'),(12725,'223115','Médico clínico'),(12726,'223116','Médico de saúde da família'),(12727,'223117','Médico dermatologista'),(12728,'223118','Médico do trabalho'),(12729,'223119','Médico em eletroencefalografia'),(12730,'223120','Médico em endoscopia'),(12731,'223121','Médico em medicina de tráfego'),(12732,'223122','Médico em medicina intensiva'),(12733,'223123','Médico em medicina nuclear'),(12734,'223124','Médico em radiologia e diagnóstico por imagem'),(12735,'223125','Médico endocrinologista e metabologista'),(12736,'223126','Médico fisiatra'),(12737,'223127','Médico foniatra'),(12738,'223128','Médico gastroenterologista'),(12739,'223129','Médico generalista'),(12740,'223130','Médico geneticista'),(12741,'223131','Médico geriatra'),(12742,'223132','Médico ginecologista e obstetra'),(12743,'223133','Médico hematologista'),(12744,'223134','Médico hemoterapeuta'),(12745,'223135','Médico homeopata'),(12746,'223136','Médico infectologista'),(12747,'223137','Médico legista'),(12748,'223138','Médico mastologista'),(12749,'223139','Médico nefrologista'),(12750,'223140','Médico neurocirurgião'),(12751,'223141','Médico neurofisiologista'),(12752,'223142','Médico neurologista'),(12753,'223143','Médico nutrologista'),(12754,'223144','Médico oftalmologista'),(12755,'223145','Médico oncologista'),(12756,'223146','Médico ortopedista e traumatologista'),(12757,'223147','Médico otorrinolaringologista'),(12758,'223148','Médico patologista clínico'),(12759,'223149','Médico pediatra'),(12760,'223150','Médico perito'),(12761,'223151','Médico pneumologista'),(12762,'223152','Médico proctologista'),(12763,'223153','Médico psiquiatra'),(12764,'223154','Médico radioterapeuta'),(12765,'223155','Médico reumatologista'),(12766,'223156','Médico sanitarista'),(12767,'223157','Médico urologista'),(12786,'223305','Médico veterinário'),(12787,'223310','Zootecnista'),(12788,'223405','Farmacêutico'),(12789,'223410','Farmacêutico bioquímico'),(12790,'223505','Enfermeiro'),(12791,'223510','Enfermeiro auditor'),(12792,'223515','Enfermeiro de bordo'),(12793,'223520','Enfermeiro de centro cirúrgico'),(12794,'223525','Enfermeiro de terapia intensiva'),(12795,'223530','Enfermeiro do trabalho'),(12796,'223535','Enfermeiro nefrologista'),(12797,'223540','Enfermeiro neonatologista'),(12798,'223545','Enfermeiro obstétrico'),(12799,'223550','Enfermeiro psiquiátrico'),(12800,'223555','Enfermeiro puericultor e pediátrico'),(12801,'223560','Enfermeiro sanitarista'),(12806,'224105','Avaliador físico'),(12807,'224110','Ludomotricista'),(12808,'224115','Preparador de atleta'),(12809,'224120','Preparador físico'),(12810,'224125','Técnico de desporto individual e coletivo (exceto futebol)'),(12811,'224130','Técnico de laboratório e fiscalização desportiva'),(12812,'224135','Treinador profissional de futebol'),(12813,'231105','Professor de nível superior na educação infantil (quatro a seis anos)'),(12814,'231110','Professor de nível superior na educação infantil (zero a três anos)'),(12815,'231205','Professor da  educação de jovens e adultos do ensino fundamental (primeira a quarta série)'),(12816,'231210','Professor de nível superior do ensino fundamental (primeira a quarta série)'),(12817,'232105','Professor de artes no ensino médio'),(12818,'232110','Professor de biologia no ensino médio'),(12819,'232115','Professor de disciplinas pedagógicas no ensino médio'),(12820,'232120','Professor de educação física no ensino médio'),(12821,'232125','Professor de filosofia no ensino médio'),(12822,'232130','Professor de física no ensino médio'),(12823,'232135','Professor de geografia no ensino médio'),(12824,'232140','Professor de história no ensino médio'),(12825,'232145','Professor de língua e literatura brasileira no ensino médio'),(12826,'232150','Professor de língua estrangeira moderna no ensino médio'),(12827,'232155','Professor de matemática no ensino médio'),(12828,'232160','Professor de psicologia no ensino médio'),(12829,'232165','Professor de química no ensino médio'),(12830,'232170','Professor de sociologia no ensino médio'),(12831,'233105','Professor da área de meio ambiente'),(12832,'233110','Professor de desenho técnico'),(12833,'233115','Professor de técnicas agrícolas'),(12834,'233120','Professor de técnicas comerciais e secretariais'),(12835,'233125','Professor de técnicas de enfermagem'),(12836,'233130','Professor de técnicas industriais'),(12837,'233135','Professor de tecnologia e cálculo técnico'),(12843,'234105','Professor de matemática aplicada (no ensino superior)'),(12844,'234110','Professor de matemática pura (no ensino superior)'),(12845,'234115','Professor de estatística (no ensino superior)'),(12846,'234120','Professor de computação (no ensino superior)'),(12847,'234125','Professor de pesquisa operacional (no ensino superior)'),(12848,'234205','Professor de física (ensino superior)'),(12849,'234210','Professor de química (ensino superior)'),(12850,'234215','Professor de astronomia (ensino superior)'),(12851,'234305','Professor de arquitetura'),(12852,'234310','Professor de engenharia'),(12853,'234315','Professor de geofísica'),(12854,'234320','Professor de geologia'),(12855,'234405','Professor de ciências biológicas do ensino superior'),(12856,'234410','Professor de educação física no ensino superior'),(12857,'234415','Professor de enfermagem do ensino superior'),(12858,'234420','Professor de farmácia e bioquímica'),(12859,'234425','Professor de fisioterapia'),(12860,'234430','Professor de fonoaudiologia'),(12861,'234435','Professor de medicina'),(12862,'234440','Professor de medicina veterinária'),(12863,'234445','Professor de nutrição'),(12864,'234450','Professor de odontologia'),(12865,'234455','Professor de terapia ocupacional'),(12866,'234460','Professor de zootecnia do ensino superior'),(12867,'234505','Professor de ensino superior na área de didática'),(12868,'234510','Professor de ensino superior na área de orientação educacional'),(12869,'234515','Professor de ensino superior na área de pesquisa educacional'),(12870,'234520','Professor de ensino superior na área de prática de ensino'),(12871,'234604','Professor de língua alemã'),(12872,'234608','Professor de língua italiana'),(12873,'234612','Professor de língua francesa'),(12874,'234616','Professor de língua inglesa'),(12875,'234620','Professor de língua espanhola'),(12876,'234624','Professor de língua portuguesa'),(12877,'234628','Professor de literatura brasileira'),(12878,'234632','Professor de literatura portuguesa'),(12879,'234636','Professor de literatura alemã'),(12880,'234640','Professor de literatura comparada'),(12881,'234644','Professor de literatura espanhola'),(12882,'234648','Professor de literatura francesa'),(12883,'234652','Professor de literatura inglesa'),(12884,'234656','Professor de literatura italiana'),(12885,'234660','Professor de literatura de línguas estrangeiras modernas'),(12886,'234664','Professor de outras línguas e literaturas'),(12887,'234668','Professor de línguas estrangeiras modernas'),(12888,'234672','Professor de lingüística e lingüística aplicada'),(12889,'234676','Professor de filologia e crítica textual'),(12890,'234680','Professor de semiótica'),(12891,'234684','Professor de teoria da literatura'),(12892,'234705','Professor de antropologia do ensino superior'),(12893,'234710','Professor de arquivologia do ensino superior'),(12894,'234715','Professor de biblioteconomia do ensio superior'),(12895,'234720','Professor de ciência política do ensino superior'),(12896,'234725','Professor de comunicação social do ensino superior'),(12897,'234730','Professor de direito do ensino superior'),(12898,'234735','Professor de filosofia do ensino superior'),(12899,'234740','Professor de geografia do ensino superior'),(12900,'234745','Professor de história do ensino superior'),(12901,'234750','Professor de jornalismo'),(12902,'234755','Professor de museologia do ensino superior'),(12903,'234760','Professor de psicologia do ensino superior'),(12904,'234765','Professor de serviço social do ensino superior'),(12905,'234770','Professor de sociologia do ensino superior'),(12906,'234805','Professor de economia'),(12907,'234810','Professor de administração'),(12908,'234815','Professor de contabilidade'),(12909,'234905','Professor de artes do espetáculo no ensino superior'),(12910,'234910','Professor de artes visuais no ensino superior (artes plásticas e multimídia)'),(12911,'234915','Professor de música no ensino superior'),(12912,'239205','Professor de alunos com deficiência auditiva e surdos'),(12913,'239210','Professor de alunos com deficiência física'),(12914,'239215','Professor de alunos com deficiência mental'),(12915,'239220','Professor de alunos com deficiência múltipla'),(12916,'239225','Professor de alunos com deficiência visual'),(12923,'241005','Advogado'),(12924,'241010','Advogado de empresa'),(12925,'241015','Advogado (direito civil)'),(12926,'241020','Advogado (direito público)'),(12927,'241025','Advogado (direito penal)'),(12928,'241030','Advogado (áreas especiais)'),(12929,'241035','Advogado (direito do trabalho)'),(12930,'241040','Consultor jurídico'),(12931,'241205','Advogado da união'),(12932,'241210','Procurador autárquico'),(12933,'241215','Procurador da fazenda nacional'),(12934,'241220','Procurador do estado'),(12935,'241225','Procurador do município'),(12936,'241230','Procurador federal'),(12937,'241235','Procurador fundacional'),(12938,'241305','Oficial de registro de contratos marítimos'),(12939,'241310','Oficial do registro civil de pessoas juridicas'),(12940,'241315','Oficial do registro civil de pessoas naturais'),(12941,'241320','Oficial do registro de distribuições'),(12942,'241325','Oficial do registro de imóveis'),(12943,'241330','Oficial do registro de títulos e documentos'),(12944,'241335','Tabelião de notas'),(12945,'241340','Tabelião de protestos'),(12946,'242205','Procurador da república'),(12947,'242210','Procurador de justiça'),(12948,'242215','Procurador de justiça militar'),(12949,'242220','Procurador do trabalho'),(12950,'242225','Procurador regional da república'),(12951,'242230','Procurador regional do trabalho'),(12952,'242235','Promotor de justiça'),(12953,'242240','Subprocurador de justiça militar'),(12954,'242245','Subprocurador-geral da república'),(12955,'242250','Subprocurador-geral do trabalho'),(12956,'242305','Delegado de polícia'),(12957,'242405','Defensor público'),(12958,'242410','Procurador da assistência judiciária'),(12959,'251105','Antropólogo'),(12960,'251110','Arqueólogo'),(12961,'251115','Cientista político'),(12962,'251120','Sociólogo'),(12963,'251205','Economista'),(12964,'251210','Economista agroindustrial'),(12965,'251215','Economista financeiro'),(12966,'251220','Economista industrial'),(12967,'251225','Economista do setor público'),(12968,'251230','Economista ambiental'),(12969,'251235','Economista regional e urbano'),(12970,'251305','Geógrafo'),(12971,'251405','Filósofo'),(12972,'251505','Psicólogo educacional'),(12973,'251510','Psicólogo clínico'),(12974,'251515','Psicólogo do esporte'),(12975,'251520','Psicólogo hospitalar'),(12976,'251525','Psicólogo jurídico'),(12977,'251530','Psicólogo social'),(12978,'251535','Psicólogo do trânsito'),(12979,'251540','Psicólogo do trabalho'),(12980,'251545','Neuropsicólogo'),(12981,'251550','Psicanalista'),(12984,'252105','Administrador'),(12985,'252205','Auditor (contadores e afins)'),(12986,'252210','Contador'),(12987,'252215','Perito contábil'),(12988,'252305','Secretária  executiva'),(12989,'252310','Secretário  bilíngüe'),(12990,'252315','Secretária trilíngüe'),(12991,'252405','Analista de recursos humanos'),(12992,'252505','Administrador de fundos e carteiras de investimento'),(12993,'252510','Analista de câmbio'),(12994,'252515','Analista de cobrança (instituições financeiras)'),(12995,'252525','Analista de crédito (instituições financeiras)'),(12996,'252530','Analista de crédito rural'),(12997,'252535','Analista de leasing'),(12998,'252540','Analista de produtos bancários'),(12999,'252545','Analista financeiro (instituições financeiras)'),(13000,'253105','Relações públicas'),(13001,'253110','Redator de publicidade'),(13002,'253115','Agente publicitário'),(13003,'253120','Analista de negócios'),(13004,'253125','Analista de pesquisa de mercado'),(13005,'253205','Gerente de captação (fundos e investimentos institucionais)'),(13006,'253210','Gerente de clientes especiais (private)'),(13007,'253215','Gerente de contas - pessoa física e jurídica'),(13008,'253220','Gerente de grandes contas (corporate)'),(13009,'253225','Operador de negócios'),(13010,'253305','Corretor de valores, ativos financeiros, mercadorias e derivativos'),(13011,'254105','Auditor-fiscal da receita federal'),(13012,'254110','Técnico da receita federal'),(13013,'254205','Auditor-fiscal da previdência social'),(13014,'254305','Auditor-fiscal do trabalho'),(13015,'254310','Agente de higiene e segurança'),(13024,'261205','Bibliotecário'),(13025,'261210','Documentalista'),(13026,'261215','Analista de informações (pesquisador de informações de rede)'),(13027,'261305','Arquivista'),(13028,'261310','Museólogo'),(13033,'261505','Autor-roteirista'),(13034,'261510','Crítico'),(13035,'261515','Escritor de ficção'),(13036,'261520','Escritor de não ficção'),(13037,'261525','Poeta'),(13038,'261530','Redator de textos técnicos'),(13039,'261605','Editor de jornal'),(13040,'261610','Editor de livro'),(13041,'261615','Editor de mídia eletrônica'),(13042,'261620','Editor de revista'),(13043,'261625','Editor de revista científica'),(13044,'261705','Âncora de rádio e televisão'),(13045,'261710','Comentarista de rádio e televisão'),(13046,'261715','Locutor de rádio e televisão'),(13047,'261720','Locutor publicitário de rádio e televisão'),(13048,'261725','Narrador em programas de rádio e televisão'),(13049,'261730','Repórter de rádio e televisão'),(13050,'261805','Fotógrafo'),(13051,'261810','Fotógrafo publicitário'),(13052,'261815','Fotógrafo retratista'),(13053,'261820','Repóter fotográfico'),(13054,'262105','Empresário de espetáculo'),(13055,'262110','Produtor cinematográfico'),(13056,'262115','Produtor de rádio'),(13057,'262120','Produtor de teatro'),(13058,'262125','Produtor de televisão'),(13059,'262205','Diretor de cinema'),(13060,'262210','Diretor de programas de rádio'),(13061,'262215','Diretor de programas de televisão'),(13062,'262220','Diretor teatral'),(13063,'262305','Cenógrafo carnavalesco e festas populares'),(13064,'262310','Cenógrafo de cinema'),(13065,'262315','Cenógrafo de eventos'),(13066,'262320','Cenógrafo de teatro'),(13067,'262325','Cenógrafo de tv'),(13068,'262330','Diretor de arte'),(13071,'262505','Ator'),(13072,'262605','Compositor'),(13073,'262610','Músico arranjador'),(13074,'262615','Músico regente'),(13075,'262620','Musicólogo'),(13076,'223705','Dietista'),(13077,'223710','Nutricionista'),(13078,'262705','Músico intérprete cantor'),(13079,'262710','Músico intérprete instrumentista'),(13080,'262805','Assistente de coreografia'),(13081,'262810','Bailarino (exceto danças populares)'),(13082,'262815','Coreógrafo'),(13083,'262820','Dramaturgo de dança'),(13084,'262825','Ensaiador de dança'),(13085,'262830','Professor de dança'),(13086,'262905','Decorador de interiores de nível superior'),(13087,'263105','Ministro de culto religioso'),(13088,'263110','Missionário'),(13089,'263115','Teólogo'),(13413,'231305','Professor de ciências exatas e naturais do ensino fundamental'),(13414,'231310','Professor de educação artística do ensino fundamental'),(13415,'231315','Professor de educação física do ensino fundamental'),(13416,'231320','Professor de geografia do ensino fundamental'),(13417,'231325','Professor de história do ensino fundamental'),(13418,'231330','Professor de língua estrangeira moderna do ensino fundamental'),(13419,'231335','Professor de língua portuguesa do ensino fundamental'),(13420,'231340','Professor de matemática do ensino fundamental'),(13421,'254405','Fiscal de tributos estadual'),(13422,'254410','Fiscal de tributos municipal'),(13423,'254415','Técnico de tributos estadual'),(13424,'254420','Técnico de tributos municipal'),(14702,'213405','Geólogo'),(14703,'213410','Geólogo de engenharia'),(14704,'213415','Geofísico'),(14705,'213420','Geoquímico'),(14706,'213425','Hidrogeólogo'),(14707,'213430','Paleontólogo'),(14708,'213435','Petrógrafo'),(14709,'213440','Oceanógrafo'),(14712,'239405','Coordenador pedagógico'),(14713,'239410','Orientador educacional'),(14714,'239415','Pedagogo'),(14715,'239420','Professor de técnicas e recursos audiovisuais'),(14716,'239425','Psicopedagogo'),(14717,'239430','Supervisor de ensino'),(14718,'239435','Designer educacional'),(14725,'221105','Biólogo'),(14726,'223204','Cirurgião dentista - auditor'),(14727,'223208','Cirurgião dentista - clínico geral'),(14728,'223212','Cirurgião dentista - endodontista'),(14729,'223216','Cirurgião dentista - epidemiologista'),(14730,'223220','Cirurgião dentista - estomatologista'),(14731,'223224','Cirurgião dentista - implantodontista'),(14732,'223228','Cirurgião dentista - odontogeriatra'),(14733,'223232','Cirurgião dentista - odontologista legal'),(14734,'223236','Cirurgião dentista - odontopediatra'),(14735,'223240','Cirurgião dentista - ortopedista e ortodontista'),(14736,'223244','Cirurgião dentista - patologista bucal'),(14737,'223248','Cirurgião dentista - periodontista'),(14738,'223252','Cirurgião dentista - protesiólogo bucomaxilofacial'),(14739,'223256','Cirurgião dentista - protesista'),(14740,'223260','Cirurgião dentista - radiologista'),(14741,'223264','Cirurgião dentista - reabilitador oral'),(14742,'223268','Cirurgião dentista - traumatologista bucomaxilofacial'),(14743,'223272','Cirurgião dentista de saúde coletiva'),(14744,'223276','Cirurgião dentista - odontologia do trabalho'),(14745,'223280','Cirurgião dentista - dentística'),(14746,'223284','Cirurgião dentista - disfunção temporomandibular e dor orofacial'),(14747,'223288','Cirurgião dentista - odontologia para pacientes com necessidades especiais'),(14802,'214105','Arquiteto de edificações'),(14803,'214110','Arquiteto de interiores'),(14804,'214115','Arquiteto de patrimônio'),(14805,'214120','Arquiteto paisagista'),(14806,'214125','Arquiteto urbanista'),(14807,'214130','Urbanista'),(14811,'223810','Fonoaudiólogo'),(14825,'223910','Ortoptista'),(14826,'223905','Terapeuta ocupacional'),(14853,'261405','Filólogo'),(14854,'261410','Intérprete'),(14855,'261415','Lingüista'),(14856,'261420','Tradutor'),(14857,'261425','Intérprete de língua de sinais'),(14880,'214205','Engenheiro civil'),(14881,'214210','Engenheiro civil (aeroportos)'),(14882,'214215','Engenheiro civil (edificações)'),(14883,'214220','Engenheiro civil (estruturas metálicas)'),(14884,'214225','Engenheiro civil (ferrovias e metrovias)'),(14885,'214230','Engenheiro civil (geotécnia)'),(14886,'214235','Engenheiro civil (hidrologia)'),(14887,'214240','Engenheiro civil (hidráulica)'),(14888,'214245','Engenheiro civil (pontes e viadutos)'),(14889,'214250','Engenheiro civil (portos e vias navegáveis)'),(14890,'214255','Engenheiro civil (rodovias)'),(14891,'214260','Engenheiro civil (saneamento)'),(14892,'214265','Engenheiro civil (túneis)'),(14893,'214270','Engenheiro civil (transportes e trânsito)'),(14894,'262405','Artista (artes visuais)'),(14895,'262410','Desenhista industrial (designer)'),(14896,'261105','Arquivista pesquisador (jornalismo)'),(14897,'261110','Assessor de imprensa'),(14898,'261115','Diretor de redação'),(14899,'261120','Editor'),(14900,'261125','Jornalista'),(14901,'261130','Produtor de texto'),(14902,'261135','Repórter (exclusive rádio e televisão)'),(14903,'261140','Revisor de texto'),(14904,'262415','Conservador-restaurador de bens  culturais'),(14905,'214275','Engenheiro ambiental'),(16697,'842305','Operador de máquina de fabricar cigarros'),(16841,'519805','Profissional do sexo'),(16842,'010105','Oficial general da aeronáutica'),(16843,'010110','Oficial general do exército'),(16844,'010115','Oficial general da marinha'),(16845,'010205','Oficial da aeronáutica'),(16846,'010210','Oficial do exército'),(16847,'010215','Oficial da marinha'),(16848,'010305','Praça da aeronáutica'),(16849,'010310','Praça do exército'),(16850,'010315','Praça da marinha'),(16851,'020105','Coronel da polícia militar'),(16852,'020110','Tenente-coronel da polícia militar'),(16853,'020115','Major da polícia militar'),(16854,'020205','Capitão da polícia militar'),(16855,'020305','Primeiro tenente de polícia militar'),(16856,'020310','Segundo tenente de polícia militar'),(16857,'021105','Subtenente da policia militar'),(16858,'021110','Sargento da policia militar'),(16859,'021205','Cabo da polícia militar'),(16860,'021210','Soldado da polícia militar'),(16861,'030105','Coronel bombeiro militar'),(16862,'030110','Major bombeiro militar'),(16863,'030115','Tenente-coronel bombeiro militar'),(16864,'030205','Capitão bombeiro militar'),(16865,'030305','Tenente do corpo de bombeiros militar'),(16866,'031105','Subtenente bombeiro militar'),(16867,'031110','Sargento bombeiro militar'),(16868,'031205','Cabo bombeiro militar'),(16869,'031210','Soldado bombeiro militar'),(16870,'111105','Senador'),(16871,'111110','Deputado federal'),(16872,'111115','Deputado estadual e distrital'),(16873,'111120','Vereador'),(16874,'111205','Presidente da república'),(16875,'111210','Vice-presidente da república'),(16876,'111215','Ministro de estado'),(16877,'111220','Secretário - executivo'),(16878,'111225','Membro superior do poder executivo'),(16879,'111230','Governador de estado'),(16880,'111235','Governador do distrito federal'),(16881,'111240','Vice-governador de estado'),(16882,'111245','Vice-governador do distrito federal'),(16883,'111250','Prefeito'),(16884,'111255','Vice-prefeito'),(16885,'111305','Ministro do supremo tribunal federal'),(16886,'111310','Ministro do superior tribunal de justiça'),(16887,'111315','Ministro do  superior tribunal militar'),(16888,'111320','Ministro do  superior tribunal do trabalho'),(16889,'111325','Juiz de direito'),(16890,'111330','Juiz federal'),(16891,'111335','Juiz auditor federal - justiça militar'),(16892,'111340','Juiz auditor estadual - justiça militar'),(16893,'111345','Juiz do trabalho'),(16894,'111405','Dirigente do serviço público federal'),(16895,'111410','Dirigente do serviço público estadual e distrital'),(16896,'111415','Dirigente do serviço público municipal'),(16899,'113005','Cacique'),(16900,'113010','Líder de comunidade caiçara'),(16901,'113015','Membro de liderança quilombola'),(16902,'114105','Dirigente de partido político'),(16903,'114205','Dirigentes de entidades de trabalhadores'),(16904,'114210','Dirigentes de entidades patronais'),(16905,'114305','Dirigente e administrador de organização religiosa'),(16906,'114405','Dirigente e administrador de organização da sociedade civil sem fins lucrativos'),(16907,'121005','Diretor de planejamento estratégico'),(16908,'121010','Diretor geral de empresa e organizações (exceto de interesse público)'),(16909,'122105','Diretor de produção e operações em empresa agropecuária'),(16910,'122110','Diretor de produção e operações em empresa aqüícola'),(16911,'122115','Diretor de produção e operações em empresa florestal'),(16912,'122120','Diretor de produção e operações em empresa pesqueira'),(16913,'122205','Diretor de produção e operações da indústria de transformação, extração mineral e utilidades'),(16914,'122305','Diretor de operações de obras pública e civil'),(16915,'122405','Diretor de operações comerciais (comércio atacadista e varejista)'),(16916,'122505','Diretor de  produção e operações de alimentação'),(16917,'122510','Diretor de  produção e operações de hotel'),(16918,'122515','Diretor de  produção e operações de turismo'),(16919,'122605','Diretor de operações de correios'),(16920,'122610','Diretor de operações de serviços de armazenamento'),(16921,'122615','Diretor de operações de serviços de telecomunicações'),(16922,'122620','Diretor de operações de serviços de transporte'),(16923,'122705','Diretor comercial em operações de intermediação financeira'),(16924,'122710','Diretor de produtos bancários'),(16925,'122715','Diretor de crédito rural'),(16926,'122720','Diretor de câmbio e comércio exterior'),(16927,'122725','Diretor de compliance'),(16928,'122730','Diretor de crédito (exceto crédito imobiliário)'),(16929,'122735','Diretor de crédito imobiliário'),(16930,'122740','Diretor de leasing'),(16931,'122745','Diretor de mercado de capitais'),(16932,'122750','Diretor de recuperação de créditos em operações de intermediação financeira'),(16933,'122755','Diretor de riscos de mercado'),(16934,'123105','Diretor administrativo'),(16935,'123110','Diretor administrativo e financeiro'),(16936,'123115','Diretor financeiro'),(16937,'123205','Diretor de recursos humanos'),(16938,'123210','Diretor de relações de trabalho'),(16939,'123305','Diretor comercial'),(16940,'123310','Diretor de marketing'),(16941,'123405','Diretor de suprimentos'),(16942,'123410','Diretor de suprimentos no serviço público'),(16943,'123605','Diretor de serviços de informática'),(16944,'123705','Diretor de pesquisa e desenvolvimento (p&d)'),(16945,'123805','Diretor de manutenção'),(16946,'131105','Diretor de serviços culturais'),(16947,'131110','Diretor de serviços sociais'),(16948,'131115','Gerente de serviços culturais'),(16949,'131120','Gerente de serviços sociais'),(16950,'131205','Diretor de serviços de saúde'),(16951,'131210','Gerente de serviços de saúde'),(16952,'131305','Diretor de instituição educacional da área privada'),(16953,'131310','Diretor de instituição educacional pública'),(16954,'131315','Gerente de instituição educacional da área privada'),(16955,'131320','Gerente de serviços educacionais da área pública'),(16956,'141105','Gerente de produção e operações  aqüícolas'),(16957,'141110','Gerente de produção e operações  florestais'),(16958,'141115','Gerente de produção e operações agropecuárias'),(16959,'141120','Gerente de produção e operações pesqueiras'),(16960,'141205','Gerente de produção e operações'),(16961,'141305','Gerente de produção e operações da construção civil e obras públicas'),(16962,'141405','Comerciante atacadista'),(16963,'141410','Comerciante varejista'),(16964,'141415','Gerente de loja e supermercado'),(16965,'141420','Gerente de operações de serviços de assistência técnica'),(16966,'141505','Gerente de hotel'),(16967,'141510','Gerente de restaurante'),(16968,'141515','Gerente de bar'),(16969,'141520','Gerente de pensão'),(16970,'141605','Gerente de operações de transportes'),(16971,'141610','Gerente de operações de correios e telecomunicações'),(16972,'141615','Gerente de logística (armazenagem e distribuição)'),(16973,'141705','Gerente de produtos bancários'),(16974,'141710','Gerente de agência'),(16975,'141715','Gerente de câmbio e comércio exterior'),(16976,'141720','Gerente de crédito e cobrança'),(16977,'141725','Gerente de crédito imobiliário'),(16978,'141730','Gerente de crédito rural'),(16979,'141735','Gerente de recuperação de crédito'),(16980,'142105','Gerente administrativo'),(16981,'142110','Gerente de riscos'),(16982,'142115','Gerente financeiro'),(16983,'142205','Gerente de recursos humanos'),(16984,'142210','Gerente de departamento pessoal'),(16985,'142305','Gerente comercial'),(16986,'142310','Gerente de comunicação'),(16987,'142315','Gerente de marketing'),(16988,'142320','Gerente de vendas'),(16989,'142405','Gerente de compras'),(16990,'142410','Gerente de suprimentos'),(16991,'142415','Gerente de almoxarifado'),(16992,'142505','Gerente de rede'),(16993,'142510','Gerente de desenvolvimento de sistemas'),(16994,'142515','Gerente de produção de tecnologia da informação'),(16995,'142520','Gerente de projetos de tecnologia da informação'),(16996,'142525','Gerente de segurança de tecnologia da informação'),(16997,'142530','Gerente de suporte técnico de tecnologia da informação'),(16998,'142605','Gerente de pesquisa e desenvolvimento (p&d)'),(16999,'142610','Especialista em desenvolvimento de cigarros'),(17000,'142705','Gerente de projetos e serviços de manutenção'),(17001,'300105','Técnico em mecatrônica - automação da manufatura'),(17002,'300110','Técnico em mecatrônica - robótica'),(17003,'300305','Técnico em eletromecânica'),(17004,'301105','Técnico de laboratório industrial'),(17005,'301110','Técnico de laboratório de análises físico-químicas (materiais de construção)'),(17006,'301115','Técnico químico de petróleo'),(17007,'301205','Técnico de apoio à bioengenharia'),(17008,'311105','Técnico químico'),(17009,'311110','Técnico de celulose e papel'),(17010,'311115','Técnico em curtimento'),(17011,'311205','Técnico em petroquímica'),(17012,'311305','Técnico em materiais, produtos cerâmicos e vidros'),(17013,'311405','Técnico em borracha'),(17014,'311410','Técnico em plástico'),(17015,'311505','Técnico de controle de meio ambiente'),(17016,'311510','Técnico de meteorologia'),(17017,'311515','Técnico de utilidade (produção e distribuição de vapor, gases, óleos, combustíveis, energia)'),(17018,'311520','Técnico em tratamento de efluentes'),(17019,'311605','Técnico têxtil'),(17020,'311610','Técnico têxtil (tratamentos químicos)'),(17021,'311615','Técnico têxtil de fiação'),(17022,'311620','Técnico têxtil de malharia'),(17023,'311625','Técnico têxtil de tecelagem'),(17024,'311705','Colorista de papel'),(17025,'311710','Colorista têxtil'),(17026,'311715','Preparador de tintas'),(17027,'311720','Preparador de tintas (fábrica de tecidos)'),(17028,'311725','Tingidor de couros e peles'),(17029,'312105','Técnico de obras civis'),(17030,'312205','Técnico de estradas'),(17031,'312210','Técnico de saneamento'),(17032,'312305','Técnico em agrimensura'),(17033,'312310','Técnico em geodésia e cartografia'),(17034,'312315','Técnico em hidrografia'),(17035,'312320','Topógrafo'),(17036,'313105','Eletrotécnico'),(17037,'313110','Eletrotécnico (produção de energia)'),(17038,'313115','Eletroténico na fabricação, montagem e instalação de máquinas e equipamentos'),(17039,'313120','Técnico de manutenção elétrica'),(17040,'313125','Técnico de manutenção elétrica de máquina'),(17041,'313130','Técnico eletricista'),(17042,'313205','Técnico de manutenção eletrônica'),(17043,'313210','Técnico de manutenção eletrônica (circuitos de máquinas com comando numérico)'),(17044,'313215','Técnico eletrônico'),(17045,'313220','Técnico em manutenção de equipamentos de informática'),(17046,'313305','Técnico de comunicação de dados'),(17047,'313310','Técnico de rede (telecomunicações)'),(17048,'313315','Técnico de telecomunicações (telefonia)'),(17049,'313320','Técnico de transmissão (telecomunicações)'),(17050,'313405','Técnico em calibração'),(17051,'313410','Técnico em instrumentação'),(17052,'313415','Encarregado de manutenção de instrumentos de controle, medição e similares'),(17053,'313505','Técnico em fotônica'),(17054,'314105','Técnico em mecânica de precisão'),(17055,'314110','Técnico mecânico'),(17056,'314115','Técnico mecânico (calefação, ventilação e refrigeração)'),(17057,'314120','Técnico mecânico (máquinas)'),(17058,'314125','Técnico mecânico (motores)'),(17059,'314205','Técnico mecânico na fabricação de ferramentas'),(17060,'314210','Técnico mecânico na manutenção de ferramentas'),(17061,'314305','Técnico em automobilística'),(17062,'314310','Técnico mecânico (aeronaves)'),(17063,'314315','Técnico mecânico (embarcações)'),(17064,'314405','Técnico de manutenção de sistemas e instrumentos'),(17065,'314410','Técnico em manutenção de máquinas'),(17066,'314605','Inspetor de soldagem'),(17067,'314610','Técnico em caldeiraria'),(17068,'314615','Técnico em estruturas metálicas'),(17069,'314620','Técnico em soldagem'),(17070,'314705','Técnico de acabamento em siderurgia'),(17071,'314710','Técnico de aciaria em siderurgia'),(17072,'314715','Técnico de fundição em siderurgia'),(17073,'314720','Técnico de laminação em siderurgia'),(17074,'314725','Técnico de redução na siderurgia (primeira fusão)'),(17075,'314730','Técnico de refratário em siderurgia'),(17076,'316105','Técnico em geofísica'),(17077,'316110','Técnico em geologia'),(17078,'316115','Técnico em geoquímica'),(17079,'316120','Técnico em geotecnia'),(17080,'316305','Técnico de mineração'),(17081,'316310','Técnico de mineração (óleo e petróleo)'),(17082,'316315','Técnico em processamento mineral (exceto petróleo)'),(17083,'316320','Técnico em pesquisa mineral'),(17084,'316325','Técnico de produção em refino de petróleo'),(17085,'316330','Técnico em planejamento de lavra de minas'),(17086,'316335','Desincrustador (poços de petróleo)'),(17087,'316340','Cimentador (poços de petróleo)'),(17088,'317105','Programador de internet'),(17089,'317110','Programador de sistemas de informação'),(17090,'317115','Programador de máquinas - ferramenta com comando numérico'),(17091,'317120','Programador de multimídia'),(17092,'317205','Operador de computador (inclusive microcomputador)'),(17093,'317210','Técnico de apoio ao usuário de informática (helpdesk)'),(17094,'318005','Desenhista técnico'),(17095,'318010','Desenhista copista'),(17096,'318015','Desenhista detalhista'),(17097,'318105','Desenhista técnico (arquitetura)'),(17098,'318110','Desenhista técnico (cartografia)'),(17099,'318115','Desenhista técnico (construção civil)'),(17100,'318120','Desenhista técnico (instalações hidrossanitárias)'),(17101,'318205','Desenhista técnico mecânico'),(17102,'318210','Desenhista técnico aeronáutico'),(17103,'318215','Desenhista técnico naval'),(17104,'318305','Desenhista técnico (eletricidade e eletrônica)'),(17105,'318310','Desenhista técnico (calefação, ventilação e refrigeração)'),(17106,'318405','Desenhista técnico (artes gráficas)'),(17107,'318410','Desenhista técnico (ilustrações artísticas)'),(17108,'318415','Desenhista técnico (ilustrações técnicas)'),(17109,'318420','Desenhista técnico (indústria têxtil)'),(17110,'318425','Desenhista técnico (mobiliário)'),(17111,'318430','Desenhista técnico de embalagens, maquetes e leiautes'),(17112,'318505','Desenhista projetista de arquitetura'),(17113,'318510','Desenhista projetista de construção civil'),(17114,'318605','Desenhista projetista de máquinas'),(17115,'318610','Desenhista projetista mecânico'),(17116,'318705','Desenhista projetista de eletricidade'),(17117,'318710','Desenhista projetista eletrônico'),(17118,'318805','Projetista de móveis'),(17119,'318810','Modelista de roupas'),(17120,'318815','Modelista de calçados'),(17121,'319105','Técnico em calçados e artefatos de couro'),(17122,'319110','Técnico em confecções do vestuário'),(17123,'319205','Técnico do mobiliário'),(17124,'320105','Técnico em bioterismo'),(17125,'320110','Técnico em histologia'),(17126,'321105','Técnico agrícola'),(17127,'321110','Técnico agropecuário'),(17128,'321205','Técnico em madeira'),(17129,'321210','Técnico florestal'),(17130,'321305','Técnico em piscicultura'),(17131,'321310','Técnico em carcinicultura'),(17132,'321315','Técnico em mitilicultura'),(17133,'321320','Técnico em ranicultura'),(17139,'322205','Técnico de enfermagem'),(17140,'322210','Técnico de enfermagem de terapia intensiva'),(17141,'322215','Técnico de enfermagem do trabalho'),(17142,'322220','Técnico de enfermagem psiquiátrica'),(17143,'322225','Instrumentador cirúrgico'),(17144,'322230','Auxiliar de enfermagem'),(17145,'322235','Auxiliar de enfermagem do trabalho'),(17146,'322240','Auxiliar de saúde (navegação marítima)'),(17147,'322305','Técnico em óptica e optometria'),(17148,'322405','Técnico em higiene dental'),(17149,'322410','Protético dentário'),(17150,'322415','Atendente de consultório dentário'),(17151,'322420','Auxiliar de prótese dentária'),(17152,'322505','Técnico de ortopedia'),(17153,'322605','Técnico de imobilização ortopédica'),(17154,'323105','Técnico em pecuária'),(17155,'324105','Técnico em métodos eletrográficos em encefalografia'),(17156,'324110','Técnico em métodos gráficos em cardiologia'),(17157,'324115','Técnico em radiologia e imagenologia'),(17158,'324205','Técnico em patologia clínica'),(17159,'324210','Auxiliar técnico em patologia clínica'),(17160,'325005','Enólogo'),(17161,'325010','Aromista'),(17162,'325015','Perfumista'),(17163,'325105','Auxiliar técnico em laboratório de farmácia'),(17164,'325110','Técnico em laboratório de farmácia'),(17165,'325115','Técnico em farmácia'),(17166,'325205','Técnico de alimentos'),(17167,'325210','Técnico em nutrição e dietética'),(17168,'325305','Técnico em biotecnologia'),(17169,'325310','Técnico em imunobiológicos'),(17170,'328105','Embalsamador'),(17171,'328110','Taxidermista'),(17172,'331105','Professor de nível médio na educação infantil'),(17173,'331110','Auxiliar de desenvolvimento infantil'),(17174,'331205','Professor de nível médio no ensino fundamental'),(17175,'331305','Professor de nível médio no ensino profissionalizante'),(17176,'332105','Professor leigo no ensino fundamental'),(17177,'332205','Professor prático no ensino profissionalizante'),(17178,'333105','Instrutor de auto-escola'),(17179,'333110','Instrutor de cursos livres'),(17180,'333115','Professores de cursos livres'),(17181,'334105','Inspetor de alunos de escola privada'),(17182,'334110','Inspetor de alunos de escola pública'),(17183,'341105','Piloto comercial (exceto linhas aéreas)'),(17184,'341110','Piloto comercial de helicóptero (exceto linhas aéreas)'),(17185,'341115','Mecânico de vôo'),(17186,'341120','Piloto agrícola'),(17187,'341205','Contramestre de cabotagem'),(17188,'341210','Mestre de cabotagem'),(17189,'341215','Mestre fluvial'),(17190,'341220','Patrão de pesca de alto-mar'),(17191,'341225','Patrão de pesca na navegação interior'),(17192,'341230','Piloto fluvial'),(17193,'341305','Condutor maquinista fluvial'),(17194,'341310','Condutor maquinista marítimo'),(17195,'341315','Eletricista de bordo'),(17196,'342105','Analista de transporte em comércio exterior'),(17197,'342110','Operador de transporte multimodal'),(17198,'342115','Controlador de serviços de máquinas e veículos'),(17199,'342120','Afretador'),(17200,'342205','Ajudante de despachante aduaneiro'),(17201,'342210','Despachante aduaneiro'),(17202,'342305','Chefe de serviço de transporte rodoviário (passageiros e cargas)'),(17203,'342310','Inspetor de serviços de transportes rodoviários (passageiros e cargas)'),(17204,'342315','Supervisor de carga e descarga'),(17205,'342405','Agente de estação (ferrovia e metrô)'),(17206,'342410','Operador de centro de controle (ferrovia e metrô)'),(17207,'342505','Controlador de tráfego aéreo'),(17208,'342510','Despachante operacional de vôo'),(17209,'342515','Fiscal de aviação civil (fac)'),(17210,'342520','Gerente da administração de aeroportos'),(17211,'342525','Gerente de empresa aérea em aeroportos'),(17212,'342530','Inspetor de aviação civil'),(17213,'342535','Operador de atendimento aeroviário'),(17214,'342540','Supervisor da administração de aeroportos'),(17215,'342545','Supervisor de empresa aérea em aeroportos'),(17216,'342605','Chefe de estação portuária'),(17217,'342610','Supervisor de operações portuárias'),(17218,'351105','Técnico de contabilidade'),(17219,'351110','Chefe de contabilidade (técnico)'),(17220,'351115','Consultor contábil (técnico)'),(17221,'351305','Técnico em administração'),(17222,'351310','Técnico em administração de comércio exterior'),(17223,'351315','Agente de recrutamento e seleção'),(17224,'351405','Escrevente'),(17225,'351410','Escrivão judicial'),(17226,'351415','Escrivão extra - judicial'),(17227,'351420','Escrivão de polícia'),(17228,'351425','Oficial de justiça'),(17229,'351430','Auxiliar de serviços jurídicos'),(17230,'351505','Técnico em secretariado'),(17231,'351510','Taquígrafo'),(17232,'351515','Estenotipista'),(17233,'351605','Técnico em segurança no trabalho'),(17234,'351705','Analista de seguros (técnico)'),(17235,'351710','Analista de sinistros'),(17236,'351715','Assistente comercial de seguros'),(17237,'351720','Assistente técnico de seguros'),(17238,'351725','Inspetor de risco'),(17239,'351730','Inspetor de sinistros'),(17240,'351735','Técnico de resseguros'),(17241,'351740','Técnico de seguros'),(17242,'351805','Detetive profissional'),(17243,'351810','Investigador de polícia'),(17244,'351815','Papiloscopista policial'),(17245,'352205','Agente de defesa ambiental'),(17246,'352210','Agente de saúde pública'),(17247,'352305','Metrologista'),(17248,'352310','Agente fiscal de qualidade'),(17249,'352315','Agente fiscal metrológico'),(17250,'352320','Agente fiscal têxtil'),(17251,'352405','Agente de direitos autorais'),(17252,'352410','Avaliador de produtos do meio de comunicação'),(17253,'352415','Ouvidor (ombudsman) do meio de comunicação'),(17254,'352420','Técnico em direitos autorais'),(17255,'353205','Técnico de operações e serviços bancários - câmbio'),(17256,'353210','Técnico de operações e serviços bancários - crédito imobiliário'),(17257,'353215','Técnico de operações e serviços bancários - crédito rural'),(17258,'353220','Técnico de operações e serviços bancários - leasing'),(17259,'353225','Técnico de operações e serviços bancários - renda fixa e variável'),(17260,'353230','Tesoureiro de banco'),(17261,'353235','Chefe de serviços bancários'),(17262,'354110','Agenciador de propaganda'),(17263,'354120','Agente de vendas de serviços'),(17264,'354125','Assistente de vendas'),(17265,'354130','Promotor de vendas especializado'),(17266,'354135','Técnico de vendas'),(17267,'354140','Técnico em atendimento e vendas'),(17268,'354145','Vendedor pracista'),(17269,'354205','Comprador'),(17270,'354210','Supervisor de compras'),(17271,'354305','Analista de exportação e importação'),(17272,'354405','Leiloeiro'),(17273,'354410','Avaliador de imóveis'),(17274,'354415','Avaliador de bens móveis'),(17275,'354505','Corretor de seguros'),(17276,'354605','Corretor de imóveis'),(17277,'354705','Representante comercial autônomo'),(17278,'354805','Técnico em turismo'),(17279,'354810','Operador de turismo'),(17280,'354815','Agente de viagem'),(17281,'354820','Organizador de evento'),(17282,'371105','Auxiliar de biblioteca'),(17283,'371110','Técnico em biblioteconomia'),(17284,'371205','Colecionador de selos e moedas'),(17285,'371210','Técnico em museologia'),(17286,'371305','Técnico em programação visual'),(17287,'371310','Técnico gráfico'),(17288,'371405','Recreador de acantonamento'),(17289,'371410','Recreador'),(17290,'372105','Diretor de fotografia'),(17291,'372110','Iluminador (televisão)'),(17292,'372115','Operador de câmera de televisão'),(17293,'372205','Operador de rede de teleprocessamento'),(17294,'372210','Radiotelegrafista'),(17295,'373105','Operador de áudio de continuidade (rádio)'),(17296,'373110','Operador de central de rádio'),(17297,'373115','Operador de externa (rádio)'),(17298,'373120','Operador de gravação de rádio'),(17299,'373125','Operador de transmissor de rádio'),(17300,'373205','Técnico em operação de equipamentos de produção para televisão  e produtoras de vídeo'),(17301,'373210','Técnico em operação de equipamento de exibição de televisão'),(17302,'373215','Técnico em operação de equipamentos de transmissão/recepção de televisão'),(17303,'373220','Supervisor técnico operacional de sistemas de televisão e produtoras de vídeo'),(17304,'374105','Técnico em gravação de áudio'),(17305,'374110','Técnico em instalação de equipamentos de áudio'),(17306,'374115','Técnico em masterização de áudio'),(17307,'374120','Projetista de som'),(17308,'374125','Técnico em sonorização'),(17309,'374130','Técnico em mixagem de áudio'),(17310,'374135','Projetista de sistemas de áudio'),(17311,'374140','Microfonista'),(17312,'374205','Cenotécnico (cinema, vídeo, televisão, teatro e espetáculos)'),(17313,'374210','Maquinista de cinema e vídeo'),(17314,'374215','Maquinista de teatro e espetáculos'),(17315,'374305','Operador de projetor cinematográfico'),(17316,'374310','Operador-mantenedor de projetor cinematográfico'),(17317,'374405','Editor de tv  e vídeo'),(17318,'374410','Finalizador de filmes'),(17319,'374415','Finalizador de vídeo'),(17320,'374420','Montador de filmes'),(17321,'375105','Designer de interiores'),(17322,'375110','Designer de vitrines'),(17323,'375115','Visual merchandiser'),(17324,'376105','Dançarino tradicional'),(17325,'376110','Dançarino popular'),(17326,'376205','Acrobata'),(17327,'376210','Artista aéreo'),(17328,'376215','Artista de circo (outros)'),(17329,'376220','Contorcionista'),(17330,'376225','Domador de animais (circense)'),(17331,'376230','Equilibrista'),(17332,'376235','Mágico'),(17333,'376240','Malabarista'),(17334,'376245','Palhaço'),(17335,'376250','Titeriteiro'),(17336,'376255','Trapezista'),(17337,'376305','Apresentador de eventos'),(17338,'376310','Apresentador de festas populares'),(17339,'376315','Apresentador de programas de rádio'),(17340,'376320','Apresentador de programas de televisão'),(17341,'376325','Apresentador de circo'),(17342,'376405','Modelo artístico'),(17343,'376410','Modelo de modas'),(17344,'376415','Modelo publicitário'),(17345,'377105','Atleta profissional (outras modalidades)'),(17346,'377110','Atleta profissional de futebol'),(17347,'377115','Atleta profissional de golfe'),(17348,'377120','Atleta profissional de luta'),(17349,'377125','Atleta profissional de tênis'),(17350,'377130','Jóquei'),(17351,'377135','Piloto de competição automobilística'),(17352,'377140','Profissional de atletismo'),(17353,'377145','Pugilista'),(17354,'377205','Árbitro desportivo'),(17355,'377210','Árbitro de atletismo'),(17356,'377215','Árbitro de basquete'),(17357,'377220','Árbitro de futebol'),(17358,'377225','Árbitro de futebol de salão'),(17359,'377230','Árbitro de judô'),(17360,'377235','Árbitro de karatê'),(17361,'377240','Árbitro de poló aquático'),(17362,'377245','Árbitro de vôlei'),(17363,'391105','Cronoanalista'),(17364,'391110','Cronometrista'),(17365,'391115','Controlador de entrada e saída'),(17366,'391120','Planejista'),(17367,'391125','Técnico de planejamento de produção'),(17368,'391130','Técnico de planejamento e programação da manutenção'),(17369,'391135','Técnico de matéria-prima e material'),(17370,'391205','Inspetor de qualidade'),(17371,'391210','Técnico de garantia da qualidade'),(17372,'391215','Operador de inspeção de qualidade'),(17373,'391220','Técnico de painel de controle'),(17374,'391225','Escolhedor de papel'),(17375,'391230','Técnico operacional de serviços de correios'),(17376,'395105','Técnico de apoio em pesquisa e desenvolvimento (exceto agropecuário e florestal)'),(17377,'395110','Técnico de apoio em pesquisa e desenvolvimento agropecuário florestal'),(17378,'410105','Supervisor administrativo'),(17379,'410205','Supervisor de almoxarifado'),(17380,'410210','Supervisor de câmbio'),(17381,'410215','Supervisor de contas a pagar'),(17382,'410220','Supervisor de controle patrimonial'),(17383,'410225','Supervisor de crédito e cobrança'),(17384,'410230','Supervisor de orçamento'),(17385,'410235','Supervisor de tesouraria'),(17386,'411005','Auxiliar de escritório, em geral'),(17387,'411010','Assistente administrativo'),(17388,'411015','Atendente de judiciário'),(17389,'411020','Auxiliar de judiciário'),(17390,'411025','Auxiliar de cartório'),(17391,'411030','Auxiliar de pessoal'),(17392,'411035','Auxiliar de estatística'),(17393,'411040','Auxiliar de seguros'),(17394,'411045','Auxiliar de serviços de importação e exportação'),(17395,'412105','Datilógrafo'),(17396,'412110','Digitador'),(17397,'412115','Operador de mensagens de telecomunicações (correios)'),(17398,'412120','Supervisor de digitação e operação'),(17399,'412205','Contínuo'),(17400,'413105','Analista de folha de pagamento'),(17401,'413110','Auxiliar de contabilidade'),(17402,'413115','Auxiliar de faturamento'),(17403,'413205','Atendente de agência'),(17404,'413210','Caixa de banco'),(17405,'413215','Compensador de banco'),(17406,'413220','Conferente de serviços bancários'),(17407,'413225','Escriturário de banco'),(17408,'413230','Operador de cobrança bancária'),(17409,'414105','Almoxarife'),(17410,'414110','Armazenista'),(17411,'414115','Balanceiro'),(17412,'414205','Apontador de mão-de-obra'),(17413,'414210','Apontador de produção'),(17414,'414215','Conferente de carga e descarga'),(17415,'415105','Arquivista de documentos'),(17416,'415115','Codificador de dados'),(17417,'415120','Fitotecário'),(17418,'415125','Kardexista'),(17419,'415130','Operador de máquina copiadora (exceto operador de gráfica rápida)'),(17420,'415205','Carteiro'),(17421,'415210','Operador de triagem e transbordo'),(17422,'420105','Supervisor de caixas e bilheteiros (exceto caixa de banco)'),(17423,'420110','Supervisor de cobrança'),(17424,'420115','Supervisor de coletadores de apostas e de jogos'),(17425,'420120','Supervisor de entrevistadores e recenseadores'),(17426,'420125','Supervisor de recepcionistas'),(17427,'420130','Supervisor de telefonistas'),(17428,'420135','Supervisor de telemarketing e atendimento'),(17429,'421105','Atendente comercial (agência postal)'),(17430,'421110','Bilheteiro de transportes coletivos'),(17431,'421115','Bilheteiro no serviço de diversões'),(17432,'421120','Emissor de passagens'),(17433,'421125','Operador de caixa'),(17434,'421205','Recebedor de apostas (loteria)'),(17435,'421210','Recebedor de apostas (turfe)'),(17436,'421305','Cobrador externo'),(17437,'421310','Cobrador interno'),(17438,'421315','Localizador (cobrador)'),(17439,'422105','Recepcionista, em geral'),(17440,'422110','Recepcionista de consultório médico ou dentário'),(17441,'422115','Recepcionista de seguro saúde'),(17442,'422120','Recepcionista de hotel'),(17443,'422125','Recepcionista de banco'),(17444,'422205','Telefonista'),(17445,'422210','Teleoperador'),(17446,'422215','Monitor de teleatendimento'),(17447,'422220','Operador de rádio-chamada'),(17448,'422305','Operador de telemarketing ativo'),(17449,'422310','Operador de telemarketing ativo e receptivo'),(17450,'422315','Operador de telemarketing receptivo'),(17451,'422320','Operador de telemarketing técnico'),(17452,'423105','Despachante documentalista'),(17453,'424105','Entrevistador censitário e de pesquisas amostrais'),(17454,'424110','Entrevistador de pesquisa de opinião e mídia'),(17455,'424115','Entrevistador de pesquisas de mercado'),(17456,'424120','Entrevistador de preços'),(17457,'424125','Escriturário  em  estatística'),(17458,'510105','Supervisor de transportes'),(17459,'510110','Administrador de edifícios'),(17460,'510115','Supervisor de andar'),(17461,'510120','Chefe de portaria de hotel'),(17462,'510125','Chefe de cozinha'),(17463,'510130','Chefe de bar'),(17464,'510135','Maître'),(17465,'510205','Supervisor de lavanderia'),(17466,'510305','Supervisor de bombeiros'),(17467,'510310','Supervisor de vigilantes'),(17468,'511105','Comissário de vôo'),(17469,'511110','Comissário de trem'),(17470,'511115','Taifeiro (exceto militares)'),(17471,'511205','Fiscal de transportes coletivos (exceto trem)'),(17472,'511210','Despachante de transportes coletivos (exceto trem)'),(17473,'511215','Cobrador de transportes coletivos (exceto trem)'),(17474,'511220','Bilheteiro (estações de metrô, ferroviárias e assemelhadas)'),(17475,'511405','Guia de turismo'),(17476,'512105','Empregado  doméstico  nos serviços gerais'),(17477,'512110','Empregado doméstico  arrumador'),(17478,'512115','Empregado doméstico  faxineiro'),(17479,'512120','Empregado doméstico diarista'),(17480,'513105','Mordomo de residência'),(17481,'513110','Mordomo de hotelaria'),(17482,'513115','Governanta de hotelaria'),(17483,'513205','Cozinheiro geral'),(17484,'513210','Cozinheiro do serviço doméstico'),(17485,'513215','Cozinheiro industrial'),(17486,'513220','Cozinheiro de hospital'),(17487,'513225','Cozinheiro de embarcações'),(17488,'513305','Camareira de teatro'),(17489,'513310','Camareira de televisão'),(17490,'513315','Camareiro  de hotel'),(17491,'513320','Camareiro de embarcações'),(17492,'513325','Guarda-roupeira de cinema'),(17493,'513405','Garçom'),(17494,'513410','Garçom (serviços de vinhos)'),(17495,'513415','Cumim'),(17496,'513420','Barman'),(17497,'513425','Copeiro'),(17498,'513430','Copeiro de hospital'),(17499,'513435','Atendente de lanchonete'),(17501,'513605','Churrasqueiro'),(17502,'513610','Pizzaiolo'),(17503,'513615','Sushiman'),(17504,'514105','Ascensorista'),(17505,'514110','Garagista'),(17506,'514115','Sacristão'),(17507,'514120','Zelador de edifício'),(17508,'514205','Coletor de lixo domiciliar'),(17509,'514215','Varredor de rua'),(17510,'514225','Trabalhador de serviços de limpeza e conservação de áreas públicas'),(17511,'514230','Coletor de resíduos sólidos de serviços de saúde'),(17512,'514305','Limpador de vidros'),(17513,'514310','Auxiliar de manutenção predial'),(17514,'514315','Limpador de fachadas'),(17515,'514320','Faxineiro'),(17516,'514325','Trabalhador da manutenção de edificações'),(17517,'514330','Limpador de piscinas'),(17518,'515105','Agente comunitário de saúde'),(17519,'515110','Atendente de enfermagem'),(17520,'515115','Parteira leiga'),(17521,'515120','Visitador sanitário'),(17522,'515205','Auxiliar de banco de sangue'),(17523,'515210','Auxiliar de farmácia de manipulação'),(17524,'515215','Auxiliar de laboratório de análises clínicas'),(17525,'515220','Auxiliar de laboratório de imunobiológicos'),(17526,'515225','Auxiliar de produção farmacêutica'),(17531,'516105','Barbeiro'),(17532,'516110','Cabeleireiro'),(17533,'516115','Esteticista'),(17534,'516120','Manicure'),(17535,'516125','Maquiador'),(17536,'516130','Maquiador de caracterização'),(17537,'516140','Pedicure'),(17538,'516205','Babá'),(17539,'516210','Cuidador de idosos'),(17540,'516215','Mãe social'),(17541,'516305','Lavadeiro, em geral'),(17542,'516310','Lavador de roupas  a maquina'),(17543,'516315','Lavador de artefatos de tapeçaria'),(17544,'516320','Limpador a seco, à máquina'),(17545,'516325','Passador de roupas em geral'),(17546,'516330','Tingidor de roupas'),(17547,'516335','Conferente-expedidor de roupas (lavanderias)'),(17548,'516340','Atendente de lavanderia'),(17549,'516345','Auxiliar de lavanderia'),(17550,'516405','Lavador de roupas'),(17551,'516410','Limpador de roupas a seco, à mão'),(17552,'516415','Passador de roupas, à mão'),(17553,'516505','Agente funerário'),(17554,'516605','Operador de forno (serviços funerários)'),(17555,'516610','Sepultador'),(17556,'516705','Astrólogo'),(17557,'516710','Numerólogo'),(17558,'516805','Esotérico'),(17559,'516810','Paranormal'),(17560,'517105','Bombeiro de aeródromo'),(17561,'517110','Bombeiro de segurança do trabalho'),(17562,'517115','Salva-vidas'),(17563,'517205','Agente de polícia federal'),(17564,'517210','Policial rodoviário federal'),(17565,'517215','Guarda-civil municipal'),(17566,'517220','Agente de trânsito'),(17567,'517305','Agente de proteção de aeroporto'),(17568,'517310','Agente de segurança'),(17569,'517315','Agente de segurança penitenciária'),(17570,'517320','Vigia florestal'),(17571,'517325','Vigia portuário'),(17572,'517330','Vigilante'),(17573,'517405','Porteiro (hotel)'),(17574,'517410','Porteiro de edifícios'),(17575,'517415','Porteiro de locais de diversão'),(17576,'517420','Vigia'),(17577,'519105','Ciclista mensageiro'),(17578,'519110','Motociclista no transporte de documentos e pequenos volumes'),(17579,'519205','Catador de material reciclável'),(17580,'519305','Auxiliar de veterinário'),(17581,'519310','Esteticista de animais domésticos'),(17582,'519315','Banhista de animais domésticos'),(17583,'519320','Tosador de animais domésticos'),(17584,'233205','Instrutor de aprendizagem e treinamento agropecuário'),(17585,'233210','Instrutor de aprendizagem e treinamento industrial'),(17586,'233215','Professor de aprendizagem e treinamento comercial'),(17587,'233220','Professor instrutor de ensino e aprendizagem agroflorestal'),(17588,'233225','Professor instrutor de ensino e aprendizagem em serviços'),(17589,'519905','Cartazeiro'),(17590,'519910','Controlador de pragas'),(17591,'519915','Engraxate'),(17592,'519920','Gandula'),(17593,'519925','Guardador de veículos'),(17594,'519930','Lavador de garrafas, vidros e outros utensílios'),(17595,'519935','Lavador de veículos'),(17596,'519940','Leiturista'),(17597,'519945','Recepcionista de casas de espetáculos'),(17598,'520105','Supervisor de vendas de serviços'),(17599,'520110','Supervisor de vendas comercial'),(17600,'521105','Vendedor em comércio atacadista'),(17601,'521110','Vendedor de comércio varejista'),(17602,'521115','Promotor de vendas'),(17603,'521120','Demonstrador de mercadorias'),(17604,'521125','Repositor de mercadorias'),(17605,'521130','Atendente de farmácia - balconista'),(17606,'521135','Frentista'),(17607,'523105','Instalador de cortinas e persianas, portas sanfonadas e boxe'),(17608,'523110','Instalador de som e acessórios de veículos'),(17609,'523115','Chaveiro'),(17610,'524105','Vendedor em domicílio'),(17611,'524205','Feirante'),(17612,'524210','Jornaleiro (em banca de jornal)'),(17613,'524215','Vendedor  permissionário'),(17614,'524305','Vendedor ambulante'),(17615,'524310','Pipoqueiro ambulante'),(17616,'611005','Produtor agropecuário, em geral'),(17617,'612005','Produtor agrícola polivalente'),(17618,'612105','Produtor de arroz'),(17619,'612110','Produtor de cana-de-açúcar'),(17620,'612115','Produtor de cereais de inverno'),(17621,'612120','Produtor de gramíneas forrageiras'),(17622,'612125','Produtor de milho e sorgo'),(17623,'612205','Produtor de algodão'),(17624,'612210','Produtor de curauá'),(17625,'612215','Produtor de juta'),(17626,'612220','Produtor de rami'),(17627,'612225','Produtor de sisal'),(17628,'612305','Produtor na olericultura de legumes'),(17629,'612310','Produtor na olericultura de raízes, bulbos e tubérculos'),(17630,'612315','Produtor na olericultura de talos, folhas e flores'),(17631,'612320','Produtor na olericultura de frutos e sementes'),(17632,'612405','Produtor de flores de corte'),(17633,'612410','Produtor de flores em vaso'),(17634,'612415','Produtor de forrações'),(17635,'612420','Produtor de plantas ornamentais'),(17636,'612505','Produtor de árvores frutíferas'),(17637,'612510','Produtor de espécies frutíferas rasteiras'),(17638,'612515','Produtor de espécies frutíferas trepadeiras'),(17639,'612605','Cafeicultor'),(17640,'612610','Produtor de cacau'),(17641,'612615','Produtor de erva-mate'),(17642,'612620','Produtor de fumo'),(17643,'612625','Produtor de guaraná'),(17644,'612705','Produtor da cultura de amendoim'),(17645,'612710','Produtor da cultura de canola'),(17646,'612715','Produtor da cultura de coco-da-baia'),(17647,'612720','Produtor da cultura de dendê'),(17648,'612725','Produtor da cultura de girassol'),(17649,'612730','Produtor da cultura de linho'),(17650,'612735','Produtor da cultura de mamona'),(17651,'612740','Produtor da cultura de soja'),(17652,'612805','Produtor de especiarias'),(17653,'612810','Produtor de plantas aromáticas e medicinais'),(17654,'613005','Criador em pecuária polivalente'),(17655,'613010','Criador de animais domésticos'),(17656,'613105','Criador de asininos e muares'),(17657,'613110','Criador de bovinos (corte)'),(17658,'613115','Criador de bovinos (leite)'),(17659,'613120','Criador de bubalinos (corte)'),(17660,'613125','Criador de bubalinos (leite)'),(17661,'613130','Criador de eqüínos'),(17662,'613205','Criador de caprinos'),(17663,'613210','Criador de ovinos'),(17664,'613215','Criador de suínos'),(17665,'613305','Avicultor'),(17666,'613310','Cunicultor'),(17667,'613405','Apicultor'),(17668,'613410','Criador de animais produtores de veneno'),(17669,'613415','Minhocultor'),(17670,'613420','Sericultor'),(17671,'620105','Supervisor de exploração agrícola'),(17672,'620110','Supervisor de exploração agropecuária'),(17673,'620115','Supervisor de exploração pecuária'),(17674,'621005','Trabalhador agropecuário em geral'),(17675,'622005','Caseiro (agricultura)'),(17676,'622010','Jardineiro'),(17677,'622015','Trabalhador na produção de mudas e sementes'),(17678,'622020','Trabalhador volante da agricultura'),(17679,'622105','Trabalhador da cultura de arroz'),(17680,'622110','Trabalhador da cultura de cana-de-açúcar'),(17681,'622115','Trabalhador da cultura de milho e sorgo'),(17682,'622120','Trabalhador da cultura de trigo, aveia, cevada e triticale'),(17683,'622205','Trabalhador da cultura de algodão'),(17684,'622210','Trabalhador da cultura de sisal'),(17685,'622215','Trabalhador da cultura do rami'),(17686,'622305','Trabalhador na olericultura (frutos e sementes)'),(17687,'622310','Trabalhador na olericultura (legumes)'),(17688,'622315','Trabalhador na olericultura (raízes, bulbos e tubérculos)'),(17689,'622320','Trabalhador na olericultura (talos, folhas e flores)'),(17690,'622405','Trabalhador no cultivo de flores e folhagens de corte'),(17691,'622410','Trabalhador no cultivo de flores em vaso'),(17692,'622415','Trabalhador no cultivo de forrações'),(17693,'622420','Trabalhador no cultivo de mudas'),(17694,'622425','Trabalhador no cultivo de plantas ornamentais'),(17695,'622505','Trabalhador no cultivo de árvores frutíferas'),(17696,'622510','Trabalhador no cultivo de espécies frutíferas rasteiras'),(17697,'622515','Trabalhador no cultivo de trepadeiras frutíferas'),(17698,'622605','Trabalhador da cultura de cacau'),(17699,'622610','Trabalhador da cultura de café'),(17700,'622615','Trabalhador da cultura de erva-mate'),(17701,'622620','Trabalhador da cultura de fumo'),(17702,'622625','Trabalhador da cultura de guaraná'),(17703,'622705','Trabalhador na cultura de amendoim'),(17704,'622710','Trabalhador na cultura de canola'),(17705,'622715','Trabalhador na cultura de coco-da-baía'),(17706,'622720','Trabalhador na cultura de dendê'),(17707,'622725','Trabalhador na cultura de mamona'),(17708,'622730','Trabalhador na cultura de soja'),(17709,'622735','Trabalhador na cultura do girassol'),(17710,'622740','Trabalhador na cultura do linho'),(17711,'622805','Trabalhador da cultura de especiarias'),(17712,'622810','Trabalhador da cultura de plantas aromáticas e medicinais'),(17713,'623005','Adestrador de animais'),(17714,'623010','Inseminador'),(17715,'623015','Trabalhador de pecuária polivalente'),(17716,'623020','Tratador de animais'),(17717,'623105','Trabalhador da pecuária (asininos e muares)'),(17718,'623110','Trabalhador da pecuária (bovinos corte)'),(17719,'623115','Trabalhador da pecuária (bovinos leite)'),(17720,'623120','Trabalhador da pecuária (bubalinos)'),(17721,'623125','Trabalhador da pecuária (eqüinos)'),(17722,'623205','Trabalhador da caprinocultura'),(17723,'623210','Trabalhador da ovinocultura'),(17724,'623215','Trabalhador da suinocultura'),(17725,'623305','Trabalhador da avicultura de corte'),(17726,'623310','Trabalhador da avicultura de postura'),(17727,'623315','Operador de incubadora'),(17728,'623320','Trabalhador da cunicultura'),(17729,'623325','Sexador'),(17730,'623405','Trabalhador em criatórios de animais produtores de veneno'),(17731,'623410','Trabalhador na apicultura'),(17732,'623415','Trabalhador na minhocultura'),(17733,'623420','Trabalhador na sericicultura'),(17734,'630105','Supervisor da aqüicultura'),(17735,'630110','Supervisor da área florestal'),(17736,'631005','Catador de caranguejos e siris'),(17737,'631010','Catador de mariscos'),(17738,'631015','Pescador artesanal de lagostas'),(17739,'631020','Pescador artesanal de peixes e camarões'),(17740,'631105','Pescador artesanal de água doce'),(17741,'631205','Pescador industrial'),(17742,'631210','Pescador profissional'),(17743,'631305','Criador de camarões'),(17744,'631310','Criador de jacarés'),(17745,'631315','Criador de mexilhões'),(17746,'631320','Criador de ostras'),(17747,'631325','Criador de peixes'),(17748,'631330','Criador de quelônios'),(17749,'631335','Criador de rãs'),(17750,'631405','Gelador industrial'),(17751,'631410','Gelador profissional'),(17752,'631415','Proeiro'),(17753,'631420','Redeiro (pesca)'),(17754,'632005','Guia florestal'),(17755,'632010','Raizeiro'),(17756,'632015','Viveirista florestal'),(17757,'632105','Classificador de toras'),(17758,'632110','Cubador de madeira'),(17759,'632115','Identificador florestal'),(17760,'632120','Operador de motosserra'),(17761,'632125','Trabalhador de extração florestal, em geral'),(17762,'632205','Seringueiro'),(17763,'632210','Trabalhador da exploração de espécies produtoras de gomas não elásticas'),(17764,'632215','Trabalhador da exploração de resinas'),(17765,'632305','Trabalhador da exploração de andiroba'),(17766,'632310','Trabalhador da exploração de babaçu'),(17767,'632315','Trabalhador da exploração de bacaba'),(17768,'632320','Trabalhador da exploração de buriti'),(17769,'632325','Trabalhador da exploração de carnaúba'),(17770,'632330','Trabalhador da exploração de coco-da-praia'),(17771,'632335','Trabalhador da exploração de copaíba'),(17772,'632340','Trabalhador da exploração de malva (pãina)'),(17773,'632345','Trabalhador da exploração de murumuru'),(17774,'632350','Trabalhador da exploração de oiticica'),(17775,'632355','Trabalhador da exploração de ouricuri'),(17776,'632360','Trabalhador da exploração de pequi'),(17777,'632365','Trabalhador da exploração de piaçava'),(17778,'632370','Trabalhador da exploração de tucum'),(17779,'632405','Trabalhador da exploração de açaí'),(17780,'632410','Trabalhador da exploração de castanha'),(17781,'632415','Trabalhador da exploração de pinhão'),(17782,'632420','Trabalhador da exploração de pupunha'),(17783,'632505','Trabalhador da exploração de árvores e arbustos produtores de substâncias aromát., Medic. E tóxicas'),(17784,'632510','Trabalhador da exploração de cipós produtores de substâncias aromáticas, medicinais e tóxicas'),(17785,'632515','Trabalhador da exploração de madeiras tanantes'),(17786,'632520','Trabalhador da exploração de raízes produtoras de substâncias aromáticas, medicinais e tóxicas'),(17787,'632525','Trabalhador da extração de substâncias aromáticas, medicinais e tóxicas, em geral'),(17788,'632605','Carvoeiro'),(17789,'632610','Carbonizador'),(17790,'632615','Ajudante de carvoaria'),(17791,'641005','Operador de colheitadeira'),(17792,'641010','Operador de máquinas de beneficiamento de produtos agrícolas'),(17793,'641015','Tratorista agrícola'),(17794,'642005','Operador de colhedor florestal'),(17795,'642010','Operador de máquinas florestais estáticas'),(17796,'642015','Operador de trator florestal'),(17797,'643005','Trabalhador na operação de sistema de irrigação localizada (microaspersão e gotejamento)'),(17798,'643010','Trabalhador na operação de sistema de irrigação por aspersão (pivô central)'),(17799,'643015','Trabalhador na operação de sistemas convencionais de irrigação por aspersão'),(17800,'643020','Trabalhador na operação de sistemas de irrigação e aspersão (alto propelido)'),(17801,'643025','Trabalhador na operação de sistemas de irrigação por superfície e drenagem'),(17802,'710105','Supervisor de apoio operacional na mineração'),(17803,'710110','Supervisor de extração de sal'),(17804,'710115','Supervisor de perfuração e desmonte'),(17805,'710120','Supervisor de produção na mineração'),(17806,'710125','Supervisor de transporte na mineração'),(17807,'710205','Mestre (construção civil)'),(17808,'710210','Mestre de linhas (ferrovias)'),(17809,'710215','Inspetor de terraplenagem'),(17810,'710220','Supervisor de usina de concreto'),(17811,'710225','Fiscal de pátio de usina de concreto'),(17812,'711105','Amostrador de minérios'),(17813,'711110','Canteiro'),(17814,'711115','Destroçador de pedra'),(17815,'711120','Detonador'),(17816,'711125','Escorador de minas'),(17817,'711130','Mineiro'),(17818,'711205','Operador de caminhão (minas e pedreiras)'),(17819,'711210','Operador de carregadeira'),(17820,'711215','Operador de máquina cortadora (minas e pedreiras)'),(17821,'711220','Operador de máquina de extração contínua (minas de carvão)'),(17822,'711225','Operador de máquina perfuradora (minas e pedreiras)'),(17823,'711230','Operador de máquina perfuratriz'),(17824,'711235','Operador de motoniveladora (extração de minerais sólidos)'),(17825,'711240','Operador de schutthecar'),(17826,'711245','Operador de trator (minas e pedreiras)'),(17827,'711305','Operador de sonda de percussão'),(17828,'711310','Operador de sonda rotativa'),(17829,'711315','Sondador (poços de petróleo e gás)'),(17830,'711320','Sondador de poços (exceto de petróleo e gás)'),(17831,'711325','Plataformista (petróleo)'),(17832,'711330','Torrista (petróleo)'),(17833,'711405','Garimpeiro'),(17834,'711410','Operador de salina (sal marinho)'),(17835,'712105','Moleiro de minérios'),(17836,'712110','Operador de aparelho de flotação'),(17837,'712115','Operador de aparelho de precipitação (minas de ouro ou prata)'),(17838,'712120','Operador de britador de mandíbulas'),(17839,'712125','Operador de espessador'),(17840,'712130','Operador de jig (minas)'),(17841,'712135','Operador de peneiras hidráulicas'),(17842,'712205','Cortador de pedras'),(17843,'712210','Gravador de inscrições em pedra'),(17844,'712215','Gravador de relevos em pedra'),(17845,'712220','Polidor de pedras'),(17846,'712225','Torneiro (lavra de pedra)'),(17847,'712230','Traçador de pedras'),(17848,'715105','Operador de bate-estacas'),(17849,'715110','Operador de compactadora de solos'),(17850,'715115','Operador de escavadeira'),(17851,'715120','Operador de máquina de abrir valas'),(17852,'715125','Operador de máquinas de construção civil e mineração'),(17853,'715130','Operador de motoniveladora'),(17854,'715135','Operador de pá carregadeira'),(17855,'715140','Operador de pavimentadora (asfalto, concreto e materiais similares)'),(17856,'715145','Operador de trator de lâmina'),(17857,'715205','Calceteiro'),(17858,'715210','Pedreiro'),(17859,'715215','Pedreiro (chaminés industriais)'),(17860,'715220','Pedreiro (material refratário)'),(17861,'715225','Pedreiro (mineração)'),(17862,'715230','Pedreiro de edificações'),(17863,'715305','Armador de estrutura de concreto'),(17864,'715310','Moldador de corpos de prova em usinas de concreto'),(17865,'715315','Armador de estrutura de concreto armado'),(17866,'715405','Operador de betoneira'),(17867,'715410','Operador de bomba de concreto'),(17868,'715415','Operador de central de concreto'),(17869,'715505','Carpinteiro'),(17870,'715510','Carpinteiro (esquadrias)'),(17871,'715515','Carpinteiro (cenários)'),(17872,'715520','Carpinteiro (mineração)'),(17873,'715525','Carpinteiro de obras'),(17874,'715530','Carpinteiro (telhados)'),(17875,'715535','Carpinteiro de fôrmas para concreto'),(17876,'715540','Carpinteiro de obras civis de arte (pontes, túneis, barragens)'),(17877,'715545','Montador de andaimes (edificações)'),(17878,'715605','Eletricista de instalações (cenários)'),(17879,'715610','Eletricista de instalações (edifícios)'),(17880,'715615','Eletricista de instalações'),(17881,'715705','Aplicador de asfalto impermeabilizante (coberturas)'),(17882,'715710','Instalador de isolantes acústicos'),(17883,'715715','Instalador de isolantes térmicos (refrigeração e climatização)'),(17884,'715720','Instalador de isolantes térmicos de caldeira e tubulações'),(17885,'715725','Instalador de material isolante, a mão (edificações)'),(17886,'715730','Instalador de material isolante, a máquina (edificações)'),(17887,'716105','Acabador de superfícies de concreto'),(17888,'716110','Revestidor de superfícies de concreto'),(17889,'716205','Telhador (telhas de argila e materias similares)'),(17890,'716210','Telhador (telhas de cimento-amianto)'),(17891,'716215','Telhador (telhas metálicas)'),(17892,'716220','Telhador (telhas pláticas)'),(17893,'716305','Vidraceiro'),(17894,'716310','Vidraceiro (edificações)'),(17895,'716315','Vidraceiro (vitrais)'),(17896,'716405','Gesseiro'),(17897,'716505','Assoalhador'),(17898,'716510','Ladrilheiro'),(17899,'716515','Pastilheiro'),(17900,'716520','Lustrador de piso'),(17901,'716525','Marmorista (construção)'),(17902,'716530','Mosaísta'),(17903,'716535','Taqueiro'),(17904,'716605','Calafetador'),(17905,'716610','Pintor de obras'),(17906,'716615','Revestidor de interiores (papel, material plástico e emborrachados)'),(17907,'717005','Demolidor de edificações'),(17908,'717010','Operador de martelete'),(17909,'717015','Poceiro (edificações)'),(17910,'717020','Servente de obras'),(17911,'717025','Vibradorista'),(17912,'720105','Mestre (afiador de ferramentas)'),(17913,'720110','Mestre de caldeiraria'),(17914,'720115','Mestre de ferramentaria'),(17915,'720120','Mestre de forjaria'),(17916,'720125','Mestre de fundição'),(17917,'720130','Mestre de galvanoplastia'),(17918,'720135','Mestre de pintura (tratamento de superfícies)'),(17919,'720140','Mestre de soldagem'),(17920,'720145','Mestre de trefilação de metais'),(17921,'720150','Mestre de usinagem'),(17922,'720155','Mestre serralheiro'),(17923,'720160','Supervisor de controle de tratamento térmico'),(17924,'720205','Mestre (construção naval)'),(17925,'720210','Mestre (indústria de automotores e material de transportes)'),(17926,'720215','Mestre (indústria de máquinas e outros equipamentos mecânicos)'),(17927,'720220','Mestre de construção de fornos'),(17928,'721105','Ferramenteiro'),(17929,'721110','Ferramenteiro de mandris, calibradores e outros dispositivos'),(17930,'721115','Modelador de metais (fundição)'),(17931,'721205','Operador de máquina de eletroerosão'),(17932,'721210','Operador de máquinas operatrizes'),(17933,'721215','Operador de máquinas-ferramenta convencionais'),(17934,'721220','Operador de usinagem convencional por abrasão'),(17935,'721225','Preparador de máquinas-ferramenta'),(17936,'721305','Afiador de cardas'),(17937,'721310','Afiador de cutelaria'),(17938,'721315','Afiador de ferramentas'),(17939,'721320','Afiador de serras'),(17940,'721325','Polidor de metais'),(17941,'721405','Operador de centro de usinagem com comando numérico'),(17942,'721410','Operador de fresadora com comando numérico'),(17943,'721415','Operador de mandriladora com comando numérico'),(17944,'721420','Operador de máquina eletroerosão, à fio, com comando numérico'),(17945,'721425','Operador de retificadora com comando numérico'),(17946,'721430','Operador de torno com comando numérico'),(17947,'722105','Forjador'),(17948,'722110','Forjador a martelo'),(17949,'722115','Forjador prensista'),(17950,'722205','Fundidor de metais'),(17951,'722210','Lingotador'),(17952,'722215','Operador de acabamento de peças fundidas'),(17953,'722220','Operador de máquina centrifugadora de fundição'),(17954,'722225','Operador de máquina de fundir sob pressão'),(17955,'722230','Operador de vazamento (lingotamento)'),(17956,'722235','Preparador de panelas (lingotamento)'),(17957,'722305','Macheiro, a mão'),(17958,'722310','Macheiro, a  máquina'),(17959,'722315','Moldador, a  mão'),(17960,'722320','Moldador, a  máquina'),(17961,'722325','Operador de equipamentos de preparação de areia'),(17962,'722330','Operador de máquina de moldar automatizada'),(17963,'722405','Cableador'),(17964,'722410','Estirador de tubos de metal sem costura'),(17965,'722415','Trefilador de metais, à máquina'),(17966,'723105','Cementador de metais'),(17967,'723110','Normalizador de metais e de compósitos'),(17968,'723115','Operador de equipamento para resfriamento'),(17969,'723120','Operador de forno de tratamento térmico de metais'),(17970,'723125','Temperador de metais e de compósitos'),(17971,'723205','Decapador'),(17972,'723210','Fosfatizador'),(17973,'723215','Galvanizador'),(17974,'723220','Metalizador a pistola'),(17975,'723225','Metalizador (banho quente)'),(17976,'723230','Operador de máquina recobridora de arame'),(17977,'723235','Operador de zincagem (processo eletrolítico)'),(17978,'723240','Oxidador'),(17979,'723305','Operador de equipamento de secagem de pintura'),(17980,'723310','Pintor a pincel e rolo (exceto obras e estruturas metálicas)'),(17981,'723315','Pintor de estruturas metálicas'),(17982,'723320','Pintor de veículos (fabricação)'),(17983,'723325','Pintor por imersão'),(17984,'723330','Pintor, a  pistola (exceto obras e estruturas metálicas)'),(17985,'724105','Assentador de canalização (edificações)'),(17986,'724110','Encanador'),(17987,'724115','Instalador de tubulações'),(17988,'724120','Instalador de tubulações (aeronaves)'),(17989,'724125','Instalador de tubulações (embarcações)'),(17990,'724130','Instalador de tubulações de gás combustível (produção e distribuição)'),(17991,'724135','Instalador de tubulações de vapor (produção e distribuição)'),(17992,'724205','Montador de estruturas metálicas'),(17993,'724210','Montador de estruturas metálicas de embarcações'),(17994,'724215','Rebitador a  martelo pneumático'),(17995,'724220','Preparador de estruturas metálicas'),(17996,'724225','Riscador de estruturas metálicas'),(17997,'724230','Rebitador, a  mão'),(17998,'724305','Brasador'),(17999,'724310','Oxicortador a mão e a  máquina'),(18000,'724315','Soldador'),(18001,'724320','Soldador a  oxigás'),(18002,'724325','Soldador elétrico'),(18003,'724405','Caldeireiro (chapas de cobre)'),(18004,'724410','Caldeireiro (chapas de ferro e aço)'),(18005,'724415','Chapeador'),(18006,'724420','Chapeador de carrocerias metálicas (fabricação)'),(18007,'724425','Chapeador naval'),(18008,'724430','Chapeador de aeronaves'),(18009,'724435','Funileiro industrial'),(18010,'724440','Serralheiro'),(18011,'724505','Operador de máquina de cilindrar chapas'),(18012,'724510','Operador de máquina de dobrar chapas'),(18013,'724515','Prensista (operador de prensa)'),(18014,'724605','Operador de laços de cabos de aço'),(18015,'724610','Trançador de cabos de aço'),(18016,'725005','Ajustador ferramenteiro'),(18017,'725010','Ajustador mecânico'),(18018,'725015','Ajustador mecânico (usinagem em bancada e em máquinas-ferramentas)'),(18019,'725020','Ajustador mecânico em bancada'),(18020,'725025','Ajustador naval (reparo e construção)'),(18021,'725105','Montador de máquinas, motores e acessórios (montagem em série)'),(18022,'725205','Montador de máquinas'),(18023,'725210','Montador de máquinas gráficas'),(18024,'725215','Montador de máquinas operatrizes para madeira'),(18025,'725220','Montador de máquinas têxteis'),(18026,'725225','Montador de máquinas-ferramentas (usinagem de metais)'),(18027,'725305','Montador de equipamento de levantamento'),(18028,'725310','Montador de máquinas agrícolas'),(18029,'725315','Montador de máquinas de minas e pedreiras'),(18030,'725320','Montador de máquinas de terraplenagem'),(18031,'725405','Mecânico montador de motores de aeronaves'),(18032,'725410','Mecânico montador de motores de embarcações'),(18033,'725415','Mecânico montador de motores de explosão e diesel'),(18034,'725420','Mecânico montador de turboalimentadores'),(18035,'725505','Montador de veículos (linha de montagem)'),(18036,'725510','Operador de time de montagem'),(18037,'725605','Montador de estruturas de aeronaves'),(18038,'725610','Montador de sistemas de combustível de aeronaves'),(18039,'725705','Mecânico de refrigeração'),(18040,'730105','Supervisor de montagem e instalação eletroeletrônica'),(18041,'731105','Montador de equipamentos eletrônicos (aparelhos médicos)'),(18042,'731110','Montador de equipamentos eletrônicos (computadores e equipamentos auxiliares)'),(18043,'731115','Montador de equipamentos elétricos (instrumentos de medição)'),(18044,'731120','Montador de equipamentos elétricos (aparelhos eletrodomésticos)'),(18045,'731125','Montador de equipamentos elétricos (centrais elétricas)'),(18046,'731130','Montador de equipamentos elétricos (motores e dínamos)'),(18047,'731135','Montador de equipamentos elétricos'),(18048,'731140','Montador de equipamentos eletrônicos (instalações de sinalização)'),(18049,'731145','Montador de equipamentos eletrônicos (máquinas industriais)'),(18050,'731150','Montador de equipamentos eletrônicos'),(18051,'731155','Montador de equipamentos elétricos (elevadores e equipamentos similares)'),(18052,'731160','Montador de equipamentos elétricos (transformadores)'),(18053,'731165','Bobinador eletricista, à mão'),(18054,'731170','Bobinador eletricista, à máquina'),(18055,'731175','Operador de linha de montagem (aparelhos elétricos)'),(18056,'731180','Operador de linha de montagem (aparelhos eletrônicos)'),(18057,'731205','Montador de equipamentos eletrônicos (estação de rádio, tv e equipamentos de radar)'),(18058,'731305','Instalador-reparador de equipamentos de comutação em telefonia'),(18059,'731310','Instalador-reparador de equipamentos de energia em telefonia'),(18060,'731315','Instalador-reparador de equipamentos de transmissão em telefonia'),(18061,'731320','Instalador-reparador de linhas e aparelhos de telecomunicações'),(18062,'731325','Instalador-reparador de redes e cabos telefônicos'),(18063,'731330','Reparador de aparelhos de telecomunicações em laboratório'),(18064,'732105','Eletricista de manutenção de linhas elétricas, telefônicas e de comunicação de dados'),(18065,'732110','Emendador de cabos elétricos e telefônicos (aéreos e subterrâneos)'),(18066,'732115','Examinador de cabos, linhas elétricas e telefônicas'),(18067,'732120','Instalador de linhas elétricas de alta e baixa - tensão (rede aérea e subterrânea)'),(18068,'732125','Instalador eletricista (tração de veículos)'),(18069,'732130','Instalador-reparador de redes telefônicas e de comunicação de dados'),(18070,'732135','Ligador de linhas telefônicas'),(18071,'740105','Supervisor da mecânica de precisão'),(18072,'740110','Supervisor de fabricação de instrumentos musicais'),(18073,'741105','Ajustador de instrumentos de precisão'),(18074,'741110','Montador de instrumentos de óptica'),(18075,'741115','Montador de instrumentos de precisão'),(18076,'741120','Relojoeiro (fabricação)'),(18077,'741125','Relojoeiro (reparação)'),(18078,'742105','Afinador de instrumentos musicais'),(18079,'742110','Confeccionador de acordeão'),(18080,'742115','Confeccionador de instrumentos de corda'),(18081,'742120','Confeccionador de instrumentos de percussão (pele, couro ou plástico)'),(18082,'742125','Confeccionador de instrumentos de sopro (madeira)'),(18083,'742130','Confeccionador de instrumentos de sopro (metal)'),(18084,'742135','Confeccionador de órgão'),(18085,'742140','Confeccionador de piano'),(18086,'750105','Supervisor de joalheria'),(18087,'750205','Supervisor da indústria de minerais não metálicos (exceto os derivados de petróleo e carvão)'),(18088,'751005','Engastador (jóias)'),(18089,'751010','Joalheiro'),(18090,'751015','Joalheiro (reparações)'),(18091,'751020','Lapidador (jóias)'),(18092,'751105','Bate-folha a  máquina'),(18093,'751110','Fundidor (joalheria e ourivesaria)'),(18094,'751115','Gravador (joalheria e ourivesaria)'),(18095,'751120','Laminador de metais preciosos a  mão'),(18096,'751125','Ourives'),(18097,'751130','Trefilador (joalheria e ourivesaria)'),(18098,'752105','Artesão modelador (vidros)'),(18099,'752110','Moldador (vidros)'),(18100,'752115','Soprador de vidro'),(18101,'752120','Transformador de tubos de vidro'),(18102,'752205','Aplicador serigráfico em vidros'),(18103,'752210','Cortador de vidro'),(18104,'752215','Gravador de vidro a  água-forte'),(18105,'752220','Gravador de vidro a  esmeril'),(18106,'752225','Gravador de vidro a  jato de areia'),(18107,'752230','Lapidador de vidros e cristais'),(18108,'752235','Surfassagista'),(18109,'752305','Ceramista'),(18110,'752310','Ceramista (torno de pedal e motor)'),(18111,'752315','Ceramista (torno semi-automático)'),(18112,'752320','Ceramista modelador'),(18113,'752325','Ceramista moldador'),(18114,'752330','Ceramista prensador'),(18115,'752405','Decorador de cerâmica'),(18116,'752410','Decorador de vidro'),(18117,'752415','Decorador de vidro à pincel'),(18118,'752420','Operador de esmaltadeira'),(18119,'752425','Operador de espelhamento'),(18120,'752430','Pintor de cerâmica, a  pincel'),(18121,'760105','Contramestre de acabamento (indústria têxtil)'),(18122,'760110','Contramestre de fiação (indústria têxtil)'),(18123,'760115','Contramestre de malharia (indústria têxtil)'),(18124,'760120','Contramestre de tecelagem (indústria têxtil)'),(18125,'760125','Mestre (indústria têxtil e de confecções)'),(18126,'760205','Supervisor de curtimento'),(18127,'760305','Encarregado de corte na confecção do vestuário'),(18128,'760310','Encarregado de costura na confecção do vestuário'),(18129,'760405','Supervisor  (indústria de calçados e artefatos de couro)'),(18130,'760505','Supervisor da confecção de artefatos de tecidos, couros e afins'),(18131,'760605','Supervisor das artes gráficas  (indústria editorial e gráfica)'),(18132,'761005','Operador polivalente da indústria têxtil'),(18133,'761105','Classificador de fibras têxteis'),(18134,'761110','Lavador de lã'),(18135,'761205','Operador de abertura (fiação)'),(18136,'761210','Operador de binadeira'),(18137,'761215','Operador de bobinadeira'),(18138,'761220','Operador de cardas'),(18139,'761225','Operador de conicaleira'),(18140,'761230','Operador de filatório'),(18141,'761235','Operador de laminadeira e reunideira'),(18142,'761240','Operador de maçaroqueira'),(18143,'761245','Operador de open-end'),(18144,'761250','Operador de passador (fiação)'),(18145,'761255','Operador de penteadeira'),(18146,'761260','Operador de retorcedeira'),(18147,'761303','Tecelão (redes)'),(18148,'761306','Tecelão (rendas e bordados)'),(18149,'761309','Tecelão (tear automático)'),(18150,'761312','Tecelão (tear jacquard)'),(18151,'761315','Tecelão (tear mecânico de maquineta)'),(18152,'761318','Tecelão (tear mecânico de xadrez)'),(18153,'761321','Tecelão (tear mecânico liso)'),(18154,'761324','Tecelão (tear mecânico, exceto jacquard)'),(18155,'761327','Tecelão de malhas, a  máquina'),(18156,'761330','Tecelão de malhas (máquina circular)'),(18157,'761333','Tecelão de malhas (máquina retilínea)'),(18158,'761336','Tecelão de meias, a  máquina'),(18159,'761339','Tecelão de meias (máquina circular)'),(18160,'761342','Tecelão de meias (máquina retilínea)'),(18161,'761345','Tecelão de tapetes, a  máquina'),(18162,'761348','Operador de engomadeira de urdume'),(18163,'761351','Operador de espuladeira'),(18164,'761354','Operador de máquina de cordoalha'),(18165,'761357','Operador de urdideira'),(18166,'761360','Passamaneiro a  máquina'),(18167,'761363','Remetedor de fios'),(18168,'761366','Picotador de cartões jacquard'),(18169,'761405','Alvejador (tecidos)'),(18170,'761410','Estampador de tecido'),(18171,'761415','Operador de calandras (tecidos)'),(18172,'761420','Operador de chamuscadeira de tecidos'),(18173,'761425','Operador de impermeabilizador de tecidos'),(18174,'761430','Operador de máquina de lavar fios e tecidos'),(18175,'761435','Operador de rameuse'),(18176,'761805','Inspetor de estamparia (produção têxtil)'),(18177,'761810','Revisor de fios (produção têxtil)'),(18178,'761815','Revisor de tecidos acabados'),(18179,'761820','Revisor de tecidos crus'),(18180,'762005','Trabalhador polivalente do curtimento de couros e peles'),(18181,'762105','Classificador de peles'),(18182,'762110','Descarnador de couros e peles, à maquina'),(18183,'762115','Estirador de couros e peles (preparação)'),(18184,'762120','Fuloneiro'),(18185,'762125','Rachador de couros e peles'),(18186,'762205','Curtidor (couros e peles)'),(18187,'762210','Classificador de couros'),(18188,'762215','Enxugador de couros'),(18189,'762220','Rebaixador de couros'),(18190,'762305','Estirador de couros e peles (acabamento)'),(18191,'762310','Fuloneiro no acabamento de couros e peles'),(18192,'762315','Lixador de couros e peles'),(18193,'762320','Matizador de couros e peles'),(18194,'762325','Operador de máquinas do acabamento de couros e peles'),(18195,'762330','Prensador de couros e peles'),(18196,'762335','Palecionador de couros e peles'),(18197,'762340','Preparador de couros curtidos'),(18198,'762345','Vaqueador de couros e peles'),(18199,'763005','Alfaiate'),(18200,'763010','Costureira de peças sob encomenda'),(18201,'763015','Costureira de reparação de roupas'),(18202,'763020','Costureiro de roupa de couro e pele'),(18203,'763105','Auxiliar de corte (preparação da confecção de roupas)'),(18204,'763110','Cortador de roupas'),(18205,'763115','Enfestador de roupas'),(18206,'763120','Riscador de roupas'),(18207,'763125','Ajudante de confecção'),(18208,'763205','Costureiro de roupas de couro e pele, a  máquina na  confecção em série'),(18209,'763210','Costureiro na confecção em série'),(18210,'763215','Costureiro, a  máquina  na confecção em série'),(18211,'763305','Arrematadeira'),(18212,'763310','Bordador, à máquina'),(18213,'763315','Marcador de peças confeccionadas para bordar'),(18214,'763320','Operador de máquina de costura de acabamento'),(18215,'763325','Passadeira de peças confeccionadas'),(18216,'764005','Trabalhador polivalente da confecção de calçados'),(18217,'764105','Cortador de calçados, a  máquina (exceto solas e palmilhas)'),(18218,'764110','Cortador de solas e palmilhas, a  máquina'),(18219,'764115','Preparador de calçados'),(18220,'764120','Preparador de solas e palmilhas'),(18221,'764205','Costurador de calçados, a  máquina'),(18222,'764210','Montador de calçados'),(18223,'764305','Acabador de calçados'),(18224,'765005','Confeccionador de artefatos de couro (exceto sapatos)'),(18225,'765010','Chapeleiro de senhoras'),(18226,'765015','Boneleiro'),(18227,'765105','Cortador de artefatos de couro (exceto roupas e calçados)'),(18228,'765110','Cortador de tapeçaria'),(18229,'765205','Colchoeiro (confecção de colchões)'),(18230,'765215','Confeccionador de brinquedos de pano'),(18231,'765225','Confeccionador de velas náuticas, barracas e toldos'),(18232,'765230','Estofador de aviões'),(18233,'765235','Estofador de móveis'),(18234,'765310','Costurador de artefatos de couro, a  máquina (exceto roupas e calçados)'),(18235,'765315','Montador de artefatos de couro (exceto roupas e calçados)'),(18236,'765405','Trabalhador do acabamento de artefatos de tecidos e couros'),(18237,'766105','Copiador de chapa'),(18238,'766115','Gravador de matriz para flexografia (clicherista)'),(18239,'766120','Editor de texto e imagem'),(18240,'766125','Montador de fotolito (analógico e digital)'),(18241,'766130','Gravador de matriz para rotogravura (eletromecânico e químico)'),(18242,'766135','Gravador de matriz calcográfica'),(18243,'766140','Gravador de matriz serigráfica'),(18244,'766145','Operador de sistemas de prova (analógico e digital)'),(18245,'766150','Operador de processo de tratamento de imagem'),(18246,'766155','Programador visual gráfico'),(18247,'766205','Impressor (serigrafia)'),(18248,'766210','Impressor calcográfico'),(18249,'766215','Impressor de ofsete (plano e rotativo)'),(18250,'766220','Impressor de rotativa'),(18251,'766225','Impressor de rotogravura'),(18252,'766230','Impressor digital'),(18253,'766235','Impressor flexográfico'),(18254,'766240','Impressor letterset'),(18255,'766245','Impressor tampográfico'),(18256,'766250','Impressor tipográfico'),(18257,'766305','Acabador de embalagens (flexíveis e cartotécnicas)'),(18258,'766310','Impressor de corte e vinco'),(18259,'766315','Operador de acabamento (indústria gráfica)'),(18260,'766320','Operador de guilhotina (corte de papel)'),(18261,'766325','Preparador de matrizes de corte e vinco'),(18262,'766405','Laboratorista fotográfico'),(18263,'766410','Revelador de filmes fotográficos, em preto e branco'),(18264,'766415','Revelador de filmes fotográficos, em cores'),(18265,'766420','Auxiliar de radiologia (revelação fotográfica)'),(18266,'768105','Tecelão (tear manual)'),(18267,'768110','Tecelão de tapetes, a  mão'),(18268,'768115','Tricoteiro, à mão'),(18269,'768120','Redeiro'),(18270,'768125','Chapeleiro (chapéus de palha)'),(18271,'768130','Crocheteiro, a  mão'),(18272,'768205','Bordador, a  mão'),(18273,'768210','Cerzidor'),(18274,'768305','Artífice do couro'),(18275,'768310','Cortador de calçados, a  mão (exceto solas)'),(18276,'768315','Costurador de artefatos de couro, a  mão (exceto roupas e calçados)'),(18277,'768320','Sapateiro (calçados sob medida)'),(18278,'768325','Seleiro'),(18279,'768605','Tipógrafo'),(18280,'768610','Linotipista'),(18281,'768615','Monotipista'),(18282,'768620','Paginador'),(18283,'768625','Pintor de letreiros'),(18284,'768630','Confeccionador de carimbos de borracha'),(18285,'768705','Gravador, à mão (encadernação)'),(18286,'768710','Restaurador de livros'),(18287,'770105','Mestre (indústria de madeira e mobiliário)'),(18288,'770110','Mestre carpinteiro'),(18289,'771105','Marceneiro'),(18290,'771110','Modelador de madeira'),(18291,'771115','Maquetista na marcenaria'),(18292,'771120','Tanoeiro'),(18293,'772105','Classificador de madeira'),(18294,'772110','Impregnador de madeira'),(18295,'772115','Secador de madeira'),(18296,'773105','Cortador de laminados de madeira'),(18297,'773110','Operador de serras no desdobramento de madeira'),(18298,'773115','Serrador de bordas no desdobramento de madeira'),(18299,'773120','Serrador de madeira'),(18300,'773125','Serrador de madeira (serra circular múltipla)'),(18301,'773130','Serrador de madeira (serra de fita múltipla)'),(18302,'773205','Operador de máquina intercaladora e placas (compensados)'),(18303,'773210','Prensista de aglomerados'),(18304,'773215','Prensista de compensados'),(18305,'773220','Preparador de aglomerantes'),(18306,'773305','Operador de desempenadeira na usinagem convencional de madeira'),(18307,'773310','Operador de entalhadeira (usinagem de madeira)'),(18308,'773315','Operador de fresadora (usinagem de madeira)'),(18309,'773320','Operador de lixadeira (usinagem de madeira)'),(18310,'773325','Operador de máquina de usinagem madeira, em geral'),(18311,'773330','Operador de molduradora (usinagem de madeira)'),(18312,'773335','Operador de plaina desengrossadeira'),(18313,'773340','Operador de serras (usinagem de madeira)'),(18314,'773345','Operador de torno automático (usinagem de madeira)'),(18315,'773350','Operador de tupia (usinagem de madeira)'),(18316,'773355','Torneiro na usinagem convencional de madeira'),(18317,'773405','Operador de máquina bordatriz'),(18318,'773410','Operador de máquina de cortina d´água (produção de móveis)'),(18319,'773415','Operador de máquina de usinagem de madeira (produção em série)'),(18320,'773420','Operador de prensa de alta freqüência na usinagem de madeira'),(18321,'773505','Operador de centro de usinagem de madeira (cnc)'),(18322,'773510','Operador de máquinas de usinar madeira (cnc)'),(18323,'774105','Montador de móveis e artefatos de madeira'),(18324,'775105','Entalhador  de madeira'),(18325,'775110','Folheador de móveis de madeira'),(18326,'775115','Lustrador de peças de madeira'),(18327,'775120','Marcheteiro'),(18328,'776405','Cesteiro'),(18329,'776410','Confeccionador de escovas, pincéis e produtos similares (a mão)'),(18330,'776415','Confeccionador de escovas, pincéis e produtos similares (a máquina)'),(18331,'776420','Confeccionador de móveis de vime, junco e bambu'),(18332,'776425','Esteireiro'),(18333,'776430','Vassoureiro'),(18334,'777105','Carpinteiro naval (construção de pequenas embarcações)'),(18335,'777110','Carpinteiro naval (embarcações)'),(18336,'777115','Carpinteiro naval (estaleiros)'),(18337,'777205','Carpinteiro de carretas'),(18338,'777210','Carpinteiro de carrocerias'),(18339,'780105','Supervisor de embalagem e etiquetagem'),(18340,'781105','Condutor de processos robotizados de pintura'),(18341,'781110','Condutor de processos robotizados de soldagem'),(18342,'781305','Operador de veículos subaquáticos controlados remotamente'),(18343,'781705','Mergulhador profissional (raso e profundo)'),(18344,'782105','Operador de draga'),(18345,'782110','Operador de guindaste (fixo)'),(18346,'782115','Operador de guindaste móvel'),(18347,'782120','Operador de máquina rodoferroviária'),(18348,'782125','Operador de monta-cargas (construção civil)'),(18349,'782130','Operador de ponte rolante'),(18350,'782135','Operador de pórtico rolante'),(18351,'782140','Operador de talha elétrica'),(18352,'782145','Sinaleiro (ponte-rolante)'),(18353,'782205','Guincheiro (construção civil)'),(18354,'782210','Operador de docagem'),(18355,'782220','Operador de empilhadeira'),(18356,'782305','Motorista de carro de passeio'),(18357,'782310','Motorista de furgão ou veículo similar'),(18358,'782315','Motorista de táxi'),(18359,'782405','Motorista de ônibus rodoviário'),(18360,'782410','Motorista de ônibus urbano'),(18361,'782415','Motorista de trólebus'),(18362,'782505','Caminhoneiro autônomo (rotas regionais e internacionais)'),(18363,'782510','Motorista de caminhão (rotas regionais e internacionais)'),(18364,'782515','Motorista operacional de guincho'),(18365,'782605','Operador de trem de metrô'),(18366,'782610','Maquinista de trem'),(18367,'782615','Maquinista de trem metropolitano'),(18368,'782620','Motorneiro'),(18369,'782625','Auxiliar de maquinista de trem'),(18370,'782630','Operador de teleférico (passageiros)'),(18376,'782805','Condutor de veículos de tração animal (ruas e estradas)'),(18377,'782810','Tropeiro'),(18378,'782815','Boiadeiro'),(18379,'782820','Condutor de veículos a pedais'),(18380,'783105','Agente de pátio'),(18381,'783110','Manobrador'),(18382,'783205','Carregador (aeronaves)'),(18383,'783210','Carregador (armazém)'),(18384,'783215','Carregador (veículos de transportes terrestres)'),(18385,'783220','Estivador'),(18386,'783225','Ajudante de motorista'),(18387,'784105','Embalador, a mão'),(18388,'784110','Embalador, a máquina'),(18389,'784115','Operador de máquina de etiquetar'),(18390,'784120','Operador de máquina de envasar líquidos'),(18391,'784125','Operador de prensa de enfardamento'),(18392,'784205','Alimentador de linha de produção'),(18393,'810105','Mestre (indústria petroquímica e carboquímica)'),(18394,'810110','Mestre de produção química'),(18395,'810205','Mestre (indústria de borracha e plástico)'),(18396,'810305','Mestre de produção farmacêutica'),(18397,'811005','Operador de processos químicos e petroquímicos'),(18398,'811010','Operador de sala de controle de instalações químicas, petroquímicas e afins'),(18399,'811105','Moleiro (tratamentos químicos e afins)'),(18400,'811110','Operador de máquina misturadeira (tratamentos químicos e afins)'),(18401,'811115','Operador de britadeira (tratamentos químicos e afins)'),(18402,'811120','Operador de concentração'),(18403,'811125','Trabalhador da fabricação de resinas e vernizes'),(18404,'811130','Trabalhador de fabricação de tintas'),(18405,'811205','Operador de calcinação (tratamento químico e afins)'),(18406,'811215','Operador de tratamento químico de materiais radioativos'),(18407,'811305','Operador de centrifugadora (tratamentos químicos e afins)'),(18408,'811310','Operador de exploração de petróleo'),(18409,'811315','Operador de filtro de secagem (mineração)'),(18410,'811320','Operador de filtro de tambor rotativo (tratamentos químicos e afins)'),(18411,'811325','Operador de filtro-esteira (mineração)'),(18412,'811330','Operador de filtro-prensa (tratamentos químicos e afins)'),(18413,'811335','Operador de filtros de parafina (tratamentos químicos e afins)'),(18414,'811405','Destilador de madeira'),(18415,'811410','Destilador de produtos químicos (exceto petróleo)'),(18416,'811415','Operador de alambique de funcionamento contínuo (produtos químicos, exceto petróleo)'),(18417,'811420','Operador de aparelho de reação e conversão (produtos químicos, exceto petróleo)'),(18418,'811425','Operador de equipamento de destilação de álcool'),(18419,'811430','Operador de evaporador na destilação'),(18420,'811505','Operador de painel de controle (refinação de petróleo)'),(18421,'811510','Operador de transferência e estocagem - na refinação do petróleo'),(18422,'811605','Operador de britador de coque'),(18423,'811610','Operador de carro de apagamento e coque'),(18424,'811615','Operador de destilação e subprodutos de coque'),(18425,'811620','Operador de enfornamento e desenfornamento de coque'),(18426,'811625','Operador de exaustor (coqueria)'),(18427,'811630','Operador de painel de controle'),(18428,'811635','Operador de preservação e controle térmico'),(18429,'811640','Operador de reator de coque de petróleo'),(18430,'811645','Operador de refrigeração (coqueria)'),(18431,'811650','Operador de sistema de reversão (coqueria)'),(18432,'811705','Bamburista'),(18433,'811710','Calandrista de borracha'),(18434,'811715','Confeccionador de pneumáticos'),(18435,'811725','Confeccionador de velas por imersão'),(18436,'811735','Confeccionador de velas por moldagem'),(18437,'811745','Laminador de plástico'),(18438,'811750','Moldador de borracha por compressão'),(18439,'811760','Moldador de plástico por compressão'),(18440,'811770','Moldador de plástico por injeção'),(18441,'811775','Trefilador de borracha'),(18442,'811805','Operador de máquina de produtos farmacêuticos'),(18443,'811810','Drageador (medicamentos)'),(18444,'811815','Operador de máquina de fabricação de cosméticos'),(18445,'811820','Operador de máquina de fabricação de produtos de higiene e limpeza (sabão, sabonete, detergente, absorvente, fraldas cotonetes e outros)'),(18446,'812105','Pirotécnico'),(18447,'812110','Trabalhador da fabricação de munição e explosivos'),(18448,'813105','Cilindrista (petroquímica e afins)'),(18449,'813110','Operador de calandra (química, petroquímica e afins)'),(18450,'813115','Operador de extrusora (química, petroquímica e afins)'),(18451,'813120','Operador de processo (química, petroquímica e afins)'),(18452,'813125','Operador de produção (química, petroquímica e afins)'),(18453,'813130','Técnico de operação (química, petroquímica e afins)'),(18454,'818105','Assistente de laboratório industrial'),(18455,'818110','Auxiliar de laboratório de análises físico-químicas'),(18456,'820105','Mestre de siderurgia'),(18457,'820110','Mestre de aciaria'),(18458,'820115','Mestre de alto-forno'),(18459,'820120','Mestre de forno elétrico'),(18460,'820125','Mestre de laminação'),(18461,'820205','Supervisor de fabricação de produtos cerâmicos, porcelanatos e afins'),(18462,'820210','Supervisor de fabricação de produtos de vidro'),(18463,'821105','Operador de centro de controle'),(18464,'821110','Operador de máquina de sinterizar'),(18465,'821205','Forneiro e operador (alto-forno)'),(18466,'821210','Forneiro e operador (conversor a oxigênio)'),(18467,'821215','Forneiro e operador (forno elétrico)'),(18468,'821220','Forneiro e operador (refino de metais não-ferrosos)'),(18469,'821225','Forneiro e operador de forno de redução direta'),(18470,'821230','Operador de aciaria (basculamento de convertedor)'),(18471,'821235','Operador de aciaria (dessulfuração de gusa)'),(18472,'821240','Operador de aciaria (recebimento de gusa)'),(18473,'821245','Operador de área de corrida'),(18474,'821250','Operador de desgaseificação'),(18475,'821255','Soprador de convertedor'),(18476,'821305','Operador de laminador'),(18477,'821310','Operador de laminador de barras a frio'),(18478,'821315','Operador de laminador de barras a quente'),(18479,'821320','Operador de laminador de metais não-ferrosos'),(18480,'821325','Operador de laminador de tubos'),(18481,'821330','Operador de montagem de cilindros e mancais'),(18482,'821335','Recuperador de guias e cilindros'),(18483,'821405','Encarregado de acabamento de chapas e metais  (têmpera)'),(18484,'821410','Escarfador'),(18485,'821415','Marcador de produtos (siderúrgico e metalúrgico)'),(18486,'821420','Operador de bobinadeira de tiras a quente, no acabamento de chapas e metais'),(18487,'821425','Operador de cabine de laminação (fio-máquina)'),(18488,'821430','Operador de escória e sucata'),(18489,'821435','Operador de jato abrasivo'),(18490,'821440','Operador de tesoura mecânica e máquina de corte, no acabamento de chapas e metais'),(18491,'821445','Preparador de sucata e aparas'),(18492,'821450','Rebarbador de metal'),(18493,'822105','Forneiro de cubilô'),(18494,'822110','Forneiro de forno-poço'),(18495,'822115','Forneiro de fundição (forno de redução)'),(18496,'822120','Forneiro de reaquecimento e tratamento térmico na metalurgia'),(18497,'822125','Forneiro de revérbero'),(18498,'823105','Preparador de massa (fabricação de abrasivos)'),(18499,'823110','Preparador de massa (fabricação de vidro)'),(18500,'823115','Preparador de massa de argila'),(18501,'823120','Preparador de barbotina'),(18502,'823125','Preparador de esmaltes (cerâmica)'),(18503,'823130','Preparador de aditivos'),(18504,'823135','Operador de atomizador'),(18505,'823210','Extrusor de fios ou fibras de vidro'),(18506,'823215','Forneiro na fundição de vidro'),(18507,'823220','Forneiro no recozimento de vidro'),(18508,'823230','Moldador de abrasivos na fabricação de cerâmica, vidro e porcelana'),(18509,'823235','Operador de banho metálico de vidro por flutuação'),(18510,'823240','Operador de máquina de soprar vidro'),(18511,'823245','Operador de máquina extrusora de varetas e tubos de vidro'),(18512,'823250','Operador de prensa de moldar vidro'),(18513,'823255','Temperador de vidro'),(18514,'823265','Trabalhador na fabricação de produtos abrasivos'),(18515,'823305','Classificador e empilhador de tijolos refratários'),(18516,'823315','Forneiro (materiais de construção)'),(18517,'823320','Trabalhador da elaboração de pré-fabricados (cimento amianto)'),(18518,'823325','Trabalhador da elaboração de pré-fabricados (concreto armado)'),(18519,'823330','Trabalhador da fabricação de pedras artificiais'),(18520,'828105','Oleiro (fabricação de telhas)'),(18521,'828110','Oleiro (fabricação de tijolos)'),(18522,'830105','Mestre (indústria de celulose, papel e papelão)'),(18523,'831105','Cilindreiro na preparação de pasta para fabricação de papel'),(18524,'831110','Operador de branqueador de pasta para fabricação de papel'),(18525,'831115','Operador de digestor de pasta para fabricação de papel'),(18526,'831120','Operador de lavagem e depuração de pasta para fabricação de papel'),(18527,'831125','Operador de máquina de secar celulose'),(18528,'832105','Calandrista de papel'),(18529,'832110','Operador de cortadeira de papel'),(18530,'832115','Operador de máquina de fabricar papel  (fase úmida)'),(18531,'832120','Operador de máquina de fabricar papel (fase seca)'),(18532,'832125','Operador de máquina de fabricar papel e papelão'),(18533,'832135','Operador de rebobinadeira na fabricação de papel e papelão'),(18534,'833105','Cartonageiro, a máquina'),(18535,'833110','Confeccionador de bolsas, sacos e sacolas e papel, a máquina'),(18536,'833115','Confeccionador de sacos de celofane, a máquina'),(18537,'833120','Operador de máquina de cortar e dobrar papelão'),(18538,'833125','Operador de prensa de embutir papelão'),(18539,'833205','Cartonageiro, a mão (caixas de papelão)'),(18540,'840105','Supervisor de produção da indústria alimentícia'),(18541,'840110','Supervisor da indústria de bebidas'),(18542,'840115','Supervisor da indústria de fumo'),(18543,'840120','Chefe de confeitaria'),(18544,'841105','Moleiro de cereais (exceto arroz)'),(18545,'841110','Moleiro de especiarias'),(18546,'841115','Operador de processo de moagem'),(18547,'841205','Moedor de sal'),(18548,'841210','Refinador de sal'),(18549,'841305','Operador de cristalização na refinação de açucar'),(18550,'841310','Operador de equipamentos de refinação de açúcar (processo contínuo)'),(18551,'841315','Operador de moenda na fabricação de açúcar'),(18552,'841320','Operador de tratamento de calda na refinação de açúcar'),(18553,'841408','Cozinhador (conservação de alimentos)'),(18554,'841416','Cozinhador de carnes'),(18555,'841420','Cozinhador de frutas e legumes'),(18556,'841428','Cozinhador de pescado'),(18557,'841432','Desidratador de alimentos'),(18558,'841440','Esterilizador de alimentos'),(18559,'841444','Hidrogenador de óleos e gorduras'),(18560,'841448','Lagareiro'),(18561,'841456','Operador de câmaras frias'),(18562,'841460','Operador de preparação de grãos vegetais (óleos e gorduras)'),(18563,'841464','Prensador de frutas (exceto oleaginosas)'),(18564,'841468','Preparador de rações'),(18565,'841472','Refinador de óleo e gordura'),(18566,'841476','Trabalhador de fabricação de margarina'),(18567,'841484','Trabalhador de preparação de pescados (limpeza)'),(18568,'841505','Trabalhador de tratamento do leite e fabricação de laticínios e afins'),(18569,'841605','Misturador de café'),(18570,'841610','Torrador de café'),(18571,'841615','Moedor de café'),(18572,'841620','Operador de extração de café solúvel'),(18573,'841625','Torrador de cacau'),(18574,'841630','Misturador de chá ou mate'),(18575,'841705','Alambiqueiro'),(18576,'841710','Filtrador de cerveja'),(18577,'841715','Fermentador'),(18578,'841720','Trabalhador de fabricação de vinhos'),(18579,'841725','Malteiro (germinação)'),(18580,'841730','Cozinhador de malte'),(18581,'841735','Dessecador de malte'),(18582,'841740','Vinagreiro'),(18583,'841745','Xaropeiro'),(18584,'841805','Operador de forno (fabricação de pães, biscoitos e similares)'),(18585,'841810','Operador de máquinas de fabricação de doces, salgados e massas alimentícias'),(18586,'841815','Operador de máquinas de fabricação de chocolates e achocolatados'),(18593,'842205','Preparador de fumo na fabricação de charutos'),(18594,'842210','Operador de máquina de fabricar charutos e cigarrilhas'),(18595,'842215','Classificador de charutos'),(18596,'842220','Cortador de charutos'),(18597,'842225','Celofanista na fabricação de charutos'),(18598,'842230','Charuteiro a mão'),(18599,'842235','Degustador de charutos'),(18600,'848105','Defumador de carnes e pescados'),(18601,'848110','Salgador de alimentos'),(18602,'848115','Salsicheiro (fabricação de lingüiça, salsicha e produtos similares)'),(18603,'848205','Pasteurizador'),(18604,'848210','Queijeiro na fabricação de laticínio'),(18605,'848215','Manteigueiro na fabricação de laticínio'),(18606,'848305','Padeiro'),(18607,'848310','Confeiteiro'),(18608,'848315','Masseiro (massas alimentícias)'),(18609,'848325','Trabalhador de fabricação de sorvete'),(18610,'848405','Degustador de café'),(18611,'848410','Degustador de chá'),(18612,'848415','Degustador de derivados de cacau'),(18613,'848420','Degustador de vinhos ou licores'),(18614,'848425','Classificador de grãos'),(18615,'848505','Abatedor'),(18616,'848510','Açougueiro'),(18617,'848515','Desossador'),(18618,'848520','Magarefe'),(18619,'848525','Retalhador de carne'),(18620,'848605','Trabalhador do beneficiamento de fumo'),(18621,'860105','Supervisor de manutenção eletromecânica (utilidades)'),(18622,'860110','Supervisor de operação de fluidos (distribuição, captação, tratamento de água, gases, vapor)'),(18623,'860115','Supervisor de operação elétrica (geração, transmissão e distribuição de energia elétrica)'),(18624,'861105','Operador de central hidrelétrica'),(18625,'861110','Operador de quadro de distribuição de energia elétrica'),(18626,'861115','Operador de central termoelétrica'),(18627,'861120','Operador de reator nuclear'),(18628,'861205','Operador de subestação'),(18629,'862105','Foguista (locomotivas a vapor)'),(18630,'862110','Maquinista de embarcações'),(18631,'862115','Operador de bateria de gás de hulha'),(18632,'862120','Operador de caldeira'),(18633,'862130','Operador de compressor de ar'),(18634,'862140','Operador de estação de bombeamento'),(18635,'862150','Operador de máquinas fixas, em geral'),(18636,'862155','Operador de utilidade (produção e distribuição de vapor, gás, óleo, combustível, energia, oxigênio)'),(18637,'862205','Operador de estação de captação, tratamento e distribuição de água'),(18638,'862305','Operador de estação de tratamento de água e efluentes'),(18639,'862310','Operador de forno de incineração no tratamento de água, efluentes e resíduos industriais'),(18640,'862405','Operador de instalação de extração, processamento, envasamento e distribuição de gases'),(18641,'862505','Operador de instalação de refrigeração'),(18642,'862510','Operador de refrigeração com amônia'),(18643,'862515','Operador de instalação de ar-condicionado'),(18644,'910105','Encarregado de manutenção mecânica de sistemas operacionais'),(18645,'910110','Supervisor de manutenção de aparelhos térmicos, de climatização e de refrigeração'),(18646,'910115','Supervisor de manutenção de bombas, motores, compressores e equipamentos de transmissão'),(18647,'910120','Supervisor de manutenção de máquinas gráficas'),(18648,'910125','Supervisor de manutenção de máquinas industriais têxteis'),(18649,'910130','Supervisor de manutenção de máquinas operatrizes e de usinagem'),(18650,'910205','Supervisor da manutenção e reparação de veículos leves'),(18651,'910210','Supervisor da manutenção e reparação de veículos pesados'),(18652,'910905','Supervisor de reparos linhas férreas'),(18653,'910910','Supervisor de manutenção de vias férreas'),(18654,'911105','Mecânico de manutenção de bomba injetora (exceto de veículos automotores)'),(18655,'911110','Mecânico de manutenção de bombas'),(18656,'911115','Mecânico de manutenção de compressores de ar'),(18657,'911120','Mecânico de manutenção de motores diesel (exceto de veículos automotores)'),(18658,'911125','Mecânico de manutenção de redutores'),(18659,'911130','Mecânico de manutenção de turbinas (exceto de aeronaves)'),(18660,'911135','Mecânico de manutenção de turbocompressores'),(18661,'911205','Mecânico de manutenção e instalação de aparelhos de climatização e  refrigeração'),(18662,'911305','Mecânico de manutenção de máquinas, em geral'),(18663,'911310','Mecânico de manutenção de máquinas gráficas'),(18664,'911315','Mecânico de manutenção de máquinas operatrizes (lavra de madeira)'),(18665,'911320','Mecânico de manutenção de máquinas têxteis'),(18666,'911325','Mecânico de manutenção de máquinas-ferramentas (usinagem de metais)'),(18667,'913105','Mecânico de manutenção de aparelhos de levantamento'),(18668,'913110','Mecânico de manutenção de equipamento de mineração'),(18669,'913115','Mecânico de manutenção de máquinas agrícolas'),(18670,'913120','Mecânico de manutenção de máquinas de construção e terraplenagem'),(18671,'914105','Mecânico de manutenção de aeronaves, em geral'),(18672,'914110','Mecânico de manutenção de sistema hidráulico de aeronaves (serviços de pista e hangar)'),(18673,'914205','Mecânico de manutenção de motores e equipamentos navais'),(18674,'914305','Mecânico de manutenção de veículos ferroviários'),(18675,'914405','Mecânico de manutenção de automóveis, motocicletas e veículos similares'),(18676,'914410','Mecânico de manutenção de empilhadeiras e outros veículos de cargas leves'),(18677,'914415','Mecânico de manutenção de motocicletas'),(18678,'914420','Mecânico de manutenção de tratores'),(18679,'914425','Mecânico de veículos automotores a diesel (exceto tratores)'),(18680,'915105','Técnico em manutenção de instrumentos de medição e precisão'),(18681,'915110','Técnico em manutenção de hidrômetros'),(18682,'915115','Técnico em manutenção de balanças'),(18683,'915205','Restaurador de instrumentos musicais (exceto cordas arcadas)'),(18684,'915210','Reparador de instrumentos musicais'),(18685,'915215','Luthier (restauração de cordas arcadas)'),(18686,'915305','Técnico em manutenção de equipamentos e instrumentos médico-hospitalares'),(18687,'915405','Reparador de equipamentos fotográficos'),(18688,'919105','Lubrificador industrial'),(18689,'919110','Lubrificador de veículos automotores (exceto embarcações)'),(18690,'919115','Lubrificador de embarcações'),(18691,'919205','Mecânico de manutenção de máquinas cortadoras de grama, roçadeiras, motosserras e similares'),(18692,'919305','Mecânico de manutenção de aparelhos esportivos e de ginástica'),(18693,'919310','Mecânico de manutenção de bicicletas e veículos similares'),(18694,'919315','Montador de bicicletas'),(18695,'950105','Supervisor de manutenção elétrica de alta tensão industrial'),(18696,'950110','Supervisor de manutenção eletromecânica industrial, comercial e predial'),(18697,'950205','Encarregado de manutenção elétrica de veículos'),(18698,'950305','Supervisor de manutenção eletromecânica'),(18699,'951105','Eletricista de manutenção eletroeletrônica'),(18700,'951305','Instalador de sistemas eletroeletrônicos de segurança'),(18701,'951310','Mantenedor de sistemas eletroeletrônicos de segurança'),(18702,'953105','Eletricista de instalações (aeronaves)'),(18703,'953110','Eletricista de instalações (embarcações)'),(18704,'953115','Eletricista de instalações (veículos automotores e máquinas operatrizes, exceto aeronaves e embarcações)'),(18705,'954105','Eletromecânico de manutenção de elevadores'),(18706,'954110','Eletromecânico de manutenção de escadas rolantes'),(18707,'954115','Eletromecânico de manutenção de portas automáticas'),(18708,'954120','Mecânico de manutenção de instalações mecânicas de edifícios'),(18709,'954125','Operador eletromecânico'),(18710,'954205','Reparador de aparelhos eletrodomésticos (exceto imagem e som)'),(18711,'954210','Reparador de rádio, tv e som'),(18712,'954305','Reparador de equipamentos de escritório'),(18713,'991105','Conservador de via permanente (trilhos)'),(18714,'991110','Inspetor de via permanente (trilhos)'),(18715,'991115','Operador de máquinas especiais em conservação de via permanente (trilhos)'),(18716,'991120','Soldador aluminotérmico em conservação de trilhos'),(18717,'991205','Mantenedor de equipamentos de parques de diversões e similares'),(18718,'991305','Funileiro de veículos (reparação)'),(18719,'991310','Montador de veículos (reparação)'),(18720,'991315','Pintor de veículos (reparação)'),(18721,'992105','Alinhador de pneus'),(18722,'992110','Balanceador'),(18723,'992115','Borracheiro'),(18724,'992120','Lavador de peças'),(18725,'992205','Encarregado geral de operações de conservação de vias permanentes (exceto trilhos)'),(18726,'992210','Encarregado de equipe de conservação de vias permanentes (exceto trilhos)'),(18727,'992215','Operador de ceifadeira na conservação de vias permanentes'),(18728,'992220','Pedreiro de conservação de vias permanentes (exceto trilhos)'),(18729,'992225','Auxiliar geral de conservação de vias permanentes (exceto trilhos)'),(18730,'111505','Especialista de políticas públicas e gestão governamental - eppgg'),(18731,'111510','Analista de planejamento e orçamento - apo'),(18732,'221205','Biomédico'),(18738,'513505','Auxiliar nos serviços de alimentação'),(18739,'515305','Educador social'),(18740,'515310','Agente de ação social'),(18741,'515315','Monitor de dependente químico'),(18742,'515320','Conselheiro tutelar'),(18748,'842105','Preparador de melado e essência de fumo'),(18749,'842110','Processador de fumo'),(18750,'842115','Classificador de fumo'),(18751,'842120','Auxiliar de processamento de fumo'),(18752,'842125','Operador de máquina (fabricação de cigarros)'),(18753,'842135','Operador de máquina de preparação de matéria prima para produção de cigarros'),(18754,'223605','Fisioterapeuta geral'),(18755,'223625','Fisioterapeuta respiratória'),(18756,'223630','Fisioterapeuta neurofuncional'),(18757,'223635','Fisioterapeuta traumato-ortopédica funcional'),(18758,'223640','Fisioterapeuta osteopata'),(18759,'223645','Fisioterapeuta quiropraxista'),(18760,'223650','Fisioterapeuta acupunturista'),(18761,'223655','Fisioterapeuta esportivo'),(18762,'223660','Fisioterapeuta  do trabalho'),(18763,'782705','Marinheiro de convés (marítimo e fluviário)'),(18764,'782710','Marinheiro de máquinas'),(18765,'782715','Moço de convés (marítimo e fluviário)'),(18766,'782720','Moço de máquinas (marítimo e fluviário)'),(18767,'782725','Marinheiro de esporte e recreio'),(18932,'251605','Assistente social'),(18933,'251610','Economista doméstico'),(19054,'322105','Técnico em acupuntura'),(19055,'322110','Podólogo'),(19056,'322115','Técnico em quiropraxia'),(19057,'322120','Massoterapeuta'),(19058,'322125','Terapeuta holístico');
/*!40000 ALTER TABLE `cbo_occupation` ENABLE KEYS */;
UNLOCK TABLES;

--
-- Table structure for table `cbo_synonyms`
--

DROP TABLE IF EXISTS `cbo_synonyms`;
/*!40101 SET @saved_cs_client     = @@character_set_client */;
/*!40101 SET character_set_client = utf8 */;
CREATE TABLE `cbo_synonyms` (
  `id` int(11) NOT NULL,
  `title` varchar(999) NOT NULL,
  `occupation_id` int(11) NOT NULL,
  PRIMARY KEY (`id`),
  KEY `cbo_synonyms_6ea0cf59` (`occupation_id`)
) ENGINE=MyISAM DEFAULT CHARSET=latin1;
/*!40101 SET character_set_client = @saved_cs_client */;

--
-- Dumping data for table `cbo_synonyms`
--

LOCK TABLES `cbo_synonyms` WRITE;
/*!40000 ALTER TABLE `cbo_synonyms` DISABLE KEYS */;
INSERT INTO `cbo_synonyms` VALUES (43276,'Metrologista de calibrações',12139),(43277,'Responsável técnico da calibração metrológica',12139),(43278,'Metrologista de ensaios',12140),(43279,'Responsável técnico de ensaios metrológicos',12140),(43280,'Operador de ensaios na metrologia',12140),(43281,'Inspetor de ensaios metrológicos',12140),(43282,'Fisiologista (exceto médico)',12147),(43283,'Zoologista',12145),(43284,'Carcinologista',12145),(43285,'Entomologista',12145),(43286,'Ornitólogo',12145),(43287,'Zoólogo',12145),(43288,'Entomólogo',12145),(43289,'Ofiologista',12145),(43290,'Ficologista',12148),(43291,'Botânico',12148),(43292,'Fenologista',12148),(43293,'Agrostólogo',12148),(43294,'Pesquisador botânico',12148),(43295,'Bacteriologista',12146),(43296,'Ecologista',12144),(43297,'Ecólogo',12144),(43298,'Especialista em engenharia civil',12154),(43299,'Engenheiro pesquisador (engenharia civil)',12154),(43300,'Especialista em engenharia elétrica e eletrônica ',12156),(43301,'Engenheiro pesquisador (telecomunicações)',12156),(43302,'Engenheiro pesquisador (engenharia elétrica e eletrônica)',12156),(43303,'Especialista em engenharia e tecnologia (outras áreas)',12155),(43304,'Engenheiro pesquisador (outras áreas da engenharia)',12155),(43305,'Especialista em engenharia química',12159),(43306,'Engenheiro pesquisador (engenharia química)',12159),(43307,'Especialista em engenharia mecânica',12157),(43308,'Engenheiro pesquisador (engenharia mecânica)',12157),(43309,'Especialista em engenharia metalúrgica, de minas e de materiais',12158),(43310,'Engenheiro pesquisador (metalurgia)',12158),(43311,'Engenheiro pesquisador (minas)',12158),(43312,'Engenheiro pesquisador (materiais)',12158),(43313,'Pesquisador das ciências agrárias',12164),(43314,'Historiador',12171),(43315,'Perito criminalístico',12173),(43316,'Perito criminalístico engenheiro',12173),(43317,'Perito criminalístico químico',12173),(43318,'Perito oficial',12173),(43319,'Perito criminal federal',12173),(43320,'Analista de pesquisa operacional',12175),(43321,'Matemático computacional',12177),(43322,'Matemático industrial',12177),(43323,'Amostrista',12178),(43324,'Estatístico - analista',12178),(43325,'Demógrafo',12179),(43326,'Bioestatístico',12179),(43327,'Econometrista',12179),(43328,'Engenheiro de sistemas computacionais - aplicativos',12181),(43329,'Engenheiro de softwares computacionais',12181),(43330,'Engenheiro de suporte de sistemas operacionais em computação',12183),(43331,'Engenheiro de software computacional básico',12183),(43332,'Engenheiro de sistemas computacionais - equipamentos',12182),(43333,'Engenheiro de hardware computacional',12182),(43334,'Administrador de banco de dados e de sistemas computacionais',12184),(43335,'Administrador de rede e de sistemas computacionais',12185),(43336,'Analista de suporte de rede',12185),(43337,'Administrador de sistema operacional de rede',12185),(43338,'Administrador de sistemas computacionais',12186),(43339,'Analista de aplicativo básico (software)',12186),(43340,'Analista de comunicação (teleprocessamento)',12188),(43341,'Analista de rede',12188),(43342,'Analista de telecomunicação',12188),(43343,'Analista de sistemas de informática administrativa',12187),(43344,'Analista de sistemas web (webmaster)',12187),(43345,'Analista de comércio eletrônico (e-commerce)',12187),(43346,'Analista de tecnologia de informação',12187),(43347,'Consultor de tecnologia da informação',12187),(43348,'Analista de suporte de sistema',12190),(43349,'Analista de suporte técnico',12190),(43350,'Analista de suporte de banco de dados',12190),(43351,'Físico hospitalar',12200),(43352,'Físico médico',12200),(43353,'Físico nuclear',12201),(43354,'Cosmológo',12194),(43355,'Físico (estado sólido)',12198),(43356,'Químico consultor',12206),(43357,'Químico (fisico-química)',12206),(43358,'Químico (tratamento de água)',12206),(43359,'Químico agrícola',12206),(43360,'Químico analista',12206),(43361,'Químico de laboratório',12206),(43362,'Químico de controle de qualidade',12206),(43363,'Químico de laboratório de controle',12206),(43364,'Químico de laboratórios de solos',12206),(43365,'Químico ambiental',12206),(43366,'Químico (química orgânica)',12206),(43367,'Químico bromatologista',12206),(43368,'Químico (química inorgânica)',12206),(43369,'Químico (química nuclear)',12206),(43370,'Químico de alimentos',12206),(43371,'Químico de embalagens',12206),(43372,'Químico de produtos naturais',12207),(43373,'Químico de curtume',12207),(43374,'Químico de polímeros',12207),(43375,'Químico têxtil',12207),(43376,'Químico perfumista',12207),(43377,'Químico de cerâmica',12207),(43378,'Químico de petróleo',12207),(43379,'Químico (produtos aromáticos)',12207),(43380,'Químico de processos',12207),(43381,'Químico galvanoplasta',12207),(43382,'Químico cosmetólogo',12207),(43416,'Engenheiro de manutenção elétrica',12239),(43417,'Engenheiro eletrotécnico de projetos',12240),(43418,'Engenheiro de projetos elétricos',12240),(43419,'Engenheiro de controle',12247),(43420,'Engenheiro de instrumentação',12247),(43421,'Engenheiro de automação',12247),(43422,'Engenheiro eletrotécnico',12237),(43423,'Engenheiro elétrico',12237),(43424,'Engenheiro de manutenção eletrônica',12241),(43425,'Engenheiro de projetos eletrônicos',12242),(43427,'Engenheiro de projetos de telecomunicações',12245),(43428,'Engenheiro de projetos de telefonia',12245),(43429,'Engenheiro de sistemas de comunicação',12246),(43430,'Engenheiro operacional em eletrotécnica',12248),(43431,'Engenheiro de tráfego telefônico',12244),(43432,'Engenheiro de comutação',12244),(43433,'Engenheiro de transmissão',12244),(43434,'Engenheiro de construção naval',12255),(43435,'Engenheiro mecânico (veículos automotores)',12251),(43436,'Engenheiro mecânico automobilístico',12251),(43437,'Engenheiro de manutenção de veículos',12251),(43438,'Engenheiro mecânico nuclear',12252),(43439,'Engenheiro químico (mineração)',12258),(43440,'Engenheiro químico (metalurgia)',12258),(43441,'Engenheiro químico (siderurgia)',12258),(43442,'Engenheiro químico (cimento)',12258),(43443,'Engenheiro químico (cerâmica)',12258),(43444,'Engenheiro químico (borracha)',12260),(43445,'Engenheiro químico (derivados de petróleo)',12260),(43446,'Engenheiro químico (plástico)',12260),(43447,'Engenheiro químico (petróleo e petroquímica)',12260),(43448,'Engenheiro químico (meio ambiente)',12261),(43449,'Engenheiro químico (utilidades)',12261),(43450,'Engenheiro de celulose e papel',12259),(43451,'Engenheiro químico (papel)',12259),(43452,'Engenheiro químico (celulose)',12259),(43453,'Engenheiro de indústria química',12257),(43454,'Engenheiro químico (solventes e tintas)',12257),(43455,'Engenheiro químico (têxtil)',12257),(43456,'Engenheiro químico (produtos farmacêuticos)',12257),(43457,'Engenheiro químico (cosméticos, higiene e limpeza)',12257),(43458,'Engenheiro químico (açúcar e álcool)',12257),(43459,'Engenheiro químico (fertilizantes)',12257),(43460,'Engenheiro químico (ácidos e bases)',12257),(43461,'Engenheiro de desenvolvimento químico',12256),(43462,'Engenheiro de processamento químico',12256),(43463,'Engenheiro químico, em geral',12256),(43464,'Engenheiro químico de processos',12256),(43465,'Engenheiro químico de produção',12256),(43466,'Engenheiro químico de projetos',12256),(43467,'Engenheiro químico (alimentos e bebidas)',12256),(43468,'Engenheiro de alimentos',12256),(43469,'Engenheiro de materiais (cerâmica)',12262),(43470,'Engenheiro de materiais (polímeros)',12262),(43471,'Engenheiro de materiais (metais)',12262),(43472,'Engenheiro metalúrgico (siderurgia)',12263),(43473,'Engenheiro metalúrgico (produção de metais)',12263),(43474,'Tecnólogo em processo de produção e usinagem',12263),(43475,'Engenheiro metalúrgico',12263),(43476,'Engenheiro metalúrgico (tratamento de metais)',12263),(43477,'Engenheiro de minas (carvão)',12264),(43478,'Consultor técnico - na extração mineral',12264),(43479,'Prospector de jazidas',12264),(43480,'Prospector de minerais',12264),(43481,'Engenheiro de mineração',12264),(43482,'Engenheiro de beneficiamento de minério',12264),(43483,'Engenheiro de concentração',12264),(43484,'Engenheiro de tratamento de minério',12264),(43485,'Engenheiro tuneleiro',12264),(43486,'Prospector de minérios',12264),(43487,'Agrimensor',12272),(43488,'Cartógrafo',12273),(43489,'Engenheiro de geodésia e topografia',12273),(43490,'Planejador de controle de qualidade',12275),(43491,'Engenheiro de qualidade',12275),(43492,'Especialista em controle de qualidade e planejamento',12275),(43493,'Engenheiro de segurança industrial',12276),(43494,'Engenheiro de análise de trabalho',12278),(43495,'Engenheiro de processos',12274),(43496,'Engenheiro de processamento',12274),(43497,'Engenheiro de organização industrial',12274),(43498,'Engenheiro de organização e métodos',12274),(43499,'Engenheiro de planejamento industrial',12274),(45117,'Capitão de longo curso (comandante)',12691),(45118,'Primeiro oficial de náutica (comandante)',12691),(45119,'Segundo oficial de náutica (comandante)',12691),(45120,'Capitão de cabotagem (comandante)',12691),(45121,'Capitão de longo curso (imediato)',12693),(45122,'Primeiro oficial de náutica (imediato)',12693),(45123,'Segundo oficial de náutica (imediato)',12693),(45124,'Capitão de cabotagem (imediato)',12693),(45125,'Capitão de longo curso',12696),(45126,'Capitão de cabotagem',12696),(45127,'Primeiro oficial de náutica',12696),(45128,'Segundo oficial de náutica',12696),(45129,'Chefe de máquinas da marinha mercante',12699),(45130,'Sub-chefe de máquinas da marinha mercante',12700),(45131,'Inspetor de manutenção de máquinas aquaviárias',12702),(45132,'Instrutor de pilotagem (aviação)',12705),(45133,'Instrutor de pilotagem de aviões',12705),(45134,'Intrutor de pilotagem de helicópteros',12705),(45135,'Piloto de avião',12703),(45136,'Piloto de helicóptero',12703),(45137,'Piloto de linha aérea regular',12703),(45138,'Aviador civil',12703),(45139,'Piloto de provas',12704),(45148,'Agrônomo',12708),(45149,'Engenheiro agrônomo (agricultura)',12708),(45150,'Engenheiro horticultor',12708),(45151,'Engenheiro agrônomo (solos)',12708),(45152,'Consultor técnico em pesca',12709),(45153,'Engenheiro aqüicultor',12709),(45154,'Consultor técnico em aqüicultura',12709),(45155,'Engenheiro especialista em tecnologia de pesca',12709),(45156,'Engenheiro especialista em tecnologia de pescado',12709),(45157,'Engenheiro especialista em preservação florestal',12710),(45158,'Engenheiro de fauna e flora',12710),(45159,'Engenheiro silvicultor',12710),(45160,'Reflorestador',12710),(45161,'Consultor técnico em exploração vegetal',12710),(45162,'Engenheiro especialista em tecnologia de madeira',12710),(45163,'Engenheiro de irrigação e drenagem',12707),(45164,'Engenheiro especialista em mecanização agrícola',12707),(45165,'Engenheiro especialista em secagem e armazenagem de grãos',12707),(45166,'Engenheiro especialista em construções rurais e ambiência',12707),(45167,'Engenheiro especialista em construções rurais',12707),(45168,'Tecnólogo de engenharia rural',12707),(45169,'Alergista e imunologista',12712),(45170,'Médico alergista',12712),(45171,'Médico imunologista',12712),(45172,'Alergologista',12712),(45173,'Alergista',12712),(45174,'Geriatra',12741),(45175,'Gerontologista',12741),(45176,'Gerontólogo',12741),(45177,'Hematologista',12743),(45178,'Infectologista',12746),(45179,'Médico de doenças infecciosas e parasitárias',12746),(45180,'Nefrologista',12749),(45181,'Neurologista',12752),(45182,'Médico neuropediatra',12752),(45183,'Neuropediatra',12752),(45184,'Nutrologista',12753),(45185,'Médico nutrólogo',12753),(45186,'Pediatra',12759),(45187,'Neonatologista',12759),(45188,'Hebeatra',12759),(45189,'Médico de criança',12759),(45190,'Pneumologista',12761),(45191,'Médico pneumotisiologista',12761),(45192,'Pneumotisiologista',12761),(45193,'Tisiologista',12761),(45194,'Psiquiatra',12763),(45195,'Neuropsiquiatra',12763),(45196,'Médico psicoterapeuta',12763),(45197,'Médico psicanalista',12763),(45198,'Oncologista',12755),(45199,'Médico cancerologista',12755),(45200,'Cancerologista',12755),(45201,'Reumatologista',12765),(45202,'Médico cirurgião',12720),(45203,'Cirurgião geral',12720),(45204,'Cirurgião',12720),(45205,'Cirurgião cardiovascular',12717),(45206,'Cirurgião de cabeça e pescoço',12718),(45207,'Cirurgião do aparelho digestivo',12719),(45208,'Cirurgião gastroenterológico',12719),(45209,'Cirurgião pediátrico',12721),(45210,'Cirurgião plástico',12722),(45211,'Cirurgião torácico',12723),(45212,'Neurocirurgião',12750),(45213,'Médico neurocirurgião pediátrico',12750),(45214,'Neurocirurgião pediátrico',12750),(45215,'Cardiologista',12716),(45216,'Médico do coração',12716),(45217,'Médico obstetra',12742),(45218,'Obstetra',12742),(45219,'Médico ginecologista',12742),(45220,'Ginecologista',12742),(45221,'Cirurgião ginecológico',12742),(45222,'Médico de mulheres',12742),(45223,'Mastologista',12748),(45224,'Cirurgião mastologista',12748),(45225,'Cirurgião de mama',12748),(45226,'Oftalmologista',12754),(45227,'Oculista',12754),(45228,'Cirurgião oftalmológico',12754),(45229,'Médico ortopedista',12756),(45230,'Cirurgião ortopedista',12756),(45231,'Cirurgião traumatologista',12756),(45232,'Ortopedista',12756),(45233,'Médico traumatologista',12756),(45234,'Traumatologista',12756),(45235,'Médico de medicina esportiva',12756),(45236,'Médico cirurgião de mão',12756),(45237,'Cirurgião de mão',12756),(45238,'Otorrinolaringologista',12757),(45239,'Cirurgião otorrinolaringologista',12757),(45240,'Otorrino',12757),(45241,'Proctologista',12762),(45242,'Cirurgião proctologista',12762),(45243,'Coloproctologista',12762),(45244,'Urologista',12767),(45245,'Cirurgião urologista',12767),(45246,'Cirurgião urológico',12767),(45247,'Andrologista',12767),(45248,'Angiologista',12715),(45249,'Médico endocrinologista',12735),(45250,'Endocrinologista',12735),(45251,'Médico metabolista',12735),(45252,'Metabologista',12735),(45253,'Metabolista',12735),(45254,'Diabetólogo',12735),(45255,'Intensivista',12732),(45256,'Ceteísta',12732),(45257,'Epidemiologista',12766),(45258,'Higienista',12766),(45259,'Médico de saúde pública',12766),(45260,'Médico epidemiologista',12766),(45261,'Médico higienista',12766),(45262,'Médico do tráfego',12731),(45263,'Citopatologista',12724),(45264,'Médico endoscopista',12730),(45265,'Endoscopista',12730),(45266,'Hemoterapeuta',12744),(45267,'Médico em hemoterapia',12744),(45268,'Fisiatra',12736),(45269,'Médico nuclear',12733),(45270,'Neurofisiologista',12751),(45271,'Médico patologista',12758),(45272,'Patologista clínico',12758),(45273,'Médico laboratorista',12758),(45274,'Radioterapeuta',12764),(45275,'Médico em radioterapia',12764),(45276,'Dermatologista',12727),(45277,'Hansenólogo',12727),(45278,'Anestesiologista',12714),(45279,'Médico anestesista',12714),(45280,'Anestesista',12714),(45281,'Médico de família',12726),(45282,'Médico comunitário',12726),(45283,'Legista',12747),(45284,'Imagenologista',12734),(45285,'Médico radiologista',12734),(45286,'Radiologista',12734),(45287,'Ultra-sonografista',12734),(45288,'Médico angioradiologista',12734),(45289,'Médico densitometrista',12734),(45290,'Médico neuroradiologista',12734),(45291,'Médico radiologista intervencionista',12734),(45292,'Médico em diagnóstico por imagem',12734),(45293,'Clínico geral',12725),(45294,'Médico internista',12725),(45295,'Médico especialista em clínica médica',12725),(45296,'Médico especialista em medicina interna',12725),(45297,'Médico clínico geral',12725),(45298,'Patologista',12713),(45299,'Perito médico',12760),(45300,'Médico alopata',12739),(45301,'Médico em medicina interna',12739),(45302,'Médico militar',12739),(45303,'Foniatra',12737),(45304,'Gastroenterologista',12738),(45332,'Médico veterinário de saúde pública',12786),(45333,'Médico veterinário sanitarista',12786),(45334,'Veterinário',12786),(45335,'Farmacêutico cosmetólogo',12788),(45336,'Boticário',12788),(45337,'Farmacêutico sanitarista',12788),(45338,'Farmacotécnico',12788),(45339,'Farmacêutico hospitalar',12788),(45340,'Farmacêutico magistral',12788),(45341,'Farmacêutico homeopata',12788),(45342,'Farmacêutico de manipulação',12788),(45343,'Farmacologista',12788),(45344,'Farmacêutico toxicologista',12789),(45345,'Farmacêutico tecnólogo de alimentos',12789),(45346,'Farmacêutico analista clínico',12789),(45347,'Farmacêutico  de alimentos industrializados ',12789),(45348,'Farmacêutico de segurança de alimentos',12789),(45349,'Farmacêutico de segurança do trabalho',12789),(45350,'Farmacêutico bromatologista',12789),(45351,'Farmacêutico de alimentos',12789),(45352,'Farmacêutico imunologista',12789),(45353,'Farmacêutico industrial',12789),(45354,'Enfermeiro de saúde publica',12801),(45355,'Instrumentador cirúrgico (enfermeiro)',12793),(45356,'Enfermeiro intensivista',12794),(45357,'Enfermeira parteira',12798),(45358,'Enfermeiro de berçário',12797),(45364,'Personal treanning',12809),(45365,'Preparador fisiocorporal',12809),(45366,'Orientador fisiocorporal',12806),(45367,'Cinesiólogo ludomotricista',12807),(45368,'Treinador assistente de modalidade esportiva',12810),(45369,'Treinador auxiliar de modalidade esportiva',12810),(45370,'Treinador esportivo',12810),(45371,'Auxiliar técnico- no futebol',12812),(45372,'Auxiliar técnico- nos esportes',12812),(45373,'Coordenador de futebol',12812),(45374,'Professor de futebol',12812),(45375,'Professor de creche',12814),(45376,'Professor de maternal (nivel superior)',12814),(45377,'Professor de minimaternal',12814),(45378,'Professor de jardim de infância (nível superior)',12814),(45379,'Professor de ensino pré-escolar',12813),(45380,'Professor de ensino pré-primário',12813),(45381,'Professor dos ciclos iniciais (ensino fundamental)',12816),(45382,'Professor das séries iniciais',12816),(45383,'Professor de suplência do ensino fundamental (primeira a quarta série)',12815),(45384,'Professor de ensino profissionalizante no ensino de nível médio ',12832),(45401,'Professor de informática (no ensino superior)',12846),(45402,'Professor de álgebra linear (no ensino superior)',12844),(45403,'Professor de matemática (no ensino superior)',12844),(45404,'Professor de cálculo numérico (no ensino superior)',12843),(45405,'Professor de matemática financeira (no ensino superior)',12843),(45407,'Professor de teoria matemática de sistemas (no ensino superior)',12843),(45408,'Professor de amostragem estatística (no ensino superior)',12845),(45409,'Professor de química orgânica (ensino superior)',12849),(45410,'Professor de química inorgânica (ensino superior)',12849),(45411,'Professor de clínica médica (ensino superior)',12861),(45412,'Professor de clínica cirúrgica (ensino superior)',12861),(45413,'Docente de ensino superior na área de didática',12867),(45414,'Professor universitário na área de didática',12867),(45415,'Professor de didática (ensino superior)',12867),(45416,'Professor universitário na área de orientação educacional',12868),(45417,'Docente de ensino superior na área de orientação educacional',12868),(45418,'Professor universitário na área de pesquisa educacional',12869),(45419,'Docente de ensino superior na área de pesquisa educacional',12869),(45420,'Professor de ensino superior na área de metodologia da pesquisa',12869),(45421,'Professor de ensino superior na área de metodologia da pesquisa em educação',12869),(45422,'Professor universitário em metodologia de pesquisa em educação',12869),(45423,'Professor de pesquisa educacional (ensino superior)',12869),(45424,'Professor de prática de ensino (ensino superior)',12870),(45425,'Professor universitário na área de prática de ensino',12870),(45426,'Professor universitário de metodologia do ensino',12870),(45427,'Docente do ensino superior na área de prática de ensino',12870),(45428,'Professor de ensino superior na área de estágio supervisionado',12870),(45429,'Professor universitário de estágio supervisionado',12870),(45430,'Professor de ensino superior na área de prática de ensino e estágio supervisionado',12870),(45431,'Professor de filologia',12889),(45432,'Professor de filologia românica',12889),(45433,'Professor de filologia portuguesa',12889),(45434,'Professor de filologia germânica',12889),(45435,'Professor de crítica textual',12889),(45436,'Professor de lingüística românica',12889),(45437,'Professor de espanhol',12875),(45438,'Professor de italiano',12872),(45439,'Professor de alemão',12871),(45440,'Professor de francês',12873),(45441,'Professor de inglês',12874),(45442,'Professor de lingüística',12888),(45443,'Professor de lingüística aplicada',12888),(45444,'Professor de português',12876),(45445,'Professor de contabilidade bancária',12908),(45446,'Professor de contabilidade societária',12908),(45447,'Professor de análise de custos',12908),(45448,'Professor de contabilidade industrial',12908),(45449,'Professor de auditoria contábil',12908),(45450,'Professor de perícia contábil',12908),(45451,'Professor de contabilidade internacional',12908),(45452,'Professor de contabilidade pública',12908),(45453,'Professor de contabilidade financeira',12908),(45454,'Professor de matemática financeira (economia)',12906),(45455,'Professor de macroeconomia',12906),(45456,'Professor de desenvolvimento econômico',12906),(45457,'Professor de econometria',12906),(45458,'Professor de economia brasileira',12906),(45459,'Professor de economia internacional',12906),(45460,'Professor de finanças públicas',12906),(45461,'Professor de história econômica',12906),(45462,'Professor de história do pensamento econômico',12906),(45463,'Professor de microeconomia',12906),(45464,'Professor de teoria econômica',12906),(45465,'Professor de pesquisa econômica',12906),(45466,'Professor de finanças (administração)',12907),(45467,'Professor de organização e métodos (administração)',12907),(45468,'Professor de gestão (administração)',12907),(45469,'Professor de teoria da administração',12907),(45470,'Professor de marketing',12907),(45471,'Professor de planejamento empresarial',12907),(45472,'Professor de administração financeira',12907),(45473,'Professor de administração pública',12907),(45474,'Professor de planejamento e desenvolvimento',12907),(45475,'Professor de matemática financeira (administração)',12907),(45476,'Professor de teatro no ensino superior',12909),(45477,'Professor de dança no ensino superior',12909),(45478,'Professor de circo no ensino superior',12909),(45479,'Professor de performance no ensino superior',12909),(45480,'Professor de artes cênicas no ensino superior',12909),(45481,'Professor de teatro-educação no ensino superior',12909),(45482,'Pedagogo especializado em deficiência mental',12914),(45483,'Professor especializado em excepcionais',12914),(45484,'Professor de alunos com deficiências mentais',12914),(45485,'Monitor de braile',12916),(45486,'Professor de sorobã',12916),(45487,'Professor de reabilitação visual',12916),(45488,'Professor de reabilitação funcional de cego',12916),(45489,'Professor de cegos',12916),(45490,'Professor de braile',12916),(45491,'Professor de orientação e mobilidade de cegos',12916),(45492,'Pedagogo em educação especial de cegos',12916),(45493,'Pedagogo em educação especial de surdos',12912),(45494,'Professor de  língua portuguesa na modalidade escrita (ensino especial)',12912),(45495,'Professor de estimulação da língua portuguesa modalidade oral ( ensino especial)',12912),(45496,'Pedagogo especializado em deficientes da áudio-comunicação',12912),(45497,'Professor especializado em deficiência  auditiva e surdos',12912),(45498,'Professor de alunos com distúrbios da áudio-comunicação',12912),(45499,'Professor de ensino especial na área de deficiência múltipla ',12915),(45500,'Professor em educação especial de DMu (deficiências múltiplas)',12915),(45501,'Professor de aluno surdo-cego',12915),(45502,'Professor na área de deficiência física',12913),(45503,'Pedagogo especializado em deficiência física',12913),(45526,'Advogado generalista',12923),(45527,'Assistente Jurídico',12923),(45528,'Advogado tributarista',12926),(45529,'Advogado fiscal (direito fiscal)',12926),(45530,'Advogado constitucionalista',12926),(45531,'Advogado previdenciário',12926),(45532,'Advogado (direito administrativo)',12926),(45533,'Advogado empresarial',12924),(45534,'Advogado (ambientalista)',12928),(45535,'Advogado (desportivo)',12928),(45536,'Advogado (energia elétrica)',12928),(45537,'Advogado (aeroespacial)',12928),(45538,'Advogado (direitos da criança e do adolescente)',12928),(45539,'Advogado (direitos do consumidor)',12928),(45540,'Advogados (direito eletrônico)',12928),(45541,'Advogado (propriedade intelectual)',12928),(45542,'Advogado (biodireito)',12928),(45543,'Advogado (recursos hídricos e minerais)',12928),(45544,'Advogado (direito internacional)',12928),(45545,'Advogado (concorrência desleal)',12928),(45546,'Advogado (abuso do poder econômico)',12928),(45547,'Advogado (arbitragem)',12928),(45548,'Advogado (telecomunicações)',12928),(45549,'Advogado (agente de propriedade industrial)',12928),(45550,'Advogado civilista',12925),(45551,'Advogado comercial',12925),(45552,'Advogado (direito de família e sucessões)',12925),(45553,'Advogado contratualista',12925),(45554,'Advogado trabalhista',12929),(45555,'Advogado criminalista',12927),(45556,'Criminalista',12927),(45557,'Penalista',12927),(45558,'Consultor',12930),(45559,'Jurista',12930),(45560,'Assessor jurídico',12930),(45561,'Jurisconsulto',12930),(45562,'Procurador distrital',12933),(45563,'Procurador na Justiça',12933),(45564,'Procurador de fundação',12937),(45565,'Procurador municipal',12935),(45566,'Tabelião de protesto de letras e títulos',12945),(45567,'Registrador civil de pessoas naturais',12940),(45568,'Registrador de títulos e documentos',12943),(45569,'Registrador imobiliário',12942),(45570,'Registrador de contratos marítimos',12938),(45571,'Tabelião de contratos marítimos',12938),(45572,'Notário',12944),(45573,'Registrador civil de pessoas jurídicas',12939),(45574,'Autoridade policial (delegado)',12956),(45575,'Delegado regional de polícia',12956),(45576,'Delegado distrital de polícia',12956),(45577,'Defensor público federal',12957),(45578,'Defensor público estadual',12957),(45579,'Paleetnólogo',12959),(45580,'Cientista social',12961),(45581,'Árbitro econômico',12963),(45582,'Perito econômico',12963),(45583,'Pesquisador econômico',12963),(45584,'Mediador econômico',12963),(45585,'Analista de mercado internacional',12963),(45586,'Analista de mercado e produtos (economista)',12963),(45587,'Analista de mercadologia (economista)',12963),(45588,'Analista de estudos econômicos',12963),(45589,'Analista econômico',12963),(45590,'Analista de economia internacional',12963),(45591,'Analista de mercado de trabalho (economista)',12963),(45592,'Analista de subscrição de títulos',12965),(45593,'Analista de controle orçamentário (economista)',12965),(45594,'Analista de fundos de investimento',12965),(45595,'Analista econômico-financeiro',12965),(45596,'Analista financeiro (economista)',12965),(45597,'Analista de crédito (economista)',12965),(45598,'Analista de controle e gestão (economista)',12967),(45599,'Analista fiscal (economista)',12967),(45600,'Analista tributário (economista)',12967),(45601,'Analista de finanças públicas (economista)',12967),(45602,'Analista de políticas públicas (economista)',12967),(45603,'Economista agrícola',12964),(45604,'Analista de produto agropecuário (economista)',12964),(45605,'Analista de mercado agrícola (economista)',12964),(45606,'Analista agroindustrial (economista)',12964),(45607,'Analista de agronegócios (economista)',12964),(45608,'Analista de desenvolvimento regional (economista)',12969),(45609,'Economista urbano',12969),(45610,'Analista de recursos naturais (economista)',12968),(45611,'Analista de impactos ambientais (economista)',12968),(45612,'Analista de meio ambiente (economista)',12968),(45613,'Analista de ecodesenvolvimento (economista)',12968),(45614,'Analista de cadeias produtivas (economista)',12966),(45615,'Analista de produto industrial (economista)',12966),(45616,'Analista de mercado industrial (economista)',12966),(45617,'Analista de planejamento industrial (economista)',12966),(45618,'Analista de projetos industriais (economista)',12966),(45619,'Psicólogo forense',12976),(45620,'Psicólogo criminal',12976),(45621,'Analista (psicanálise)',12981),(45622,'Psicólogo acupunturista',12973),(45623,'Psicoterapeuta',12973),(45624,'Terapeuta',12973),(45625,'Psicólogo da saúde',12973),(45626,'Psicólogo desportivo',12974),(45627,'Psicólogo organizacional',12979),(45628,'Psicólogo escolar',12972),(45629,'Psicólogo da educação',12972),(45631,'Consultor de organização',12984),(45632,'Administrador de empresas',12984),(45633,'Administrador de recursos humanos',12984),(45634,'Administrador de patrimônio',12984),(45635,'Administrador financeiro',12984),(45636,'Administrador de orçamento',12984),(45637,'Administrador de recursos tecnológicos',12984),(45638,'Administrador hospitalar',12984),(45639,'Administrador público',12984),(45640,'Analista administrativo',12984),(45641,'Gestor público (administrador)',12984),(45642,'Administrador de marketing',12984),(45643,'Administrador de pequena e média empresa',12984),(45644,'Consultor administrativo',12984),(45645,'Auditor externo (contadores e afins)',12985),(45646,'Auditor financeiro',12985),(45647,'Auditor independente (contadores e afins)',12985),(45648,'Auditor de contabilidade e orçamento',12985),(45649,'Auditor fiscal (em contabilidade)',12985),(45650,'Auditor interno (contadores e afins)',12985),(45651,'Inspetor de auditoria',12985),(45652,'Auditor contábil',12985),(45653,'Analista contábil',12986),(45654,'Contabilista',12986),(45655,'Contador judicial',12986),(45656,'Especialista contábil',12986),(45657,'Subcontador',12986),(45658,'Supervisor de contabilidade',12986),(45659,'Gerente de contabilidade',12986),(45660,'Analista de balanço',12986),(45661,'Coordenador de contabilidade',12986),(45662,'Analista de contabilidade',12986),(45663,'Analista de contas a pagar',12986),(45664,'Analista de custos',12986),(45665,'Assistente de contador de custos',12986),(45666,'Assistente de contabilidade industrial',12986),(45667,'Assistente de contadoria fiscal',12986),(45668,'Técnico de controladoria',12986),(45669,'Administrador de contadorias e registros fiscais',12986),(45670,'Analista de contas',12986),(45671,'Assistente de controladoria',12986),(45672,'Inspetor de agência bancária',12986),(45673,'Controler (contador)',12986),(45674,'Perito contador',12987),(45675,'Perito de balanço',12987),(45676,'Perito liquidador (contador)',12987),(45677,'Perito assistente (contador)',12987),(45678,'Perito judicial contábil',12987),(45679,'Assessor bilíngüe',12989),(45680,'Secretário  bilíngüe de presidência',12989),(45681,'Assistente bilíngüe',12989),(45682,'Secretário  pleno  bilíngüe',12989),(45683,'Secretário  senior bilíngüe',12989),(45684,'Auxiliar administrativo bilíngüe',12989),(45685,'Secretário  bilíngüe de diretoria',12989),(45686,'Secretário  bilíngüe de gabinete',12989),(45687,'Secretário  de diretoria',12988),(45688,'Assessor de diretoria',12988),(45689,'Assessor de presidência',12988),(45690,'Secretário  de presidência',12988),(45691,'Secretário  de gabinete',12988),(45692,'Assistente de diretoria',12988),(45693,'Assistente de presidência',12988),(45694,'Secretário  pleno',12988),(45695,'Secretário sênior',12988),(45696,'Auxiliar administrativo de presidência',12988),(45697,'Auxiliar administrativo de diretoria',12988),(45698,'Secretário  trilíngüe de diretoria',12990),(45699,'Assessor trilíngüe',12990),(45700,'Secretário  trilíngüe de presidência',12990),(45701,'Secretário  trilíngüe de gabinete',12990),(45702,'Secretário  pleno  trilíngüe ',12990),(45703,'Secretário  sênior trilíngüe ',12990),(45704,'Assistente trilíngüe',12990),(45705,'Auxiliar administrativo trilíngüe',12990),(45706,'Analista de cargos e salários',12991),(45707,'Analista de ocupações',12991),(45708,'Analista de planejamento financeiro',12999),(45709,'Agente de publicidade',13002),(45710,'Agente em RTV (rádio e televisão)',13002),(45711,'Assistente de publicidade',13002),(45712,'Comunicador visual',13002),(45713,'Especialista em propaganda',13002),(45714,'Operador de promoção (publicidade)',13002),(45715,'Publicista',13002),(45716,'Publicitário',13002),(45717,'Profissional de atendimento (agente publicitário)',13002),(45718,'Atendente de conta (agente publicitário)',13002),(45719,'Analista de serviço de vendas',13003),(45720,'Analista de comercialização de mídia',13003),(45721,'Planejador de mídia',13003),(45722,'Analista de comercialização',13003),(45723,'Analista de estudos de mercado',13004),(45724,'Assistente de gerente de pesquisa de mercado',13004),(45725,'Analista de informações de mercado',13004),(45726,'Analista de inteligência de mercado',13004),(45727,'Analista de marketing',13004),(45728,'Criador de propaganda',13001),(45729,'Criador de publicidade',13001),(45730,'Redator de promoção',13001),(45731,'Redator de comunicação',13001),(45732,'Publicitário de redação, tradução e revisão',13001),(45733,'Redator de propaganda',13001),(45734,'Criador de comerciais',13001),(45735,'Agente de relações públicas',13000),(45736,'Especialista de comunicações em relações públicas',13000),(45737,'Técnico em comunicação (relações públicas)',13000),(45738,'Assessor de relações públicas',13000),(45739,'Assistente de relações públicas',13000),(45740,'Auxiliar de relações públicas',13000),(45741,'Auxiliar de serviço de relações públicas',13000),(45742,'Ombudsman',13000),(45743,'Ouvidor',13000),(45744,'Operador de  mercadorias e derivativos',13010),(45745,'Operador de câmbio/comércio exterior',13010),(45746,'Operador financeiro',13010),(45747,'Corretor de mercadorias e futuros',13010),(45748,'Operador de bolsa de mercadorias e futuros',13010),(45749,'Operador de carteiras internacionais',13010),(45750,'Corretor de mercadorias',13010),(45751,'Operador de mesa bolsa de valores',13010),(45752,'Operador de bolsa - pregão',13010),(45753,'Operador de renda fixa',13010),(45754,'Operador de renda variável',13010),(45783,'Pesquisador de informações de rede',13026),(45784,'Bibliógrafo',13024),(45785,'Especialista de informação',13024),(45786,'Gerente de informação',13024),(45787,'Gestor de informação',13024),(45788,'Cientista de informação',13024),(45789,'Consultor de informação',13024),(45790,'Biblioteconomista',13024),(45791,'Supervisor de controle de processos documentais',13025),(45792,'Supervisor de controle documental',13025),(45793,'Técnico em suporte de documentação',13025),(45794,'Analista de documentação',13025),(45795,'Gerente de documentação',13025),(45796,'Técnico de documentação',13025),(45797,'Especialista de documentação',13025),(45798,'Encarregado de serviço de arquivo médico e estatística',13027),(45799,'Gestor de documentos',13027),(45800,'Especialista em organização de arquivos',13027),(45801,'Especialista em documentação arquivística',13027),(45802,'Administrador de arquivos',13027),(45803,'Conservador de museu',13028),(45804,'Auxiliar de museus',13028),(45805,'Especialista em documentação museológica',13028),(45806,'Especialista em educação em museus',13028),(45807,'Especialista em conservação de acervos',13028),(45808,'Especialista em museografia de exposição',13028),(45823,'Crítico de teatro',13034),(45824,'Crítico de música',13034),(45825,'Crítico de televisão',13034),(45826,'Crítico de rádio',13034),(45827,'Crítico de dança',13034),(45828,'Crítico de cinema',13034),(45829,'Crítico literário',13034),(45830,'Crítico de artes plásticas',13034),(45831,'Crítico de jornal (ombudsman)',13034),(45832,'Fabulista',13035),(45833,'Folclorista de ficção',13035),(45834,'Libretista',13035),(45835,'Memorialista de ficção',13035),(45836,'Prosador',13035),(45837,'Autor de ficção',13035),(45838,'Cronista de ficção',13035),(45839,'Dramaturgo',13035),(45840,'Contista',13035),(45841,'Escritor de cordel',13035),(45842,'Escritor de folhetim',13035),(45843,'Ensaísta de ficção',13035),(45844,'Letrista (música)',13035),(45845,'Romancista',13035),(45846,'Novelista (escritor)',13035),(45847,'Escritor de novela de televisão',13035),(45848,'Escritor de novela de rádio',13035),(45849,'Escritor de obras educativas de ficção',13035),(45850,'Escritor de histórias em quadrinhos',13035),(45851,'Glossarista',13038),(45852,'Redator de manuais técnicos',13038),(45853,'Redator de textos científicos',13038),(45854,'Redator de textos comerciais',13038),(45855,'Redator de anais',13038),(45856,'Redator de jornal',13038),(45857,'Autor-roteirista de rádio',13033),(45858,'Autor-roteirista de televisão',13033),(45859,'Autor-roteirista de cinema',13033),(45860,'Autor-roteirista de teatro',13033),(45861,'Autor-roteirista multimídia',13033),(45862,'Adaptador de obras para teatro, cinema e televisão',13033),(45863,'Dramaturgista',13033),(45864,'Argumentista-roteirista de história em quadrinhos',13033),(45865,'Memorialista de não-ficção',13036),(45866,'Enciclopedista',13036),(45867,'Escritor de obras científicas',13036),(45868,'Cronista de não ficção',13036),(45869,'Folclorista de não ficção',13036),(45870,'Ensaísta de não ficção',13036),(45871,'Escritor de obras educativas de não ficção',13036),(45872,'Escritor de obra didática',13036),(45873,'Escritor de obras técnicas',13036),(45874,'Biógrafo',13036),(45875,'Trovador',13037),(45876,'Letrista',13037),(45877,'Comentarista de esportes',13045),(45878,'Comentarista cultural',13045),(45879,'Comentarista de jornal',13045),(45880,'Comentarista político',13045),(45881,'Comentarista econômico',13045),(45882,'Comentarista de moda',13045),(45883,'Comunicador de rádio e televisão',13046),(45884,'Locutor-operador',13046),(45885,'Locutor noticiarista',13046),(45886,'Locutor de notícias',13046),(45887,'Locutor de chamadas (promocionais e institucionais)',13046),(45888,'Disc-jockey (rádio)',13046),(45889,'Locutor esportivo',13046),(45890,'Locutor de telejornal',13046),(45891,'Apresentador de rádio e televisão',13044),(45892,'Narrador esportivo',13048),(45893,'Repórter de televisão ',13049),(45894,'Rádio repórter',13049),(45895,'Repórter de rádio',13049),(45896,'Locutor comercial',13047),(45897,'Locutor anunciador',13047),(45898,'Retratista',13052),(45899,'Fotógrafo social',13052),(45900,'Fotojornalista',13053),(45901,'Fotógrafo de arquitetura',13050),(45902,'Fotógrafo de aerofotografia',13050),(45903,'Fotógrafo industrial',13050),(45904,'Fotógrafo científico',13050),(45905,'Fotógrafo de sensoriamento remoto',13050),(45906,'Fotógrafo de foto submarina',13050),(45907,'Fotógrafo documentarista',13050),(45908,'Produtor de imagem (cinema)',13055),(45909,'Produtor de som (cinema)',13055),(45910,'Produtor de som (rádio)',13056),(45911,'Produtor de som (televisão)',13058),(45912,'Produtor de imagem (televisão)',13058),(45913,'Produtor de programa',13058),(45914,'Produtor de som (teatro)',13057),(45915,'Assistente de direção de teatro',13061),(45916,'Diretor de estúdio cinematográfico',13059),(45917,'Diretor cinematográfico',13059),(45918,'Cineasta',13059),(45919,'Assistente de direção de cinema',13059),(45920,'Encenador teatral',13062),(45921,'Ensaiador de teatro',13062),(45922,'Gerente de arte teatral',13062),(45923,'Assistente de direção',13062),(45924,'Diretor de televisão',13062),(45925,'Diretor circense',13062),(45926,'Diretor de produção',13062),(45964,'Artista de cinema',13071),(45965,'Ator dramático',13071),(45966,'Coadjuvante (artístico)',13071),(45967,'Comediante',13071),(45968,'Contador de história',13071),(45969,'Declamador',13071),(45970,'Figurante',13071),(45971,'Rádio-ator',13071),(45972,'Teleator',13071),(45973,'Artista de rádio',13071),(45974,'Teleatriz',13071),(45975,'Vedete',13071),(45976,'Ator bonequeiro',13071),(45977,'Ator dublador',13071),(45978,'Mímico',13071),(45979,'Humorista',13071),(45980,'Artista de teatro',13071),(45981,'Artista de televisão',13071),(45982,'Artista dramático',13071),(45983,'Ator de cinema',13071),(45984,'Ator de rádio',13071),(45985,'Ator de teatro',13071),(45986,'Ator de televisão',13071),(45987,'Maestro correpetidor',13074),(45988,'Diretor regente musical',13074),(45989,'Regente assistente',13074),(45990,'Diretor regente de bateria',13074),(45991,'Regente de coral',13074),(45992,'Regente de orquestra',13074),(45993,'Auxiliar de maestro',13074),(45994,'Maestro de banda',13074),(45995,'Regente auxiliar',13074),(45996,'Regente de banda',13074),(45997,'Instrutor de banda',13074),(45998,'Maestro',13074),(45999,'Instrutor de fanfarra',13074),(46000,'Mestre de banda',13074),(46001,'Mestre de bateria',13074),(46002,'Regente interno',13074),(46003,'Historiador em música',13075),(46004,'Pesquisador em música',13075),(46005,'Compositor de música',13072),(46006,'Autor de música',13072),(46007,'Orquestrador',13073),(46008,'Nutricionista (saúde pública)',13077),(46009,'Auxiliar de dietista',13076),(46010,'Auxiliar de nutrição e dietética',13076),(46011,'Músico intérprete instrumentista erudito',13079),(46012,'Músico intérprete instrumentista popular',13079),(46013,'Músico intérprete cantor popular',13078),(46014,'Músico intérprete cantor erudito',13078),(46015,'Dançarino',13081),(46016,'Bailarino intérprete',13081),(46017,'Bailarino criador',13081),(46018,'Bailarino coreógrafo',13082),(46019,'Coreógrafo bailarino',13082),(46020,'Maître de ballet',13085),(46021,'Ambientador',13086),(46022,'Decorador de interiores',13086),(46023,'Designers de ambientes',13086),(46024,'Designers de interiores',13086),(46025,'Planejador de interiores',13086),(46026,'Abade',13087),(46027,'Abadessa',13087),(46028,'Administrador apostólico',13087),(46029,'Administrador paroquial',13087),(46030,'Agaipi',13087),(46031,'Agbagigan',13087),(46032,'Agente de pastoral',13087),(46033,'Agonjaí',13087),(46034,'Alabê',13087),(46035,'Alapini',13087),(46036,'Alayan',13087),(46037,'Ancião',13087),(46038,'Apóstolo',13087),(46039,'Arcipreste',13087),(46040,'Axogum',13087),(46041,'Babá de umbanda',13087),(46042,'Babakekerê',13087),(46043,'Babalawô',13087),(46044,'Babalorixá',13087),(46045,'Babalossain',13087),(46046,'Babaojé',13087),(46047,'Bikkhu',13087),(46048,'Bikkuni',13087),(46049,'Bispo auxiliar',13087),(46050,'Bispo coadjutor',13087),(46051,'Bispo emérito',13087),(46052,'Cambono ',13087),(46053,'Catequista',13087),(46054,'Cônega',13087),(46055,'Confessor',13087),(46056,'Cura',13087),(46057,'Curimbeiro',13087),(46058,'Dabôce',13087),(46059,'Dada voduno',13087),(46060,'Dáia',13087),(46061,'Daiosho',13087),(46062,'Deré',13087),(46063,'Dirigente espiritual de umbanda',13087),(46064,'Dom',13087),(46065,'Doné',13087),(46066,'Doté',13087),(46067,'Egbonmi',13087),(46068,'Ekêdi',13087),(46069,'Episcopiza',13087),(46070,'Evangelista',13087),(46071,'Frade',13087),(46072,'Frei',13087),(46073,'Freira',13087),(46074,'Gaiaku',13087),(46075,'Gãtó',13087),(46076,'Gheshe',13087),(46077,'Humbono',13087),(46078,'Hunjaí',13087),(46079,'Huntó',13087),(46080,'Instrutor de curimba',13087),(46081,'Instrutor leigo de meditação budista',13087),(46082,'Irmã',13087),(46083,'Irmão',13087),(46084,'Iyakekerê',13087),(46085,'Iyalorixá',13087),(46086,'Iyamorô',13087),(46087,'Iyawo',13087),(46088,'Izadioncoé',13087),(46089,'Kambondo pokó',13087),(46090,'Kantoku (diretor de missão)',13087),(46091,'Kunhã-karaí',13087),(46092,'Kyôshi (mestre)',13087),(46093,'Lama budista tibetano',13087),(46094,'Madre superiora',13087),(46095,'Madrinha de umbanda',13087),(46096,'Mameto ndenge',13087),(46097,'Mameto nkisi',13087),(46098,'Mejitó',13087),(46099,'Meôncia',13087),(46100,'Metropolita',13087),(46101,'Ministro da eucaristia',13087),(46102,'Ministro das ezéquias',13087),(46103,'Monge',13087),(46104,'Monge budista',13087),(46105,'Monge oficial responsável por templo budista (Jushoku)',13087),(46107,'Monsenhor',13087),(46108,'Mosoyoyó',13087),(46109,'Muézin',13087),(46110,'Muzenza',13087),(46111,'Nhanderú arandú',13087),(46112,'Nisosan',13087),(46113,'Nochê',13087),(46114,'Noviço ',13087),(46115,'Oboosan',13087),(46116,'Olorixá',13087),(46117,'Osho',13087),(46118,'Padre',13087),(46119,'Padrinho de umbanda',13087),(46120,'Pagé',13087),(46121,'Pároco',13087),(46122,'Pastor evangélico',13087),(46123,'Pegigan',13087),(46124,'Pontífice',13087),(46125,'Pope',13087),(46126,'Prelado',13087),(46127,'Presbítero',13087),(46128,'Primaz',13087),(46129,'Prior',13087),(46130,'Prioressa',13087),(46131,'Reitor',13087),(46132,'Religiosa',13087),(46133,'Religioso leigo',13087),(46135,'Rimban (reitor de templo provincial)',13087),(46136,'Roshi',13087),(46137,'Sacerdote',13087),(46138,'Sacerdotisa',13087),(46139,'Seminarista',13087),(46140,'Sheikh',13087),(46141,'Sóchó (superior de missão)',13087),(46142,'Sokan',13087),(46143,'Superintendente de culto religioso',13087),(46144,'Superior de culto religioso',13087),(46145,'Superior geral',13087),(46146,'Superiora de culto religioso',13087),(46147,'Swami',13087),(46148,'Tata kisaba',13087),(46149,'Tata nkisi',13087),(46150,'Tateto ndenge',13087),(46151,'Testemunha qualificada do matrimônio',13087),(46152,'Toy hunji',13087),(46153,'Toy vodunnon',13087),(46154,'Upasaka',13087),(46155,'Upasika',13087),(46156,'Vigário',13087),(46157,'Voduno ( ministro de culto religioso)',13087),(46158,'Vodunsi (ministro de culto religioso)',13087),(46159,'Vodunsi poncilê (ministro de culto religioso)',13087),(46160,'Xeramõe (ministro de culto religioso)',13087),(46161,'Xondaria (ministro de culto religioso)',13087),(46162,'Xondáro (ministro de culto religioso)',13087),(46163,'Ywyrájá (ministro de culto religioso)',13087),(46164,'Bispo',13087),(46165,'Capelão',13087),(46166,'Cardeal',13087),(46167,'Clérigo',13087),(46168,'Cônego',13087),(46169,'Rabino',13087),(46170,'Reverendo',13087),(46171,'Arcebispo',13087),(46172,'Diácono',13087),(46173,'Diácono permanente',13087),(46174,'Pastor',13088),(46175,'Pastor evangelista',13088),(46177,'Lama tibetano',13088),(46178,'Swami (missionário)',13088),(46179,'Missionário leigo ',13088),(46180,'Missionário religioso ',13088),(46181,'Missionário sacerdote',13088),(46182,'Obreiro bíblico ',13088),(46183,'Bikku - bikkhuni',13088),(46186,'Jushoku',13088),(46187,'Sóchó',13088),(46189,'Zenji (missionário)',13088),(46190,'Kaikyôshi',13088),(46192,'Teóloga',13089),(46193,'Consagrado ',13089),(46194,'Leigo consagrado ',13089),(46195,'Álim',13089),(46196,'Cádi',13089),(46197,'Conselheiro do tribunal eclesiástico',13089),(46198,'Exegeta',13089),(46199,'Conselheiro correicional eclesiástico',13089),(46200,'Mufti',13089),(46202,'Especialista em história da tradição, doutrina e textos sagrados',13089),(46203,'Imã',13089),(46204,'Obá',13089),(46205,'Agbá',13089),(46206,'Bokonô',13089),(46207,'Juiz do tribunal eclesiástico',13089),(46996,'Professor de língua portuguesa no ensino supletivo do ensino fundamental de 5ª a 8ª série',13419),(46997,'Professor de matemática na educação de jovens e adultos do ensino fundamental de 5ª a 8ª série ',13420),(46998,'Professor de ciências na educação de jovens e adultos do ensino fundamental de 5ª a 8ª série',13413),(46999,'Professor de ciências naturais no ensino fundamental de 5ª a 8ª série ',13413),(47000,'Professor de geografia na educação de jovens e adultos do ensino fundamental de 5ª a 8ª série ',13416),(47001,'Professor de língua estrangeira moderna  no ensino supletivo do ensino fundamental de  5ª a 8ª série',13418),(47002,'Professor de artes na educação de jovens e adultos do ensino fundamental de 5ª a 8ª série ',13414),(47003,'Professor de artes do ensino fundamental de de 5ª a 8ª série ',13414),(47004,'Professor de história na educação de jovens e adultos do ensino fundamental de 5ª a 8ª série',13417),(47005,'Professor de educação física na educação de jovens e adultos do ensino fundamental de 5ª a 8ª série ',13415),(50986,'Coordenador de ensino',14712),(50987,'Auxiliar de coordenação de ensino fundamental de primeira a quarta séries',14712),(50988,'Coordenador de disciplina e área de estudo',14712),(50989,'Auxiliar de coordenador escolar',14712),(50990,'Coordenador auxiliar de curso',14712),(50991,'Coordenador escolar',14712),(50992,'Técnico de orientação profissional',14713),(50993,'Orientador de disciplina e área de estudo',14713),(50994,'Auxiliar de orientação educacional',14713),(50995,'Orientador de ensino',14713),(50996,'Orientador escolar',14713),(50997,'Orientador profissional',14713),(50998,'Orientador vocacional e profissional',14713),(50999,'Professor de orientação educacional',14713),(51000,'Auxiliar de orientação pedagógica em educação fundamental de primeira a quarta séries',14714),(51001,'Auxiliar de orientação pedagógica',14714),(51002,'Coordenador de orientação pedagógica',14714),(51003,'Coordenador de serviço de orientação pedagógica',14714),(51004,'Supervisor educacional',14717),(51005,'Auxiliar de supervisão de ensino',14717),(51006,'Auxiliar de supervisor escolar',14717),(51007,'Supervisor pedagógico',14717),(51010,'Designer instrucional',14718),(51011,'Desenhista instrucional',14718),(51012,'Projetista instrucional',14718),(51013,'Oceanólogo',14709),(51024,'Biologista',14725),(51025,'Analista de micróbios',14725),(51027,'Histologista',14725),(51028,'Microbiologista',14725),(51029,'Insetologista',14725),(51030,'Citologista',14725),(51031,'Hidrobiologista',14725),(51032,'Dentista',14727),(51033,'Odontologista',14727),(51034,'Odontologista social',14743),(51035,'Odontólogo',14727),(51036,'Endodontólogo',14728),(51037,'Canalista',14728),(51038,'Odontólogo-endodontista',14728),(51039,'Dentista de idosos',14732),(51040,'Dentista de terceira idade',14732),(51041,'Odontopediatra',14734),(51042,'Dentista de criança',14734),(51043,'Ortodontista',14735),(51044,'Ortodontólogo',14735),(51045,'Dentista de aparelho',14735),(51046,'Ortopedista maxilar',14735),(51047,'Periodontista',14737),(51048,'Dentista de gengivas',14737),(51049,'Protesista bucomaxilofacial',14738),(51050,'Odontólogo protesista',14739),(51051,'Protesista',14739),(51052,'Reabilitador oral',14739),(51053,'Odontoradiologista',14740),(51054,'Odontólogo (cirurgia e traumatologia bucomaxilofacial)',14742),(51055,'Cirurgião oral e maxilofacial',14742),(51056,'Odontólogo de saúde coletiva',14743),(51057,'Dentista de sáude coletiva',14743),(51058,'Odontólogo de saúde pública',14743),(51070,'Dentística restauradora',14745),(51072,'Odontologia ocupacional',14744),(51073,'Disfunção de atm',14746),(51074,'Disfunção e dor',14746),(51075,'Dentista da dor',14746),(51076,'Dtm/dof',14746),(51077,'Dentista de excepicionais',14747),(51078,'Dentistas de deficientes',14747),(51079,'Dentista de cuidados especiais',14747),(51080,'Dentista de pacientes especiais',14747),(51081,'Dentista de pacientes com necessidades especiais',14747),(51167,'Paisagista',14805),(51168,'Arquiteto da paisagem',14805),(51169,'Engenheiro arquiteto',14802),(51170,'Projetista (arquiteto)',14802),(51171,'Planejador urbano',14806),(51172,'Restaurador de edificações',14804),(51173,'Conservador de edificações',14804),(51174,'Arquiteto restaurador',14804),(51175,'Arquiteto de restauro',14804),(51191,'Peripatologista',14826),(51192,'Professor em orientação e mobilidade de deficientes visuais',14826),(51193,'Especialista em orientação e mobilidade de deficientes visuais',14826),(51283,'Crítico textual',14853),(51284,'Filólogo dicionarista',14853),(51285,'Tradutor simultâneo',14854),(51286,'Intérprete de conferência',14854),(51287,'Intérprete de comunicação eletrônica',14854),(51288,'Intérprete comercial',14854),(51289,'Lexicógrafo',14855),(51290,'Lexicólogo',14855),(51291,'Lingüista dicionarista',14855),(51292,'Vocabularista',14855),(51293,'Tradutor público juramentado',14856),(51294,'Tradutor de textos escritos',14856),(51296,'Tradutor de textos eletrônicos',14856),(51323,'Engenheiro projetista',14880),(51324,'Engenheiro orçamentista',14880),(51325,'Engenheiro de planejamento',14880),(51326,'Engenheiro civil (mecânica de solos)',14885),(51327,'Engenheiro civil (fundações)',14885),(51328,'Engenheiro de segurança viária',14890),(51329,'Engenheiro de sinalização viária',14890),(51330,'Engenheiro civil (terraplanagem)',14890),(51331,'Engenheiro rodoviário',14890),(51332,'Engenheiro de estradas',14890),(51333,'Engenheiro de pavimentação',14890),(51334,'Engenheiro de geometria',14890),(51335,'Engenheiro de projetos viários',14890),(51336,'Engenheiro civil (obras sanitárias)',14891),(51337,'Engenheiro sanitarista',14891),(51338,'Engenheiro de tráfego',14893),(51339,'Engenheiro de logística',14893),(51340,'Analista de projetos viários',14893),(51341,'Analista de transportes e trânsito',14893),(51342,'Analista de tráfego',14893),(51343,'Engenheiro de trânsito',14893),(51344,'Engenheiro de operação (transporte rodoviário)',14893),(51345,'Engenheiro de transportes',14893),(51346,'Chargista',14894),(51347,'Artista plástico',14894),(51348,'Desenhista de produto gráfico (design promocional)',14895),(51349,'Desenhista  produto gráfico (embalagem)',14895),(51350,'Desenhista de produto gráfico (sinalização gráfica ambiental)',14895),(51351,'Desenhista de produto (agroindústria)',14895),(51352,'Desenhista de produto (artigos esportivos)',14895),(51353,'Desenhista de produto (aparelhos e equipamentos hospitalares)',14895),(51354,'Desenhista de produto (aparelhos e equipamentos para deficientes)',14895),(51355,'Desenhista de produto (brinquedos)',14895),(51356,'Desenhista de produto (construção civil)',14895),(51357,'Desenhista de produto (higiene pessoal)',14895),(51358,'Desenhista de páginas da internet (web designer)',14895),(51359,'Cartunista',14894),(51360,'Ceramista (artes visuais)',14894),(51361,'Pintor (artes visuais)',14894),(51362,'Aquarelista',14894),(51363,'Escultor',14894),(51364,'Gravador (artes visuais)',14894),(51365,'Grafiteiro (artes visuais)',14894),(51366,'Artesão (artista visual)',14894),(51367,'Ilustrador (artes visuais)',14894),(51368,'Caricaturista',14894),(51369,'Desenhista de produto (iluminação)',14895),(51370,'Desenhista de produto (indústria farmacêutica)',14895),(51371,'Desenhista de produto (jóias e bijuterias)',14895),(51372,'Desenhista de produto (máquinas e equipamentos)',14895),(51373,'Desenhista de produto (material promocional)',14895),(51374,'Desenhista de produto (mobiliário)',14895),(51375,'Desenhista de produto de moda',14895),(51376,'Desenhista de produto (objetos para escritório)',14895),(51377,'Desenhista de produto (transporte)',14895),(51378,'Desenhista de produto (utilidades domésticas)',14895),(51379,'Desenhista de produto (embalagem)',14895),(51380,'Desenhista de produto gráfico (identidade visual)',14895),(51381,'Desenhista de produto gráfico (papelaria)',14895),(51382,'Desenhista de produto gráfico (design editorial)',14895),(51383,'Diretor adjunto',14898),(51384,'Editor executivo',14899),(51385,'Repórter correspondente',14902),(51386,'Repórter cinematográfico',14902),(51387,'Editor assistente',14899),(51388,'Editor de área',14899),(51389,'Editor de arte',14899),(51390,'Editor de fotografia',14899),(51391,'Editor de rádio',14899),(51392,'Editor de web',14899),(51393,'Editor de imagem',14899),(51394,'Editorialista',14900),(51395,'Roteirista de jornal',14900),(51396,'Colunista',14900),(51397,'Colunista de jornal',14900),(51398,'Correspondente de jornal',14900),(51399,'Assistente de editorial',14900),(51400,'Jornalista-empregador',14900),(51401,'Jornalista exclusive empregador',14900),(51402,'Radiojornalista',14900),(51403,'Roteirista na imprensa',14900),(51404,'Correspondente de línguas estrangeiras',14900),(51405,'Cronista',14900),(51406,'Diarista-em jornal',14900),(51407,'Diretor noticiarista',14900),(51408,'Repórter de web',14902),(51409,'Repórter especial',14902),(51410,'Repórter de área',14902),(51411,'Engenheiro de meio ambiente',14905),(51412,'Intérprete simultâneo',14854),(51413,'Terminólogo',14855),(51414,'Terminógrafo',14855),(51415,'Intérprete de libras',14857),(51416,'Tradutor de libras',14857),(51417,'Guia-intérprete',14857),(51418,'Intérprete educacional',14857),(51419,'Tradutor-intérprete de libras',14857),(51420,'Restaurador de obras de arte',14904),(51421,'Designer',14895),(51422,'Designer industrial',14895),(56997,'Operador de máquinas de fabricar cigarros e cigarrilhas',16697),(56998,'Auxiliar na fabricação de cigarros e cigarrilhas',16697),(57628,'Prostituta',16841),(57629,'Messalina',16841),(57630,'Trabalhador do sexo',16841),(57631,'Michê',16841),(57632,'Meretriz',16841),(57633,'Mulher da vida',16841),(57634,'Garoto de programa',16841),(57635,'Garota de programa',16841),(57636,'Tenente-brigadeiro',16842),(57637,'Major-brigadeiro',16842),(57638,'Marechal-do-ar',16842),(57639,'Brigadeiro',16842),(57640,'Marechal',16843),(57641,'General-de-exército',16843),(57642,'General-de-divisão',16843),(57643,'General-de-brigada',16843),(57644,'Contra-almirante',16844),(57645,'Almirante',16844),(57646,'Almirante-de-esquadra',16844),(57647,'Vice-almirante',16844),(57648,'Coronel',16845),(57649,'Tenente-coronel',16845),(57650,'Major',16845),(57651,'Capitão',16845),(57652,'Primeiro-tenente',16845),(57653,'Segundo-tenente',16845),(57654,'Coronel',16846),(57655,'Tenente-coronel',16846),(57656,'Major',16846),(57657,'Capitão',16846),(57658,'Primeiro-tenente',16846),(57659,'Segundo-tenente',16846),(57660,'Capitão-de-mar-e-guerra',16847),(57661,'Capitão-de-fragata',16847),(57662,'Capitão-de-corveta',16847),(57663,'Capitão-tenente',16847),(57664,'Primeiro-tenente',16847),(57665,'Segundo-tenente',16847),(57666,'Suboficial',16848),(57667,'Primeiro-sargento',16848),(57668,'Segundo-sargento',16848),(57669,'Terceiro-sargento',16848),(57670,'Cabo',16848),(57671,'Taifeiro-mor',16848),(57672,'Soldado',16848),(57673,'Taifeiro',16848),(57674,'Subtenente',16849),(57675,'Primeiro-sargento',16849),(57676,'Segundo-sargento',16849),(57677,'Terceiro-sargento',16849),(57678,'Cabo',16849),(57679,'Taifeiro-mor',16849),(57680,'Soldado',16849),(57681,'Taifeiro',16849),(57682,'Suboficial',16850),(57683,'Primeiro-sargento',16850),(57684,'Segundo-sargento',16850),(57685,'Terceiro-sargento',16850),(57686,'Cabo',16850),(57687,'Marinheiro',16850),(57688,'Soldado fuzileiro naval',16850),(57689,'Coronel do corpo de bombeiros militar',16861),(57690,'Major do corpo de bombeiros militar',16862),(57691,'Tenente-coronel do corpo de bombeiros militar',16863),(57692,'Capitão do corpo de bombeiros militar',16864),(57693,'Primeiro-tenente bombeiro militar',16865),(57694,'Primeiro-tenente do corpo de bombeiros',16865),(57695,'Segundo-tenente bombeiro militar',16865),(57696,'Segundo-tenente do corpo de bombeiros',16865),(57697,'Oficial subalterno do corpo de bombeiros militar',16865),(57698,'Subtenente do corpo de bombeiros militar',16866),(57699,'Sargento do corpo de bombeiros militar',16867),(57700,'Juiz federal  de segunda  instância',16888),(57701,'Juiz do tribunal regional do trabalho',16888),(57702,'Juiz de direito de primeira instância',16889),(57703,'Juiz de alçada',16889),(57704,'Desembargadores',16889),(57705,'Juiz do tribunal regional federal',16890),(57706,'Juiz dos tribunais militares estaduais',16892),(57707,'Secretário de estado (serviço público federal)',16894),(57708,'Subsecretário de estado (serviço público federal)',16894),(57709,'Diretor do serviço público federal',16894),(57710,'Coordenador geral do serviço público federal',16894),(57711,'Secretário (diplomacia)',16894),(57712,'Funcionário público federal superior',16894),(57713,'Conselheiro (diplomacia)',16894),(57714,'Ministro (diplomacia)',16894),(57715,'Coordenador  do serviço público federal',16894),(57716,'Gerente do serviço público federal',16894),(57717,'Secretário estadual e distrital (serviço público estadual e distrital)',16895),(57718,'Coordenador do serviço público estadual e distrital',16895),(57719,'Gerente do serviço público estadual e distrital',16895),(57720,'Chefe do serviço público estadual e distrital',16895),(57721,'Funcionário público estadual e distrital superior',16895),(57722,'Chefe de assessoria técnica do serviço público municipal',16896),(57723,'Chefe de gabinete do serviço público municipal',16896),(57724,'Funcionário público municipal superior',16896),(57725,'Secretário municipal (serviço público municipal)',16896),(57726,'Diretor de departamento do  serviço público municipal',16896),(57727,'Diretor de divisão do serviço público municipal',16896),(57728,'Tuxaua',16899),(57729,'Morubixaba',16899),(57730,'Coordenador de associação quilombola',16901),(57731,'Líder quilombola',16901),(57732,'Dirigente partidário',16902),(57733,'Líder partidário',16902),(57734,'Dirigente político',16902),(57735,'Diretor de sindicato de trabalhadores',16903),(57736,'Diretor de sindicato patronal',16904),(57737,'Gestor de entidade religiosa',16905),(57738,'Diretor de entidade religiosa',16905),(57739,'Secretário-executivo de entidade religiosa',16905),(57740,'Coordenador de entidade religiosa',16905),(57741,'Dirigente de organização não-governamental',16906),(57742,'Dirigente de clube e associação esportiva',16906),(57743,'Dirigente de organização de proteção ao meio ambiente',16906),(57744,'Dirigente de organização filantrópica',16906),(57745,'Dirigente de organização de desenvolvimento cultural',16906),(57746,'Dirigente de organização humanitária',16906),(57747,'Dirigente de organização de defesa de direitos',16906),(57748,'Diretor de produção na agropecuária',16909),(57749,'Diretor de produção em empresa florestal',16911),(57750,'Diretor de produção em empresa pesqueira',16912),(57751,'Diretor de produção em utilidades',16913),(57752,'Diretor de produção na indústria de transformação',16913),(57753,'Diretor de produção na mineração',16913),(57754,'Superintendente de operações industriais',16913),(57755,'Diretor de obras pública e civil',16914),(57756,'Diretor de contratos de obras pública e civil',16914),(57757,'Diretor de produção de obras pública e civil',16914),(57758,'Superintendente de contratos de operações de obras pública e civil',16914),(57759,'Diretor de correios',16919),(57760,'Coordenador geral de operações de correios',16919),(57761,'Diretor de gestão portuária',16920),(57762,'Gerente de terminal em operações de armazenamento',16920),(57763,'Diretor de redes (telecomunicações)',16921),(57764,'Diretor regional (telecomunicações)',16921),(57765,'Diretor de operações de radiodifusão',16921),(57766,'Diretor de logística em operações de transportes',16922),(57767,'Diretor adjunto comercial em operações de intermediação financeira',16923),(57768,'Diretor de plataforma em operações de intermediação financeira',16923),(57769,'Diretor regional em operações de intermediação financeira',16923),(57770,'Superintendente administrativo',16934),(57771,'Superintendente administrativo e financeiro',16935),(57772,'Superintendente financeiro',16936),(57773,'Diretor de planejamento financeiro',16936),(57774,'Diretor de finanças',16936),(57775,'Superintendente de finanças',16936),(57776,'Diretor de capital humano',16937),(57777,'Vice-presidente de vendas',16939),(57778,'Diretor geral de vendas',16939),(57779,'Diretor de vendas',16939),(57780,'Superintendente comercial',16939),(57781,'Vice-presidente comercial',16939),(57782,'Superintendente de marketing',16940),(57783,'Vice-presidente de marketing',16940),(57784,'Diretor de logística e de suprimentos',16941),(57785,'Diretor de compras',16941),(57786,'Diretor de tecnologia da informação',16943),(57787,'Diretor de informática',16943),(57788,'Diretor de tecnologia',16943),(57789,'Superintendente de desenvolvimento de produtos e processos',16944),(57790,'Diretor de tecnologia (pesquisa e desenvolvimento)',16944),(57791,'Diretor técnico (pesquisa e desenvolvimento)',16944),(57792,'Superintendente de manutenção',16945),(57793,'Diretor de operações e manutenção',16945),(57794,'Diretor de biblioteca',16946),(57795,'Superintendente de relações institucionais',16946),(57796,'Diretor de relações interinstitucionais',16946),(57797,'Superintendente de serviços culturais',16946),(57798,'Diretor de pesquisa',16946),(57799,'Diretor de ong (organização não-governamental)',16946),(57800,'Diretor de organização social e interesse público',16946),(57801,'Diretor executivo de instituições culturais',16946),(57802,'Diretor de museu',16946),(57803,'Diretor de departamento de esportes',16947),(57804,'Diretor de osip (organização social de interesse público)',16947),(57805,'Coordenador executivo',16948),(57806,'Administrador de instituições culturais',16948),(57807,'Superintendente de seção de estudos e programação',16948),(57808,'Superintendente de seção de estudos especiais',16948),(57809,'Coordenador de eventos',16948),(57810,'Gerente de departamento de planejamento e análise',16948),(57811,'Gerente de departamento de planejamento e pesquisa',16948),(57812,'Gerente de divisão de pesquisas e análise',16948),(57813,'Gerente de planejamento e estatística',16948),(57814,'Gerente de ong (organização não-governamental)',16948),(57815,'Diretor de futebol',16949),(57816,'Gerente de pesquisas no ibge (instituto brasileiro de geografia e estatística)',16949),(57817,'Coordenador de projetos sociais',16949),(57818,'Gerente de organização social de interesse público',16949),(57819,'Chefe de serviço de pesquisa e estatística',16949),(57820,'Diretor clínico',16950),(57821,'Diretor de divisão médica',16950),(57822,'Diretor de unidade hospitalar',16950),(57823,'Diretor médico-hospitalar',16950),(57824,'Diretor de unidade de saúde',16950),(57825,'Diretor de unidade assistencial',16950),(57826,'Diretor técnico de unidade hospitalar',16950),(57827,'Diretor de departamento de saúde',16950),(57828,'Diretor de departamento médico',16950),(57829,'Diretor de serviços médicos',16950),(57830,'Administrador de ambulatório',16951),(57831,'Gerente de ambulatório',16951),(57832,'Gerente de enfermagem',16951),(57833,'Gerente de nutrição em unidades de saúde',16951),(57834,'Gerente de apoio e diagnóstico de saúde',16951),(57835,'Chefe de serviços de saúde',16951),(57836,'Gerente de pronto-socorro',16951),(57837,'Gerente de programas de saúde',16951),(57838,'Gerente da área de saúde mental',16951),(57839,'Diretor de estabelecimento de ensino fundamental privado',16952),(57840,'Diretor de estabelecimento de ensino superior privado',16952),(57841,'Diretor de escola religiosa privada',16952),(57842,'Diretor adjunto de escolas privadas',16952),(57843,'Diretor de colégio privado',16952),(57844,'Diretor de escola privada',16952),(57845,'Diretor de estabelecimento de ensino médio privado',16952),(57846,'Diretor de internato privado',16952),(57847,'Diretor de centro de educação infantil (creche e pré-escola) privado',16952),(57848,'Diretor de unidade integrada de pré-escola privada',16952),(57849,'Diretor de centro de formação profissional privado',16952),(57850,'Subdiretor de ensino privado',16952),(57851,'Vice-diretor de escola de classe pública',16953),(57852,'Vice-diretor de centro de educação infantil público',16953),(57853,'Diretor de escola de classe pública',16953),(57854,'Vice-diretor de centro de ensino fundamental público',16953),(57855,'Diretor de centro de ensino fundamental público',16953),(57856,'Diretor de centro de ensino médio público',16953),(57857,'Diretor de centro de ensino especial público',16953),(57858,'Diretor de centro de ensino supletivo público',16953),(57859,'Vice-diretor de centro de ensino especial público',16953),(57860,'Vice-diretor de centro de ensino supletivo público',16953),(57861,'Vice-diretor de centro interescolar de línguas público',16953),(57862,'Vice-diretor de centro de ensino médio, profissionalizante público',16953),(57863,'Diretor de centro de ensino médio profissionalizante público',16953),(57864,'Vice-diretor de escola pública',16953),(57865,'Diretor de colégio público',16953),(57866,'Vice-diretor de grupo escolar público',16953),(57867,'Vice-diretor de centro de ensino médio público',16953),(57868,'Vice-diretor de colégio público',16953),(57869,'Diretor de caic público',16953),(57870,'Diretor de centro de educação infantil público',16953),(57871,'Diretor de escola pública',16953),(57872,'Chefe de departamento em escolas privadas',16954),(57873,'Chefe de centro de formação profissional privado',16954),(57874,'Gerente de centro de formação profissional em escolas privadas',16954),(57875,'Gerente de centro de educação profissional em escolas privadas',16954),(57876,'Gerente de apoio educacional em escolas privadas',16954),(57877,'Gerente de departamento florestal',16957),(57878,'Gerente operacional florestal',16957),(57879,'Coordenador de produção de madeira',16957),(57880,'Gerente de produção florestal',16957),(57881,'Gerente de produção na agropecuária',16958),(57882,'Gerente de agropecuária',16958),(57883,'Gerente operacional na agropecuária',16958),(57884,'Gerente de frota pesqueira',16959),(57885,'Administrador de empresas de pesca',16959),(57886,'Gerente de empresa de pesca',16959),(57887,'Sócio-proprietário de areal - empregador',16960),(57888,'Gerente de processos',16960),(57889,'Lombilheiro - empregador',16960),(57890,'Marmorista - na extração - empregador',16960),(57891,'Salineiro (empregador)',16960),(57892,'Sócio-proprietário - na extração mineral - empregador',16960),(57893,'Sócio-proprietário de pedreira - empregador',16960),(57894,'Proprietário de areal - empregador',16960),(57895,'Proprietário de pedreira - empregador',16960),(57896,'Seleiro - na fabricação - empregador',16960),(57897,'Talabarteiro - empregador (selas)',16960),(57898,'Proprietário de porto de areia - empregador',16960),(57899,'Proprietário de saibreira - empregador',16960),(57900,'Proprietário de salina - empregador',16960),(57901,'Salineiro - empregador',16960),(57902,'Salineiro - na extração - empregador',16960),(57903,'Joalheiro - na fabricação - empregador',16960),(57904,'Sócio-proprietário de porto de areia - empregador',16960),(57905,'Sócio-proprietário de saibreira - empregador',16960),(57906,'Sócio-proprietário de salina - empregador',16960),(57907,'Banguezeiro - empregador',16960),(57908,'Banguezista - empregador',16960),(57909,'Cervejeiro - empregador',16960),(57910,'Correeiro - empregador',16960),(57911,'Correiro - empregador',16960),(57912,'Corrieiro - empregador',16960),(57913,'Curtidor - empregador',16960),(57914,'Gerente de departamento de produção',16960),(57915,'Gerente de departamento de fabricação',16960),(57916,'Gerente de departamento industrial',16960),(57917,'Gerente de fábrica',16960),(57918,'Gerente de manufatura',16960),(57919,'Gerente de montagem',16960),(57920,'Gerente de produção',16960),(57921,'Marmorista - exclusive na extração - empregador',16960),(57922,'Gerente de unidade de fabricação',16960),(57923,'Gerente industrial',16960),(57924,'Gerente de obras (construção civil)',16961),(57925,'Coordenador de obras (construção civil)',16961),(57926,'Gerente de contratos (construção civil)',16961),(57927,'Gerente de empresas de construção civil',16961),(57928,'Adeleiro  (comércio atacadista)',16962),(57929,'Arrombador - no comércio de gado - empregador',16962),(57930,'Atacadista',16962),(57931,'Boiadeiro (comércio de gado)',16962),(57932,'Boiadeiro - no comércio de gado - empregador',16962),(57933,'Boieiro',16962),(57934,'Comissário de café',16962),(57935,'Alfarrabista',16962),(57936,'Comissário de mercadorias',16962),(57937,'Distribuidor de fumo',16962),(57938,'Distribuidor de produtos químicos',16962),(57939,'Distribuidor de revistas',16962),(57940,'Exportador',16962),(57941,'Exportador - empregador',16962),(57942,'Grossista',16962),(57943,'Alheiro (comércio atacadista)',16962),(57944,'Importador',16962),(57945,'Lojista  (comércio atacadista)',16962),(57946,'Madeireiro (comércio atacadista)',16962),(57947,'Marchante (comércio de gado)',16962),(57948,'Negociante (comércio atacadista )',16962),(57949,'Antiquário (comércio atacadista)',16962),(57950,'Arborário',16962),(57951,'Armarinheiro (comércio atacadista)',16962),(57952,'Armazenário (comércio atacadista)',16962),(57953,'Armeiro (comércio atacadista)',16962),(57954,'Arrombador (comércio de gado)',16962),(57955,'Locador de móveis',16963),(57956,'Peleteiro (comércio varejista)',16963),(57957,'Adegueiro',16963),(57958,'Dono de lavanderia automática - conta própria',16963),(57959,'Droguista (comércio varejista)',16963),(57960,'Herborista (comércio varejista)',16963),(57961,'Ervanário (comércio varejista)',16963),(57962,'Estancieiro (comércio varejista)',16963),(57963,'Ferrageiro (comércio varejista)',16963),(57964,'Ferragista (comércio varejista)',16963),(57965,'Florista (comércio varejista)',16963),(57966,'Fornecedor',16963),(57967,'Fruteiro (comércio varejista)',16963),(57968,'Galinheiro (exceto no comércio ambulante)',16963),(57969,'Geleiro',16963),(57970,'Gerente de box de mercado público',16963),(57971,'Gerente de carrocerias (vendas a varejo)',16963),(57972,'Gerente de casa de peixe',16963),(57973,'Gerente de editora',16963),(57974,'Gerente de farmácia',16963),(57975,'Gerente de granja',16963),(57976,'Gerente de supermercado',16963),(57977,'Inspetor geral (comércio de mercadorias a varejo)',16963),(57978,'Inspetor regional (comércio de mercadorias a varejo)',16963),(57979,'Joalheiro (comércio varejista)',16963),(57980,'Lenheiro ( comércio varejista)',16963),(57981,'Livreiro (comércio varejista)',16963),(57982,'Locador (serviços de diversões)',16963),(57983,'Locador de animais para lazer',16963),(57984,'Locador de barco para lazer',16963),(57985,'Locador de bicicletas para lazer',16963),(57986,'Locador de bóia para lazer',16963),(57987,'Locador de cadeira de praia',16963),(57988,'Locador de cadeira para festa',16963),(57989,'Locador de caiaque para lazer',16963),(57990,'Locador de eletrodomésticos',16963),(57991,'Locador de mesas para festa',16963),(57992,'Locador de patins para lazer',16963),(57993,'Locador de pedalinho para lazer',16963),(57994,'Locador de televisão',16963),(57995,'Lojista (comércio varejista)',16963),(57996,'Madeireiro (comércio varejista)',16963),(57997,'Maleiro (comércio varejista )',16963),(57998,'Merceeiro',16963),(57999,'Muladeiro (comércio varejista)',16963),(58000,'Mulandeiro',16963),(58001,'Negociante (comércio varejista - empregador)',16963),(58002,'Negociante (comércio varejista)',16963),(58003,'Papeleiro (comércio varejista)',16963),(58004,'Peixeiro (comércio varejista)',16963),(58005,'Proprietário de casa funerária (comércio varejista)',16963),(58006,'Proprietário de fliperama',16963),(58007,'Proprietário de jogos eletrônicos',16963),(58008,'Proprietário de lavanderia',16963),(58009,'Proprietário de lavanderia automática (comércio varejista)',16963),(58010,'Proprietário de loja (comércio varejista)',16963),(58011,'Proprietário de pebolim (comércio varejista)',16963),(58012,'Proprietário de sinuquinha (comércio varejista)',16963),(58013,'Proprietário de tinturaria (comércio varejista)',16963),(58014,'Proprietário de totó (comércio varejista)',16963),(58015,'Quitandeiro (comércio varejista)',16963),(58016,'Relojoeiro (comércio varejista)',16963),(58017,'Retalhista (comércio varejista)',16963),(58018,'Sapateiro (comércio varejista)',16963),(58019,'Seleiro (comércio varejista)',16963),(58020,'Sócio proprietário (comércio  varejista)',16963),(58021,'Sorveteiro (comércio varejista)',16963),(58022,'Tintureiro lavagem de roupas (comércio varejista)',16963),(58023,'Vendeiro (comércio varejista)',16963),(58024,'Vidraceiro de quadros e molduras (comércio varejista)',16963),(58025,'Vidraceiro (comércio varejista)',16963),(58026,'Adeleiro (comércio varejista)',16963),(58027,'Antiquário comércio varejista',16963),(58028,'Alfarrabista (comércio varejista)',16963),(58029,'Armarinheiro (comércio varejista)',16963),(58030,'Armazenário (comércio varejista)',16963),(58031,'Armeiro (comércio varejista)',16963),(58032,'Arrozeiro (comércio)',16963),(58033,'Aviador (comércio varejista)',16963),(58034,'Bacalhoeiro',16963),(58035,'Alheiro (comércio varejista)',16963),(58036,'Baiuqueiro',16963),(58037,'Baleiro (exclusive no comércio ambulante)',16963),(58038,'Barraconista',16963),(58039,'Barraqueiro (barracão comercial)',16963),(58040,'Bauleiro',16963),(58041,'Alugador (comerciante varejista)',16963),(58042,'Bazareiro',16963),(58043,'Beiradeiro',16963),(58044,'Belchior',16963),(58045,'Bibliopola',16963),(58046,'Bodegueiro',16963),(58047,'Botequineiro',16963),(58048,'Bricabraquista',16963),(58049,'Bricabraquista - empregador',16963),(58050,'Cacaulista',16963),(58051,'Caga-sebista',16963),(58052,'Cantineiro (comércio varejista)',16963),(58053,'Carniceiro',16963),(58054,'Carvoeiro (comércio varejista)',16963),(58055,'Carvoeiro - no comércio - empregador',16963),(58056,'Chanfaneiro',16963),(58057,'Chapeleiro (comércio varejista)',16963),(58058,'Charcuteiro - no comércio - conta própria',16963),(58059,'Charcuteiro (comércio varejista)',16963),(58060,'Charqueador (comércio varejista)',16963),(58061,'Charuteiro (comércio varejista)',16963),(58062,'Charuteiro - no comércio - empregador',16963),(58063,'Chumbeiro (comércio varejista)',16963),(58064,'Cigarreiro (comércio varejista)',16963),(58065,'Comissário de transporte (comércio varejista)',16963),(58066,'Cuteleiro  (comércio varejista)',16963),(58067,'Diamantário (comércio varejista)',16963),(58068,'Doceiro (exclusive no comércio ambulante)',16963),(58069,'Gerente de papelaria',16964),(58070,'Gerente de posto de venda',16964),(58071,'Gerente de utilidades (operações comerciais)',16964),(58072,'Gerente de varejo',16964),(58073,'Administrador no comércio de mercadorias',16964),(58074,'Subchefe de loja (operações comerciais)',16964),(58075,'Subgerente de loja (operações comerciais)',16964),(58076,'Gerente de balconista',16964),(58077,'Gerente de empresas comerciais',16964),(58078,'Gerente de magazine',16964),(58079,'Gerente de mercearia',16964),(58080,'Gerente de serviços de oficina (assistência técnica)',16965),(58081,'Gerente de serviços e peças',16965),(58082,'Proprietário de oficina mecânica',16965),(58083,'Subgerente de oficina (assistência técnica)',16965),(58084,'Gerente de hotel residencial',16966),(58085,'Gerente de termas',16966),(58086,'Gerente de apart hotel',16966),(58087,'Gerente de ecoresort',16966),(58088,'Gerente de hotel fazenda',16966),(58089,'Gerente de resort',16966),(58090,'Proprietário de hotel - empregador',16966),(58091,'Proprietário de motel - conta própria',16966),(58092,'Administrador de empresas de hospedagem',16966),(58093,'Sócio-proprietário - nos serviços de alojamento - empregador',16966),(58094,'Sócio-proprietário - nos serviços de hospedagem - empregador',16966),(58095,'Sócio-proprietário de hotel - conta-própria',16966),(58096,'Sócio-proprietário de hotel - empregador',16966),(58097,'Sócio-proprietário de motel - conta própria',16966),(58098,'Sócio-proprietário de motel - empregador',16966),(58099,'Subgerente de hotel',16966),(58100,'Proprietário - nos serviços de alojamento - empregador',16966),(58101,'Dono de hotel - conta própria',16966),(58102,'Administrador (serviço de hospedagem)',16966),(58103,'Dono de motel - conta própria',16966),(58104,'Gerente de estância',16966),(58105,'Administrador de camping',16966),(58106,'Proprietário - nos serviços de hospedagem - empregador',16966),(58107,'Proprietário de hotel - conta própria',16966),(58108,'Sócio proprietário - no serviço de alimentação - empregador',16967),(58109,'Assistente de direção de restaurante',16967),(58110,'Coordenador de restaurante',16967),(58111,'Administrador de refeitório',16967),(58112,'Gerente de cantina',16967),(58113,'Proprietário - nos serviços de alimentação - empregador',16967),(58114,'Proprietário de restaurante - empregador',16967),(58115,'Sócio proprietário - no serviço de alimentação - conta própria',16967),(58116,'Sócio proprietário de restaurante - conta própria',16967),(58117,'Sócio proprietário de restaurante - empregador',16967),(58118,'Administrador de restaurante',16967),(58119,'Subgerente de restaurante',16967),(58120,'Coordenador de vendas (restaurante)',16967),(58121,'Proprietário no serviço de alimentação - conta própria',16967),(58122,'Taverneiro',16968),(58123,'Gerente administrativo de lanchonete',16968),(58124,'Gerente de bar e lanchonete',16968),(58125,'Gerente de salão de café',16968),(58126,'Proprietário de bar - empregador',16968),(58127,'Proprietário de lanchonete - empregador',16968),(58128,'Sócio proprietário de bar, lanchonete - conta própria',16968),(58129,'Sócio proprietário de lanchonete - empregador',16968),(58130,'Proprietário de bar, lanchonete, restaurante - conta própria',16968),(58131,'Gerente de bar, cantina e restaurante',16968),(58132,'Sócio proprietário de bar - empregador',16968),(58133,'Estalageiro',16969),(58134,'Gerente de pousada',16969),(58135,'Gerente de  albergue',16969),(58136,'Sócio proprietário de pensão',16969),(58137,'Dono de pensão - conta própria',16969),(58138,'Dono de pensão - empregador',16969),(58139,'Gerente de pensionato',16969),(58140,'Proprietário de pensão - conta própria',16969),(58141,'Proprietário de pensão - empregador',16969),(58142,'Sócio proprietário de pensão - conta própria',16969),(58143,'Gerente de frota',16970),(58144,'Gerente de operações e transportes',16970),(58145,'Subgerente nos transportes',16970),(58146,'Gerente de transportes',16970),(58147,'Gerente de tráfego',16970),(58148,'Gerente técnico operacional de transporte',16970),(58149,'Encarregado de operação de porto',16970),(58150,'Agente de navio - no transporte marítimo',16970),(58151,'Gerente de encomendas nas operações de correios e telecomunicações',16971),(58152,'Gerente de operações e manutenção nos sistemas de correios e telecomunicações',16971),(58153,'Gerente de assistência técnica nas operações de correios e telecomunicações',16971),(58154,'Gerente de correio expresso - internacional',16971),(58155,'Gerente de suporte operacional de correios e telecomunicações',16971),(58156,'Gerente de serviços operacionais de correios e telecomunicações',16971),(58157,'Gerente de rede nas operações de correios e telecomunicações',16971),(58158,'Gerente técnico nas operações de correios e telecomunicações',16971),(58159,'Gerente de depósito',16972),(58160,'Gerente de armazém',16972),(58161,'Gerente de distribuição de mercadorias',16972),(58162,'Gerente de movimentação de materiais',16972),(58163,'Gerente de recebimento e expedição de materiais',16972),(58164,'Administrador de carteiras de câmbio e comércio exterior',16975),(58165,'Gerente de administração de carteiras de câmbio e comércio exterior',16975),(58166,'Gerente de administração de carteiras de crédito e cobrança',16976),(58167,'Administrador de carteiras de crédito e cobrança',16976),(58168,'Administrador de carteiras de crédito imobiliário',16977),(58169,'Gerente de administração de carteira de crédito imobiliário',16977),(58170,'Gerente de sistemas administrativos e finanças',16980),(58171,'Gerente administrativo e financeiro',16980),(58172,'Gerente de sistemas e métodos administrativos',16980),(58173,'Gerente de seguros',16981),(58174,'Gestor de riscos',16981),(58175,'Gerente de riscos e seguros',16981),(58176,'Gerente de finanças',16982),(58177,'Gerente de operações financeiras',16982),(58178,'Gerente de administração financeira',16982),(58179,'Gerente de relações humanas',16983),(58180,'Gerente de relações industriais',16983),(58181,'Gerente de planejamento de salários e benefícios',16983),(58182,'Coordenador de rh',16983),(58183,'Gerente de relações de recursos humanos',16983),(58184,'Gerente de sistemas administrativos de pessoal',16984),(58185,'Administrador de pessoal',16984),(58186,'Coordenador de administração de pessoal',16984),(58187,'Gerente de administração de pessoal',16984),(58188,'Gerente de setor de pessoal',16984),(58189,'Gerente de divisão de pessoal',16984),(58190,'Encarregado de supermercado',16985),(58191,'Gerente de exportação e importação',16985),(58192,'Gerente de divisão comercial',16985),(58193,'Gerente técnico comercial',16985),(58194,'Gerente de relações públicas',16986),(58195,'Gerente de assuntos corporativos',16986),(58196,'Gerente de relações corporativas',16986),(58197,'Gerente de relações institucionais',16986),(58198,'Gerente de comunicação social',16986),(58199,'Gerente de comunicação corporativa',16986),(58200,'Gerente de divisão de marketing',16987),(58201,'Gerente de marketing e vendas',16987),(58202,'Gerente de produtos',16987),(58203,'Gerente de coordenação de marketing',16987),(58204,'Gerente de departamento de marketing',16987),(58205,'Gerente de área de vendas',16988),(58206,'Gerente de departamento de vendas',16988),(58207,'Gerente distrital de vendas',16988),(58208,'Gerente geral de vendas',16988),(58209,'Gerente nacional de vendas',16988),(58210,'Gerente regional de vendas',16988),(58211,'Gerente de exportação',16988),(58212,'Gerente de mercado',16988),(58213,'Gerente geral de compras',16989),(58214,'Gerente nacional de compras',16989),(58215,'Coordenador de compras',16989),(58216,'Gerente de materiais',16989),(58217,'Administrador de compras',16989),(58218,'Gerente de planejamento de compras',16989),(58219,'Administrador de materiais',16991),(58220,'Gerente de teleprocessamento',16992),(58221,'Gerente de infra-estrutura de tecnologia da informação',16992),(58222,'Gerente de programação de sistema',16993),(58223,'Gerente de operação de tecnologia da informação',16994),(58224,'Chefe de desenvolvimento de novos produtos',16998),(58225,'Gerente de projeto de pesquisa',16998),(58226,'Gerente de planejamento e novos projetos',16998),(58227,'Gerente de pesquisas tecnológicas',16998),(58228,'Gerente de divisão de desenvolvimento de novos produtos',16998),(58229,'Gerente de pesquisas técnicas',16998),(58230,'Gerente de estudos e projetos',16998),(58231,'Gerente de desenvolvimento (tecnologia)',16998),(58232,'Gerente de pesquisa (tecnologia)',16998),(58233,'Flavourist (cigarros)',16999),(58234,'Blender (cigarros)',16999),(58235,'Flavourista (cigarros)',16999),(58236,'Gestor de manutenção',17000),(58237,'Gerente de serviço de manutenção',17000),(58238,'Gerente de planejamento e manutenção',17000),(58239,'Coordenador de serviços de manutenção',17000),(58240,'Coordenador de projetos de manutenção',17000),(58241,'Técnico em automação industrial',17001),(58242,'Técnico em manutenção mecatrônica',17001),(58243,'Reparador de equipamentos elétricos e eletrônicos',17003),(58244,'Auxiliar técnico de instalações eletromecânicas',17003),(58245,'Auxiliar de laboratorista (indústria)',17004),(58246,'Laboratorista industrial',17004),(58247,'Laboratorista - exclusive análises clínicas',17004),(58248,'Laboratorista de ensaios mecânicos',17004),(58249,'Laboratorista de ensaios químicos',17004),(58250,'Laboratorista químico',17004),(58251,'Laboratorista têxtil',17004),(58252,'Auxiliar de laboratorista de solo',17005),(58253,'Auxiliar de laboratorista de solos e de concreto',17005),(58254,'Analista de areias em fundição',17005),(58255,'Laboratorista (ensaios de areia)',17005),(58256,'Laboratorista (solos e materiais de construção)',17005),(58257,'Laboratorista de concreto',17005),(58258,'Laboratorista de ensaios de areia de fundição',17005),(58259,'Laboratorista de materiais de construção',17005),(58260,'Laboratorista de solos',17005),(58261,'Técnico de laboratório de análises físico-químicas (petróleo)',17006),(58262,'Analista químico (petróleo)',17006),(58263,'Analista de laboratório químico  (petróleo)',17006),(58264,'Técnico de análise de óleos e graxas',17006),(58265,'Analista químico',17008),(58266,'Técnico de laboratório - exclusive análises clínicas',17008),(58267,'Técnico de laboratório de água e esgotos',17008),(58268,'Técnico de sistema de tratamento de água',17008),(58269,'Técnico químico - exclusive análises químicas',17008),(58270,'Técnico químico industrial',17008),(58271,'Analista de produtos químicos',17008),(58272,'Analista de tratamento de água',17008),(58273,'Analista de laboratório químico',17008),(58274,'Técnico de análise química',17008),(58275,'Técnico de ciências químicas',17008),(58276,'Técnico de desenvolvimento de análise química',17008),(58277,'Técnico de indústria química',17008),(58278,'Técnico químico em couro',17010),(58279,'Técnico químico em curtimento',17010),(58280,'Técnico de indústria  petroquímica',17011),(58281,'Técnico em refinação de petróleo',17011),(58282,'Técnico de processamento industrial (petroquímica)',17011),(58283,'Técnico de sistemas industriais (petroquímica)',17011),(58284,'Técnico de produção (petroquímica)',17011),(58285,'Técnico de processo petroquímico',17011),(58286,'Técnico petroquímico',17011),(58287,'Técnico de produção (gás combustível)',17011),(58288,'Técnico em cerâmica',17012),(58289,'Técnico ceramista',17012),(58290,'Técnico em vidros',17012),(58291,'Técnico de processos (borracha)',17013),(58292,'Técnico em laboratório (borracha)',17013),(58293,'Técnico químico em borracha',17013),(58294,'Técnico em injeção (borracha)',17013),(58295,'Técnico em injeção (plástico)',17014),(58296,'Técnico em laboratório (plástico)',17014),(58297,'Técnico químico (plástico)',17014),(58298,'Técnico de processos (plástico)',17014),(58299,'Técnico de saneamento e controle ambiental',17015),(58300,'Técnico de gestão do meio ambiente',17015),(58301,'Técnico hidrometrista',17016),(58302,'Auxiliar técnico de centro de operação do sistema de energia',17017),(58303,'Auxiliar técnico de distribuição de energia',17017),(58304,'Auxiliar técnico de geração de energia',17017),(58305,'Laboratorista de água e controle ambiental',17017),(58306,'Técnico de abastecimento, captação e distribuição de água',17017),(58307,'Técnico de avaliação de capacidade de estação de tratamento e distribuição de água e esgoto',17017),(58308,'Técnico de central térmica',17017),(58309,'Analista de estação de tratamento de efluentes',17018),(58310,'Técnico têxtil (beneficiamento)',17020),(58311,'Técnico de fiação',17021),(58312,'Tingidor de tecidos',17025),(58313,'Tingidor de fios',17025),(58314,'Colorista',17026),(58315,'Cromista',17026),(58316,'Preparador de pastas (na fabricação de tintas)',17026),(58317,'Colorista de couro',17028),(58318,'Alvejador de couros',17028),(58319,'Pintor de couros e peles à pistola',17028),(58320,'Pintor de couros e peles à mão',17028),(58321,'Alvejador de sola',17028),(58322,'Brazidor de curtume',17028),(58323,'Marroquineiro',17028),(58324,'Operador de máquina de alvejar (couros)',17028),(58325,'Colorista - na indústria do couro',17028),(58326,'Técnico de edificações, estradas e saneamento',17029),(58327,'Fiscal de medição (obras civis)',17029),(58328,'Inspetor de obras',17029),(58329,'Técnico de planejamento de obras',17029),(58330,'Técnico de manutenção de obras',17029),(58331,'Técnico orçamentista de obras na construção civil',17029),(58332,'Técnico de analista de custos (construção civil)',17029),(58333,'Técnico de construção civil',17029),(58334,'Assistente de engenharia (construção civil)',17029),(58335,'Técnico em laboratório e campo de construção civil',17029),(58336,'Técnico em canteiro de obras de construção civil',17029),(58337,'Técnico em desenho de construção civil',17029),(58338,'Auxiliar técnico de engenharia (construção civil)',17029),(58339,'Técnico de edificações',17029),(58340,'Técnico de engenharia civil',17029),(58341,'Técnico de obras',17029),(58342,'Técnico de projetos e obras de infra-estrutura de estradas',17030),(58343,'Técnico em planejamento de obras de infra-estrutura de estradas',17030),(58344,'Auxiliar técnico de conservação de estradas, caminhos e pontes',17030),(58345,'Auxiliar técnico em obras de infra-estrutura de estradas',17030),(58346,'Assistente técnico de engenharia (obras de infra-estrutura de estrada)',17030),(58347,'Técnico em construção civil de obras de infra-estrutura de estradas',17030),(58348,'Técnico de construção de estradas',17030),(58349,'Técnico de transporte ferroviário',17030),(58350,'Técnico de inspeção e especificação de materiais e equipamentos de construção de estradas',17030),(58351,'Técnico em planejamento de obras de infra-estrutura de saneamento',17031),(58352,'Auxiliar técnico de obras saneamento',17031),(58353,'Técnico em sondagem (obras de saneamento)',17031),(58354,'Assistente técnico de engenharia de obras de saneamento',17031),(58355,'Técnico em construção civil (obras de saneamento)',17031),(58356,'Técnico de inspeção e especificação de materiais e equipamentos de obras de saneamento',17031),(58357,'Técnico de redes de água e esgoto',17031),(58358,'Técnico em hidrometria (obras de saneamento)',17031),(58359,'Hidrotécnico',17034),(58360,'Auxiliar técnico de hidrografia',17034),(58361,'Auxiliar de topógrafo',17035),(58362,'Auxiliar de eletrotécnico',17036),(58363,'Técnico de ensaios elétricos',17036),(58364,'Técnico de operação eletrotécnica',17036),(58365,'Projetista elétrico',17037),(58366,'Técnico de comandos e controle',17037),(58367,'Técnico de projeto (eletrotécnico)',17037),(58368,'Supervisor de montagem',17038),(58369,'Supervisor de manutenção de máquinas e equipamentos',17038),(58370,'Encarregado de montagem',17038),(58371,'Encarregado de manutenção',17038),(58372,'Técnico de manutenção industrial',17039),(58373,'Técnico em ferramentas elétricas',17040),(58374,'Técnico de projetos elétricos',17041),(58375,'Técnico de eletricidade',17041),(58376,'Técnico de equipamentos elétricos',17041),(58377,'Eletrônico de manutenção',17042),(58378,'Técnico de manutenção de computador',17042),(58379,'Técnico eletrônico de processo',17042),(58380,'Técnico instrumentista',17042),(58381,'Reparador técnico',17042),(58382,'Técnico de produção eletrônica',17042),(58383,'Técnico de controle de processo de manutenção eletrônica',17042),(58384,'Técnico eletrônico de manutenção industrial',17043),(58385,'Auxiliar de eletrônica',17044),(58386,'Auxiliar de técnico de eletrônica',17044),(58387,'Técnico eletrônico em geral',17044),(58388,'Auxiliar técnico eletrônico',17044),(58389,'Eletrônico de rádio e televisão',17044),(58390,'Laboratorista de ensaios eletrônicos',17044),(58391,'Técnico de balanças (eletrônicas)',17044),(58392,'Técnico de indústria eletrônica',17044),(58393,'Técnico de laboratório de eletrônica de automação',17044),(58394,'Técnico de rádio e televisão',17044),(58395,'Técnico de sistema automação industrial',17044),(58396,'Técnico de teleprocessamento',17046),(58397,'Técnico de telefonia',17048),(58398,'Técnico de manutenção de equipamento de comutação telefônica',17048),(58399,'Técnico de manipulação de tráfego telefônico',17048),(58400,'Inspetor de centrais privadas de comutação telefônica',17048),(58401,'Analisador de tráfego telefônico',17048),(58402,'Técnico de comutação telefônica',17048),(58403,'Técnico de operações de telecomunicações',17048),(58404,'Técnico de manutenção de equipamento de transmissão',17049),(58405,'Técnico em laser',17053),(58406,'Técnico em fibras ópticas',17053),(58407,'Técnico em instalação de sistemas ópticos',17053),(58408,'Técnico em materiais ópticos',17053),(58409,'Técnico em laboratório óptico',17053),(58410,'Técnico em medidas ópticas',17053),(58411,'Técnico em polimento de superfície óptica',17053),(58412,'Técnico em equipamentos ópticos',17053),(58413,'Técnico mecânico na montagem de máquinas, sistemas e instrumentos',17054),(58414,'Técnico mecânico na fabricação de máquinas, sistemas e instrumentos',17054),(58415,'Técnico mecânico de processos',17055),(58416,'Técnico mecânico em automação',17055),(58417,'Auxiliar técnico de mecânica',17055),(58418,'Programador de usinagem',17055),(58419,'Técnico de projetos mecânicos',17055),(58420,'Técnico mecânico (energia nuclear)',17055),(58421,'Técnico mecânico (equipamentos médicos e odontológicos)',17055),(58422,'Técnico mecânico montador',17055),(58423,'Técnico mecânico em ar condicionado',17056),(58424,'Auxiliar técnico de refrigeração',17056),(58425,'Técnico de refrigeração (fabricação)',17056),(58426,'Auxiliar técnico na mecânica de máquinas',17057),(58427,'Inspetor de máquinas e motores',17058),(58428,'Projetista de motores',17058),(58429,'Técnico em desenvolvimento de produtos (ferramentas mecânicas)',17059),(58430,'Planejador de processos (fabricação de ferramentas)',17059),(58431,'Técnico em desenvolvimento de processos (fabricação de ferramentas)',17059),(58432,'Especialista em ferramentas (técnico mecânico na fabricação de ferramentas)',17059),(58433,'Técnico em métodos e processos (fabricação de ferramentas)',17059),(58434,'Técnico em desenvolvimento de processos (manutenção de ferramentas)',17060),(58435,'Planejador de processos (manutenção de ferramentas)',17060),(58436,'Especialista em ferramentas (técnico mecânico na manutenção de ferramentas)',17060),(58437,'Técnico automotivo',17061),(58438,'Técnico de manutenção de aeronaves',17062),(58439,'Técnico montador de aeronaves',17062),(58440,'Técnico de manutenção de sistemas de aeronaves',17062),(58441,'Técnico de manutenção aeronáutica',17062),(58442,'Técnico aeronáutico',17062),(58443,'Técnico mecânico naval',17063),(58444,'Técnico naval',17063),(58445,'Técnico de inspeção da indústria metalúrgica',17066),(58446,'Laboratorista metalográfico (soldagem)',17066),(58447,'Técnico de tubulação (caldeiraria)',17067),(58448,'Técnico de ensaios mecânicos (caldeiraria)',17067),(58449,'Técnico de montagem (caldeiraria)',17067),(58450,'Técnico de planejamento da indústria metalúrgica (estruturas metálicas)',17068),(58451,'Inspetor de equipamentos (estruturas metálicas)',17068),(58452,'Inspetor dimensional (estruturas metálicas)',17068),(58453,'Técnico de planejamento da indústria metalúrgica (soldagem)',17069),(58454,'Técnico em metalurgia (soldagem)',17069),(58455,'Técnico de tratamento térmico (metalurgia)',17069),(58456,'Metalógrafo (técnico)',17069),(58457,'Técnico de linhas de acabamento em siderurgia',17070),(58458,'Técnico de lingotamento',17071),(58459,'Técnico de convertedor de aciaria em siderurgia',17071),(58460,'Técnico de alto-forno em siderurgia',17071),(58461,'Técnico de controle de lingoteira',17071),(58462,'Assistente técnico de fundição em siderurgia',17072),(58463,'Auxiliar técnico de fundição em siderurgia',17072),(58464,'Projetista de fundição em siderurgia',17072),(58465,'Técnico de metalografia e petrografia',17077),(58466,'Técnico de mineração (pesquisa geológica)',17077),(58467,'Técnico de pesquisa mineral',17077),(58468,'Técnico de mineração (águas subterrâneas)',17080),(58469,'Técnico de mineração (minerais sólidos)',17080),(58470,'Técnico de perfuração (minas)',17080),(58471,'Técnico de recursos minerais',17080),(58472,'Técnico de mineração (tóriom zircônio e outros minerais raros)',17080),(58473,'Técnico em exploração de petróleo',17081),(58474,'Técnico de produção na extração de petróleo',17081),(58475,'Técnico na extração de petróleo e gás natural',17081),(58476,'Técnico especializado em produção mineral',17082),(58477,'Técnico de processos minerais',17082),(58478,'Prospector',17083),(58479,'Técnico de processamento em refino de petróleo e gás',17084),(58480,'Técnico em processamento mineral',17084),(58481,'Técnico de operação em refino de petróleo e gás',17084),(58482,'Desincrustador de poços de petróleo e gás',17086),(58483,'Programador de computador',17089),(58484,'Programador de processamento de dados',17089),(58485,'Programador de sistemas de computador',17089),(58486,'Técnico de aplicação (computação)',17089),(58487,'Técnico em programação de computador',17089),(58488,'Programador de cd-rom',17091),(58489,'Programador de aplicativos educacionais e de entretenimento',17091),(58490,'Operador de terminal no processamento de dados',17092),(58491,'Operador de centro de processamento de dados',17092),(58492,'Operador de processamento de dados',17092),(58493,'Operador de sistema de computador',17092),(58494,'Operador de sistemas computacionais em rede',17092),(58495,'Monitorador de sistemas e suporte ao usuário',17093),(58496,'Desenhista técnico auxiliar',17094),(58497,'Copista de croqui',17095),(58498,'Desenhista copista  (cad)',17095),(58499,'Operador de cad (copista)',17095),(58500,'Desenhista técnico detalhista',17096),(58501,'Detalhista em desenho técnico',17096),(58502,'Desenhista detalhista (cad)',17096),(58503,'Desenhista de arquitetura',17097),(58504,'Cadista (desenhista técnico de arquitetura)',17097),(58505,'Desenhista copista (arquitetura)',17097),(58506,'Desenhista técnico de topografia',17098),(58507,'Desenhista de cartografia',17098),(58508,'Desenhista técnico de engenharia civil',17099),(58509,'Desenhista de estrutura metálica (construção civil)',17099),(58510,'Desenhista técnico de hidráulica',17100),(58511,'Desenhista de instalações hidráulicas',17100),(58512,'Desenhista de instalações de combate a incêndio',17100),(58513,'Desenhista de carrocerias',17101),(58514,'Desenhista mecânico',17101),(58515,'Desenhista de tubulação (mecânica)',17101),(58516,'Desenhista de ferramentas (mecânica)',17101),(58517,'Desenhista técnico de ferramentas',17101),(58518,'Desenhista de instalações mecânicas',17101),(58519,'Desenhista técnico de máquinas',17101),(58520,'Desenhista técnico de tubulação',17101),(58521,'Desenhista de estruturas metálicas (mecânica)',17101),(58522,'Desenhista técnico de aeronaves',17102),(58523,'Desenhista técnico em eletroeletrônica',17104),(58524,'Desenhista de leiaute de circuito impresso',17104),(58525,'Desenhista técnico em eletricidade',17104),(58526,'Desenhista técnico em eletrônica',17104),(58527,'Desenhista técnico eletromecânica',17104),(58528,'Desenhista técnico em refrigeração',17105),(58529,'Desenhista técnico em calefação',17105),(58530,'Desenhista técnico em ventilação',17105),(58531,'Desenhista  técnico de arte-final',17106),(58532,'Arte-finalista (desenhista técnico de artes gráficas)',17106),(58533,'Desenhista de desenho animado',17107),(58534,'Desenhista de filatelia  (selos)',17107),(58535,'Desenhista letrista',17108),(58536,'Desenhista têxtil',17109),(58537,'Desenhista de fotoestamparia',17109),(58538,'Desenhista de móveis',17110),(58539,'Desenhista de leiautes',17111),(58540,'Desenhista de embalagens',17111),(58541,'Desenhista maquetista',17111),(58542,'Desenhista calculista',17112),(58543,'Auxiliar de arquitetura',17112),(58544,'Desenhista detalhista na arquitetura',17112),(58545,'Projetista na arquitetura',17112),(58546,'Desenhista calculista na construção civil',17113),(58547,'Desenhista detalhista na construção civil',17113),(58548,'Auxiliar de engenheiro da construção civil',17113),(58549,'Projetista na construção civil',17113),(58550,'Desenhista projetista de produtos (mecânica)',17115),(58551,'Desenhista projetista de ferramentas',17115),(58552,'Projetista de matrizes',17115),(58553,'Projetista de moldes',17115),(58554,'Desenhista projetista de moldes',17115),(58555,'Projetista de ferramentas',17115),(58556,'Projetista de instrumentos elétricos',17116),(58557,'Projetista eletrotécnico',17116),(58558,'Projetista de eletricidade',17116),(58559,'Projetista eletroeletrônico',17116),(58560,'Desenhista projetista eletroeletrônico',17116),(58561,'Projetista de instalações elétricas',17116),(58562,'Desenhista projetista de circuitos impressos',17117),(58563,'Leiautista de circuitos impressos',17117),(58564,'Moldador de roupas',17119),(58565,'Técnico em móveis e esquadrias',17123),(58566,'Técnico em madeira e mobiliário',17123),(58567,'Técnico em móveis (fabricação)',17123),(58568,'Técnico moveleiro',17123),(58569,'Técnico em criação de animais de laboratório',17124),(58570,'Técnico de biotério',17124),(58571,'Técnico em vitivinicultura',17126),(58572,'Técnico agrícola executor de operações aéreas agrícolas',17126),(58573,'Agrotécnico',17126),(58574,'Técnico em agricultura',17126),(58575,'Técnico em ovinocaprinocultura',17127),(58576,'Técnico em agropecuária',17127),(58577,'Técnico madeireiro',17128),(58578,'Assistente técnico em madeira',17128),(58579,'Técnico silvicultor',17129),(58580,'Assistente técnico florestal',17129),(58581,'Auxiliar técnico florestal',17129),(58582,'Técnico de reflorestamento',17129),(58583,'Técnico de produção florestal',17129),(58584,'Encarregado florestal',17129),(58585,'Administrador florestal',17129),(58586,'Técnico ambiental',17129),(58587,'Técnico de camarão',17131),(58588,'Técnico em moluscos',17132),(58589,'Técnico em ostras',17132),(58590,'Técnico em mexilhões',17132),(58591,'Técnico em malococultura',17132),(58603,'Técnico em hemotransfusão',17139),(58604,'Técnico de enfermagem socorrista',17139),(58605,'Técnico em hemodiálise',17140),(58606,'Técnico em uti',17140),(58607,'Técnico de enfermagem em saúde ocupacional',17141),(58608,'Técnico de enfermagem ocupacional',17141),(58609,'Técnico de enfermagem em saúde mental',17142),(58610,'Instrumentadora cirúrgica',17143),(58611,'Instrumentador em cirurgia',17143),(58612,'Auxiliar de enfermagem em saúde mental',17144),(58613,'Auxiliar de enfermagem de central de material esterelizado (cme)',17144),(58614,'Auxiliar de enfermagem de saúde pública',17144),(58615,'Auxiliar de ginecologia',17144),(58616,'Auxiliar em hemotransfusão',17144),(58617,'Auxiliar de enfermagem em home care',17144),(58618,'Auxiliar de enfermagem socorrista',17144),(58619,'Auxiliar de enfermagem em hemodiálise',17144),(58620,'Auxiliar de enfermagem em nefrologia',17144),(58621,'Auxiliar de ambulatório',17144),(58622,'Auxiliar de enfermagem de centro cirúrgico',17144),(58623,'Auxiliar de enfermagem de clínica médica',17144),(58624,'Auxiliar de enfermagem de hospital',17144),(58625,'Auxiliar de hipodermia',17144),(58626,'Auxiliar de obstetrícia',17144),(58627,'Auxiliar de oftalmologia',17144),(58628,'Auxiliar de parteira',17144),(58629,'Auxiliar de enfermagem ocupacional',17145),(58630,'Auxiliar de enfermagem em saúde ocupacional',17145),(58631,'Auxiliar de saúde marítimo',17146),(58632,'Optico optometrista',17147),(58633,'Óptico oftálmico',17147),(58634,'Óptico contatólogo',17147),(58635,'Contatólogo',17147),(58636,'Optico protesista',17147),(58637,'Optico opometrista',17147),(58638,'Técnico optometrista',17147),(58639,'Atendente de gabinete dentário',17150),(58640,'Atendente odontológico',17150),(58641,'Atendente de clínica dentária',17150),(58642,'Atendente de serviço odontólogico',17150),(58643,'Auxiliar de dentista',17150),(58644,'Técnico de prótese ortopédica',17152),(58645,'Protesista (técnico)',17152),(58646,'Técnico de prótese e órtese',17152),(58647,'Técnico ortopédico',17152),(58648,'Técnico de aparelhos ortopédicos',17152),(58649,'Técnico de oficina ortopédica',17152),(58650,'Ortesista',17152),(58651,'Sapateiro ortopédico',17152),(58652,'Técnico em gesso ortopédico',17153),(58653,'Técnico em gesso hospitalar',17153),(58654,'Técnico engessador',17153),(58655,'Técnico em aparelho gessado',17153),(58656,'Técnico em imobilizações do aparelho locomotor',17153),(58657,'Técnico gessista',17153),(58658,'Técnico em imobilizações gessadas',17153),(58659,'Técnico em zootecnia',17154),(58660,'Técnico em avicultura',17154),(58661,'Operador de eletroencefalógrafo',17155),(58662,'Técnico em captações bioelétricas do cérebro',17155),(58663,'Técnico em eletroencefalograma',17155),(58664,'Técnico em eletroencefalografia',17155),(58665,'Operador de eletrocardiógrafo',17156),(58666,'Técnico em eletrocardiograma',17156),(58667,'Técnico em eletrocardiografia',17156),(58668,'Técnico em métodos eletrográficos em cardiologia',17156),(58669,'Técnico em métodos não invasivos em cardiologia',17156),(58670,'Técnico de radioterapia',17157),(58671,'Técnico em hemodinâmica',17157),(58672,'Técnico em medicina nuclear',17157),(58673,'Técnico em mamografia',17157),(58674,'Técnico em tomografia',17157),(58675,'Técnico em ressonância magnética',17157),(58676,'Técnico em radiologia',17157),(58677,'Técnico em radiologia médica',17157),(58678,'Técnico em radiologia odontológica',17157),(58679,'Operador de raio-x',17157),(58680,'Técnico de laboratório em patologia clínica',17158),(58681,'Analista de laboratório em análises clínicas',17158),(58682,'Técnico de laboratório médico',17158),(58683,'Técnico em análises clínicas',17158),(58684,'Técnico de laboratório de análises clínicas',17158),(58685,'Assistente técnico de laboratório',17159),(58686,'Auxiliar técnico de laboratório de análises clínicas',17159),(58687,'Enotécnico',17160),(58688,'Técnico em enologia',17160),(58689,'Tecnólogo em viticultura e enologia',17160),(58690,'Tecnólogo em enologia',17160),(58691,'Flavorista',17161),(58692,'Técnico em aromas',17161),(58693,'Criadores de perfumes',17162),(58694,'Auxiliar técnico de manipulação em laboratório de farmácia',17163),(58695,'Manipulador em laboratório de farmácia',17164),(58696,'Técnico de carnes e derivados',17166),(58697,'Técnico de laticínios',17166),(58698,'Técnico de massas alimentícias',17166),(58699,'Técnico de pescado e derivados',17166),(58700,'Técnico de bebidas',17166),(58701,'Técnico de controle de qualidade de alimentos',17166),(58702,'Técnico de frutas e hortaliças',17166),(58703,'Técnico de produção de alimentos',17166),(58704,'Técnico de grãos e cereais',17166),(58705,'Técnico de panificação',17166),(58706,'Técnico em açúcar e álcool',17166),(58707,'Técnico em química de alimentos',17166),(58708,'Técnico em nutrição',17167),(58709,'Educador infantil de nível médio',17172),(58710,'Professor de pré-escola',17172),(58711,'Professor de jardim da infância',17172),(58712,'Professor de maternal',17172),(58713,'Professor de escolinha (maternal)',17172),(58714,'Atendente de creche',17173),(58715,'Auxiliar de creche',17173),(58716,'Crecheira',17173),(58717,'Professor de ensino fundamental - séries iniciais',17174),(58718,'Professor de ensino fundamental nas quatro primeiras séries',17174),(58719,'Professor de ensino fundamental de primeira a quarta séries',17174),(58720,'Professor i - ensino fundamental',17174),(58721,'Instrutor de nível médio no ensino profissionalizante',17175),(58722,'Docente de nível médio no ensino profissionalizante',17175),(58723,'Monitor de nível médio no ensino profissionalizante',17175),(58724,'Professor leigo em classe multisseriada',17176),(58725,'Professor assistente de regência de classe',17176),(58726,'Professor leigo em regência de classe',17176),(58727,'Professor indigenista bilingüe',17176),(58728,'Professor não habilitado no ensino fundamental',17176),(58729,'Professor sem formação para o magistério',17176),(58730,'Professor leigo responsável por escolas rurais',17176),(58731,'Instrutor no ensino profissionalizante',17177),(58732,'Instrutor de equitação para equoterapia',17179),(58733,'Inspetor de disciplina',17182),(58734,'Inspetor de alunos',17182),(58735,'Bedel',17182),(58736,'Agente de organização escolar',17182),(58737,'Monitor de alunos',17182),(58738,'Agente educador',17182),(58739,'Auxiliar técnico de educação',17182),(58740,'Piloto comercial',17183),(58741,'Mestre de pequena cabotagem',17188),(58742,'Capitão de pequena cabotagem',17188),(58743,'Auxiliar de exportação e importação',17196),(58744,'Agente de comércio exterior',17196),(58745,'Transitário de cargas',17196),(58746,'Analista de transporte multimodal',17197),(58747,'Programador de transporte multimodal',17197),(58748,'Técnico de operação de transporte',17197),(58749,'Analista de logística de transporte',17197),(58750,'Técnico de operações de serviços de máquinas e veículos',17198),(58751,'Supervisor operacional dos serviços de máquinas e veículos',17198),(58752,'Agenciador de cargas',17199),(58753,'Agente de carga',17199),(58754,'Agente de transporte',17199),(58755,'Corretor de frete',17199),(58756,'Ajudante de despachante alfandegário',17200),(58757,'Despachante alfandegário',17201),(58758,'Chefe de transportes - exclusive no serviço público',17202),(58759,'Gerente de frota (transporte rodoviário)',17202),(58760,'Programador de transporte rodoviário',17202),(58761,'Chefe de transporte - no serviço público',17202),(58762,'Encarregado de linha de transporte rodoviário',17202),(58763,'Encarregado de tráfego rodoviário',17202),(58764,'Supervisor de tráfego rodoviário',17202),(58765,'Coordenador de tráfego rodoviário',17202),(58766,'Chefe de departamento de motoristas',17202),(58767,'Gerente de tráfego rodoviário',17202),(58768,'Assistente de tráfego rodoviário',17202),(58769,'Chefe de serviço de transporte rodoviário',17202),(58770,'Agente rodoviário',17203),(58771,'Inspetor de transporte rodoviário',17203),(58772,'Instrutor de motoristas',17203),(58773,'Chefe de garagem (transporte rodoviário)',17203),(58774,'Controlador de serviço de transporte rodoviário',17203),(58775,'Inspetor de carregadoria de embarque rodoviário',17203),(58776,'Inspetor de tráfego rodoviário',17203),(58777,'Inspetor de carga e descarga',17203),(58778,'Chefe de carga e descarga no transporte rodoviário',17204),(58779,'Chefe de armazém (técnicos em transportes rodoviários)',17204),(58780,'Chefe de depósito',17204),(58781,'Encarregado de carga e descarga no transporte rodoviário',17204),(58782,'Supervisor de estação (metrô e ferrovia)',17205),(58783,'Assistente de estação (metrô e ferrovia)',17205),(58784,'Chefe de estação (ferrovia)',17205),(58785,'Supervisor geral de operação (metrô)',17205),(58786,'Agente de pátio e terminais (ferrovia e metrô)',17205),(58787,'Controlador de centro de controle operacional (metrô e ferrovia)',17206),(58788,'Supervisor de centro de controle (ferrovia e metrô)',17206),(58789,'Controlador de centro de controle operacional',17206),(58790,'Operador de programação (ferrovia)',17206),(58791,'Controlador de tráfego',17206),(58792,'Operador de torre de controle (aéreo)',17207),(58793,'Profissional de tráfego aéreo',17207),(58794,'Controlador de vôo',17207),(58795,'Atendente de aeroporto',17213),(58796,'Agente de estação portuária',17216),(58797,'Encarregado de operações portuárias',17217),(58798,'Coordenador de operações portuárias',17217),(58799,'Chefe de operações portuárias',17217),(58800,'Chefe de recurso de glosa de contas de convênios (administração de hospital)',17221),(58801,'Chefe de recurso de glosas de contas nos hostpitais (administração de convênios e fonte pagadora)',17221),(58802,'Escrevente judicial',17224),(58803,'Escrevente extra - judicial',17224),(58804,'Oficial maior',17224),(58805,'Escrivão civil',17225),(58806,'Escrivão criminal',17225),(58807,'Avaliador judicial (escrivão)',17225),(58808,'Depositário público',17225),(58809,'Distribuidor público',17225),(58810,'Partidor judicial',17225),(58811,'Escrivão de cartório',17226),(58812,'Oficial de registro',17226),(58813,'Tabelião da justiça',17226),(58814,'Tabelião substituto',17226),(58815,'Oficial judiciário',17228),(58816,'Oficial legislativo',17228),(58817,'Auxiliar jurídico',17229),(58818,'Técnico em secretariado (português)',17230),(58819,'Secretário-assistente administrativo (técnico)',17230),(58820,'Secretário (técnico de nível médio)',17230),(58821,'Secretária (técnico em secretariado - português)',17230),(58822,'Taquígrafo parlamentar',17231),(58823,'Taquígrafo em línguas estrangeiras',17231),(58824,'Taquígrafo revisor',17231),(58825,'Estenógrafo',17231),(58826,'Taquígrafo judiciário',17231),(58827,'Estenotipista técnico parlamentar',17232),(58828,'Estenotipista técnico judiciário',17232),(58829,'Estenotipista ´free lancer´',17232),(58830,'Estenotipista em ´close caption´',17232),(58831,'Escrevente técnico estenotipista',17232),(58832,'Supervisor de segurança do trabalho',17233),(58833,'Técnico em segurança industrial',17233),(58834,'Técnico em meio ambiente, segurança e saúde',17233),(58835,'Subscritor assistente de seguros',17234),(58836,'Analista técnico de seguros',17234),(58837,'Técnico de sinistros',17235),(58838,'Analista técnico de sinistros',17235),(58839,'Inspetor de produção de seguros',17236),(58840,'Assistente de contas de seguros',17236),(58841,'Assistente de negócios de seguros',17236),(58842,'Assistente de produtos (técnico de seguros)',17237),(58843,'Assistente de analista de produtos',17237),(58844,'Vistoriador de risco de auto',17238),(58845,'Representante de controle de perdas',17238),(58846,'Inspetor de avarias',17239),(58847,'Comissário de avarias',17239),(58848,'Vistoriador de sinistros',17239),(58849,'Regulador de sinistros',17239),(58850,'Agente de investigação privada',17242),(58851,'Detetive particular',17242),(58852,'Investigador particular',17242),(58853,'Detetive de polícia',17243),(58854,'Inspetor de polícia',17243),(58855,'Agente policial',17243),(58856,'Comissário de polícia',17243),(58857,'Datiloscopista',17244),(58858,'Técnico de identificação (papiloscopista)',17244),(58859,'Perito papiloscopista',17244),(58860,'Perito em identificação',17244),(58861,'Inspetor agrícola',17245),(58862,'Agente de defesa florestal',17245),(58863,'Agente de fiscalização ambiental',17245),(58864,'Agente de inspeção de pesca',17245),(58865,'Analista ambiental',17245),(58866,'Fiscal do meio ambiente',17245),(58867,'Guarda-parques',17245),(58868,'Fiscal florestal',17245),(58869,'Guarda ambiental',17245),(58870,'Polícia florestal e de mananciais',17245),(58871,'Guarda florestal',17245),(58872,'Analistas de projetos ambientais',17245),(58873,'Fiscal de obras',17246),(58874,'Agente de saneamento',17246),(58875,'Fiscal de higiene',17246),(58876,'Agente sanitarista',17246),(58877,'Inspetor de comercialização de produtos',17246),(58878,'Inspetor de saneamento',17246),(58879,'Inspetor de medição',17247),(58880,'Metrologista auxiliar',17247),(58881,'Inspetor de transporte de produtos perigosos',17248),(58882,'Fiscal de pesos e medidas',17248),(58883,'Inspetor técnico de qualidade',17248),(58884,'Inspetor de equipamentos',17248),(58885,'Fiscal têxtil',17250),(58886,'Tesoureiro',17260),(58887,'Contato publicitário',17262),(58888,'Vendedor de informações comerciais',17263),(58889,'Demonstrador de produtos farmacêuticos',17266),(58890,'Representante técnico de vendas',17266),(58891,'Arrematador, no comércio',17269),(58892,'Pregoeiro',17272),(58893,'Preposto de leiloeiro',17272),(58894,'Avaliador de prédios',17273),(58895,'Avaliador de propriedade',17273),(58896,'Avaliador de automóveis',17274),(58897,'Avaliador de bens',17274),(58898,'Avaliador de jóias',17274),(58899,'Avaliador judicial',17274),(58900,'Perito avaliador de bens móveis',17274),(58901,'Avaliador de artes e antiguidades',17274),(58902,'Securitário',17275),(58903,'Consultor imobiliário',17276),(58904,'Assessor imobiliário',17276),(58905,'Consultor de turismo nacional (técnico)',17278),(58906,'Operador de turismo receptivo',17278),(58907,'Operador de viagem',17278),(58908,'Operador de turismo exportativo',17278),(58909,'Operador de turismo nacional',17278),(58910,'Agente de reservas (hotel)',17280),(58911,'Supervisor de operações turísticas',17280),(58912,'Agente de turismo',17280),(58913,'Auxiliar de turismo receptivo',17280),(58914,'Coordenador de turismo',17280),(58915,'Agente de vendas (viagens marítimas)',17280),(58916,'Agente de eventos',17281),(58917,'Promotor de eventos (técnicos em turismo)',17281),(58918,'Assistente de biblioteca',17282),(58919,'Auxiliar de bibliotecário',17282),(58920,'Auxiliar de serviços bibliotecários',17282),(58921,'Tratador de documentos (biblioteconomia)',17283),(58922,'Técnico de documentação e informação',17283),(58923,'Técnico de bilbioteca',17283),(58924,'Técnico em documentação',17283),(58925,'Numismata',17284),(58926,'Técnico de arquivo (museologia)',17285),(58927,'Técnico de artes gráficas',17287),(58928,'Monitor de acampamento',17288),(58929,'Conselheiro em acantonamento',17288),(58930,'Monitor de acantonamento',17288),(58931,'Monitor de entretenimento',17289),(58932,'Monitor infantil',17289),(58933,'Go - gentil organizador',17289),(58934,'Recreacionista',17289),(58935,'Monitor de recreação',17289),(58936,'Monitor de esportes e lazer',17289),(58937,'Operador de câmera',17292),(58938,'Cameraman (cinema)',17292),(58939,'Operador de câmera de vídeo',17292),(58940,'Operador de teleprocessamento',17293),(58941,'Operador de sistemas de informática (teleprocessamento)',17293),(58942,'Operador de rede de transmissão de dados',17293),(58943,'Operador de radiotelégrafo',17294),(58944,'Operador de aúdio (rádio)',17295),(58945,'Operador de áudio de estúdio',17295),(58946,'Operador de estúdio (rádio)',17295),(58947,'Operador de mesa (rádio)',17295),(58948,'Técnico de áudio (rádio)',17295),(58949,'Operador de console (rádio)',17295),(58950,'Sonoplasta (continuidade)',17295),(58951,'Operador de controle mestre (rádio)',17296),(58952,'Operador de equipamentos de transmissão (móveis)',17297),(58953,'Operador de emissora de rádio (equipamentos móveis)',17297),(58954,'Operador de rádio (equipamentos móveis)',17297),(58955,'Operador de estúdio de gravação de áudio',17298),(58956,'Técnico de gravação (rádio)',17298),(58957,'Engenheiro de som (rádio)',17298),(58958,'Engenheiro de gravação (rádio)',17298),(58959,'Operador de gravadora (rádio)',17298),(58960,'Sonoplasta (gravação)',17298),(58961,'Operador de transmissor',17299),(58962,'Auxiliar de estúdio em operação de equipamentos  de produção para televisão e produtoras de vídeo',17300),(58963,'Operador de caracteres na produção para televisão e produtora de vídeo',17300),(58964,'Operador de externa em operação de equipamentos de produção para televisão e produtoras de vídeo',17300),(58965,'Operador de vt (estúdio de vt )',17300),(58966,'Operador de vt (externa)',17300),(58967,'Produtor gráfico para televisão e produtoras de vídeo',17300),(58968,'Operador de mesa de efeitos especiais na produção para televisão e produtoras de vídeo',17300),(58969,'Operador de controle geral de equipamentos na produção para televisão e produtora de  vídeo',17300),(58970,'Operador de cabo na produção para televisão e produtora de vídeo',17300),(58971,'Auxiliar de externa em operações de equipamentos de produção para televisão e produtoras de vídeo',17300),(58972,'Operador de microfone para produção para televisão e produtoras de vídeo',17300),(58973,'Assistente ou auxiliar de iluminação na produção para televisão e produtoras de vídeo',17300),(58974,'Operador de vídeo na produção para televisão e produtora de vídeo',17300),(58975,'Operador de unidade portátil de produção para televisão e produtora de vídeo',17300),(58976,'Operador de microondas na produção para televisão e produtoras de vídeo',17300),(58977,'Técnico de captação de som em produção para televisão e produtora de vídeo',17300),(58978,'Assistente de operações de equipamentos de produção para televisão e produtoras de vídeo',17300),(58979,'Iluminador na produção para televisão e produtora de vídeo',17300),(58980,'Diretor de imagens (estúdio de televisão)',17300),(58981,'Diretor de imagens externa na produção para televisão e produtoras de vídeo',17300),(58982,'Editor de imagens para televisão e produtoras de vídeo',17300),(58983,'Editor gráfico na produção para televisão e produtoras de vídeo',17300),(58984,'Operador de áudio (estúdio de tv )',17300),(58985,'Operador de áudio externo na produção para televisão e produtora de vídeo',17300),(58986,'Operador de câmera (estúdio de tv )',17300),(58987,'Coordenador de programação em operação de equipamento de exibição em televisão',17301),(58988,'Operador de controle mestre na exibição de televisão',17301),(58989,'Operador de teletexto em exibição de televisão',17301),(58990,'Operador de sistemas de equipamentos em exibição de televisão',17301),(58991,'Operador de vt de exibição em televisão',17301),(58992,'Operador de sistemas de exibição em televisão',17301),(58993,'Operador de sistemas de transmissão e recepção de televisão',17302),(58994,'Operador de transmissor (tv)',17302),(58995,'Supervisor de operações de sistemas de televisão e produtoras de vídeo',17303),(58996,'Coordenador de operações de sistemas de televisão e produtoras de vídeo',17303),(58997,'Chefe de operações de sistemas de televisão e produtoras de vídeo',17303),(58998,'Assistente de estúdio (gravação de áudio)',17304),(58999,'Auxiliar de estúdio',17304),(59000,'Operador de estúdio (gravação de áudio)',17304),(59001,'Operador de gravação (trilha sonora para filmes)',17304),(59002,'Técnico de gravação de áudio',17304),(59003,'Técnico de montagem',17305),(59004,'Auxiliar de instalação (equipamentos de rádio)',17305),(59005,'Instalador de equipamentos de áudio',17305),(59006,'Auxiliar técnico de montagem',17305),(59007,'Roadie (assistente de palco)',17305),(59008,'Engenheiro de master',17306),(59009,'Diretor de som',17307),(59010,'Sound designer',17307),(59011,'Desenhista de som',17307),(59012,'Operador de microfone (boom man)',17308),(59013,'Técnico de mixagem',17309),(59014,'Mixador',17309),(59015,'Técnico em projeto de aúdio',17310),(59016,'Projetista de áudio',17310),(59017,'Engenheiro projetista de áudio',17310),(59018,'Construtor de cenários',17312),(59019,'Operador de carrinho (travelling)',17313),(59020,'Operador de grua',17313),(59021,'Assistente de estúdio (cinema e vídeo)',17313),(59022,'Cenotécnico de filmagem',17313),(59023,'Técnico de teatro',17314),(59024,'Técnico de palco',17314),(59025,'Maquinista de cenário',17314),(59026,'Operador de projetor cinematográfico e áudio',17315),(59027,'Operador cinematográfico',17315),(59028,'Operador de cabine cinematográfica',17315),(59029,'Projecionista',17315),(59030,'Operador de vídeo',17317),(59031,'Criador de efeitos visuais',17319),(59032,'Compositor de imagens',17319),(59033,'Criador de efeitos especiais',17319),(59034,'Pós-produtor de tv e vídeo',17319),(59035,'Montador cinematográfico',17320),(59036,'Montador',17320),(59037,'Montador de filmes de cinema',17320),(59038,'Vitrinista',17322),(59039,'Dançarino de danças folclóricas',17324),(59040,'Dançarino brincante',17324),(59041,'Dançarino de danças rituais',17324),(59042,'Dançarino de danças de raiz',17324),(59043,'Folgazão',17324),(59044,'Sambista',17324),(59045,'Bailarino de danças folclóricas',17324),(59046,'Bailarinos populares',17325),(59047,'Bailarinos étnicos',17325),(59048,'Bailarinos de danças parafolclóricas',17325),(59049,'Dançarinos populares',17325),(59050,'Dançarinos étnicos',17325),(59051,'Dançarinos de danças parafolclóricas',17325),(59052,'Dançarino de rua',17325),(59053,'Dançarino de salão',17325),(59054,'Saltador',17326),(59055,'Artista de lira',17327),(59056,'Artista de força capilar',17327),(59057,'Artista de corda',17327),(59058,'Saltimbanco',17328),(59059,'Globista',17328),(59060,'Pirofagista',17328),(59061,'Atirador de facas',17328),(59062,'Comedor de espada',17328),(59063,'Ventríloquo',17328),(59064,'Partner (circo)',17328),(59065,'Comedor de fogo (pirofagista)',17328),(59066,'Faquir',17328),(59067,'Homem-bala',17328),(59068,'Deslocador',17329),(59069,'Treinador de animais (circense)',17330),(59070,'Funâmbulo',17331),(59071,'Aramista (equilibrista)',17331),(59072,'Paradista',17331),(59073,'Ilusionista',17332),(59074,'Prestidigitador',17332),(59075,'Manipulador',17332),(59076,'Cômico de circo',17334),(59077,'Tony de soirée',17334),(59078,'Excêntrico',17334),(59079,'Clown',17334),(59080,'Bonequeiro',17335),(59081,'Manipulador de bonecos',17335),(59082,'Marionetistas',17335),(59083,'Mamulengueiro',17335),(59084,'Animador de eventos',17337),(59085,'Apresentador animador de eventos',17337),(59086,'Apresentador de convenções',17337),(59087,'Apresentador de espetáculos',17337),(59088,'Animador de festas populares',17338),(59089,'Apresentador animador de festas populares',17338),(59090,'Locutor de rodeio',17338),(59091,'Comentarista de rodeio',17338),(59092,'Animador de rádio',17339),(59093,'Apresentador animador de programas de rádio',17339),(59094,'Animador de televisão',17340),(59095,'Apresentador animador de programas de televisão',17340),(59096,'Apresentador de telejornal',17340),(59097,'Animador de circo',17341),(59098,'Apresentador animador de circo',17341),(59099,'Modelo vivo',17342),(59100,'Modelo fotográfico de nu artístico',17342),(59101,'Estátua viva',17342),(59102,'Manequim',17343),(59103,'Modelo \"fashion\"',17343),(59104,'Modelo de passarela',17343),(59105,'Modelo fotográfico',17344),(59106,'Modelo comercial',17344),(59107,'Modelo de detalhes',17344),(59108,'Modelo de editorial de moda',17344),(59109,'Modelo fotográfico de workshop',17344),(59110,'Atleta de voleibol',17345),(59111,'Atleta de handebol',17345),(59112,'Atleta do beisebol',17345),(59113,'Atleta de canoagem',17345),(59114,'Atleta de ciclismo',17345),(59115,'Atleta de vela',17345),(59116,'Atleta de bodybare',17345),(59117,'Atleta de escalada',17345),(59118,'Atleta de esgrima',17345),(59119,'Atleta da natação',17345),(59120,'Atleta de pólo aquático',17345),(59121,'Peão de boiadeiro',17345),(59122,'Atleta do basquete',17345),(59123,'Atleta da ginástica',17345),(59124,'Atleta do hóquei',17345),(59125,'Atleta de nado sincronizado',17345),(59126,'Atleta de paraquedismo',17345),(59127,'Atleta de patinação',17345),(59128,'Atleta de peteca',17345),(59129,'Atleta de remo',17345),(59130,'Atleta de surf e windsurf',17345),(59131,'Atleta de futvôlei',17345),(59132,'Atleta de squash',17345),(59133,'Atleta de futsal',17346),(59134,'Atacante - no futebol',17346),(59135,'Esportista no futebol',17346),(59136,'Goleiro',17346),(59137,'Jogador de futebol',17346),(59138,'Meio campista no futebol',17346),(59139,'Zagueiro - jogador de futebol',17346),(59140,'Atleta de futebol sete',17346),(59141,'Golfista profissional',17347),(59142,'Profissional de golfe',17347),(59143,'Jogador de golfe profissional',17347),(59144,'Lutador de aikidô',17348),(59145,'Lutador de sumô',17348),(59146,'Lutador de hapkidô',17348),(59147,'Lutador de fullcontact',17348),(59148,'Karateca',17348),(59149,'Lutador de karatê',17348),(59150,'Atleta de karatê',17348),(59151,'Judoca',17348),(59152,'Atleta de judô',17348),(59153,'Jodoísta',17348),(59154,'Lutador de taekwondô',17348),(59155,'Atleta de taichichuan',17348),(59156,'Lutador de capoeira',17348),(59157,'Lutador de kendô',17348),(59158,'Tenista profissional',17349),(59159,'Jogador de tênis profissional',17349),(59160,'Atleta de tênis profissional',17349),(59161,'Esportista profissional de tênis',17349),(59162,'Jogador profissional de tênis',17349),(59163,'Jóquei profissional',17350),(59164,'Atleta do hipismo',17350),(59165,'Corredor fundista',17352),(59166,'Maratonista',17352),(59167,'Atleta de triatlo',17352),(59168,'Pugilista de luta livre',17353),(59169,'Boxeador',17353),(59170,'Boxeur',17353),(59171,'Lutador profissional de boxe',17353),(59172,'Coordenador de câmara de chegada',17355),(59173,'Árbitro geral de pista',17355),(59174,'Árbitro geral de campo',17355),(59175,'Árbitro geral de provas fora do estádio',17355),(59176,'Oficial encarregado de painel de advertência',17355),(59177,'Árbitro reserva (basquete)',17356),(59178,'Apontador (basquete)',17356),(59179,'Assistente de apontador (basquete)',17356),(59180,'Árbitro de basquetebol',17356),(59181,'Cronometrista (basquete)',17356),(59182,'Fiscal de basquetebol',17356),(59183,'Oficial de mesa (basquete)',17356),(59184,'Oficial de quadra (basquete)',17356),(59185,'Operador dos vinte e quatro segundos (basquete)',17356),(59186,'Árbitro assistente (futebol)',17357),(59187,'Árbitro central (futebol)',17357),(59188,'Árbitro reserva (futebol)',17357),(59189,'Observador (futebol)',17357),(59190,'Árbitro de futsal',17358),(59191,'Anotador (futebol de salão)',17358),(59192,'Cronometrista (futebol de salão)',17358),(59193,'Oficial de arbitragem (futebol de salão)',17358),(59194,'Anotador (judô)',17359),(59195,'Árbitro central (judô)',17359),(59196,'Árbitro lateral (judô)',17359),(59197,'Cronometrista (judô)',17359),(59198,'Oficial de mesa (judô)',17359),(59199,'Coordenador de área (judô)',17359),(59200,'Anotador (karatê)',17360),(59201,'Árbitro chefe de área (karatê)',17360),(59202,'Árbitro central (karatê)',17360),(59203,'Anotador de pontuação (karetê)',17360),(59204,'Árbitro reserva (karetê)',17360),(59205,'Cronometrista (karetê)',17360),(59206,'Juiz auxiliar (karetê)',17360),(59207,'Cronometrista de pólo aquático',17361),(59208,'Oficial de arbitragem (poloaquático)',17361),(59209,'Juiz de gol (poloaquático)',17361),(59210,'Cronometrista de trinta e cinco segundos (poló aquático)',17361),(59211,'Apontador (vôlei)',17362),(59212,'Controlador de líbero (vôlei)',17362),(59213,'Juiz de linha (vôlei)',17362),(59214,'Técnico de tempos e métodos',17363),(59215,'Técnico analista de estudos de tempo',17363),(59216,'Técnico analista de processos de produção',17363),(59217,'Calculista de tempos',17363),(59218,'Computometrista',17364),(59219,'Apontador de tempo (produção)',17364),(59220,'Analista de logística (técnico de nível médio)',17365),(59221,'Técnico de programação e controle da produção e expedição',17367),(59222,'Técnico analista de programação',17367),(59223,'Técnico de produção',17367),(59224,'Técnico de programação de produção',17367),(59225,'Técnico analista de pcp',17367),(59226,'Técnico analista de produção',17367),(59227,'Técnico em análise de controle de produção',17367),(59228,'Calculista de produção',17367),(59229,'Planejador de produção (técnico)',17367),(59230,'Programador de controle de produção',17367),(59231,'Técnico de processo de fabricação',17367),(59232,'Técnico de programação e controle de serviço de manutenção',17368),(59233,'Programador e controlador de materiais',17369),(59234,'Técnico analista de materiais',17369),(59235,'Inspetor de chopp',17370),(59236,'Inspetor de ferramentas',17370),(59237,'Inspetor de fundição',17370),(59238,'Inspetor de linha de montagem',17370),(59239,'Inspetor de linha de produção',17370),(59240,'Inspetor de linha de transmissão',17370),(59241,'Inspetor de linhas de cabos aéreos',17370),(59242,'Inspetor de qualidade material',17370),(59243,'Inspetor de montagem',17370),(59244,'Inspetor geral de produção',17370),(59245,'Técnico de controle de qualidade',17370),(59246,'Agente de inspeção (qualidade)',17370),(59247,'Supervisor de operações na área de controle de produção',17370),(59248,'Inspetor de qualidade - nas indústrias',17370),(59249,'Controlador de qualidade',17370),(59250,'Técnico analista de qualidade',17371),(59251,'Técnico analista de padrões de qualidade',17371),(59252,'Analista de controle de qualidade',17371),(59253,'Analista de laboratório de controle de qualidade',17371),(59254,'Técnico analista de recebimento de peças compradas',17371),(59255,'Técnico analista de pesquisa de controle de qualidade',17371),(59256,'Técnico analista de controle estatístico de qualidade',17371),(59257,'Técnico analista de controle de produtos manufaturados',17371),(59258,'Auxiliar de técnico de controle de qualidade',17372),(59259,'Revisor de equipamentos (controle de qualidade)',17372),(59260,'Técnico de controle interno na produção',17373),(59261,'Técnico de apoio em pesquisa e desenvolvimento de processos',17376),(59262,'Técnico de apoio em pesquisa e desenvolvimento de produtos',17376),(59263,'Técnico de apoio em pesquisa e desenvolvimento de tecnologias energéticas',17376),(59264,'Técnico de apoio em pesquisa e desenvolvimento em telecomunicações',17376),(59265,'Chefe de departamento de pessoal',17378),(59266,'Chefe de serviço de limpeza',17378),(59267,'Chefe administrativo',17378),(59268,'Supervisor administrativo de escritório',17378),(59269,'Supervisor administrativo de pessoal',17378),(59270,'Supervisor administrativo interno',17378),(59271,'Supervisor de administração',17378),(59272,'Chefe de seção de serviços gerais - exclusive no serviço público',17378),(59273,'Subencarregado de escritório',17378),(59274,'Chefe de escritório',17378),(59275,'Agente administrativo supervisor',17378),(59276,'Coordenador administrativo',17378),(59277,'Encarregado administrativo',17378),(59278,'Chefe de seção de expedição',17378),(59279,'Chefe de serviços de coordenação de contratos',17378),(59280,'Supervisor de administração e arquivo técnico',17378),(59281,'Supervisor de seção de serviços gerais',17378),(59282,'Chefe de expediente - no serviço público',17378),(59283,'Chefe de seção - no serviço público',17378),(59284,'Chefe de seção de serviços administrativos',17378),(59285,'Chefe de setor - exclusive no serviço público',17378),(59286,'Chefe de setor - no serviço público',17378),(59287,'Encarregado de escritório - exclusive no serviço público',17378),(59288,'Encarregado de serviço - exclusive no serviço público',17378),(59289,'Encarregado de almoxarifado',17379),(59290,'Supervisor de materiais em almoxarifado',17379),(59291,'Encarregado de câmbio',17380),(59292,'Encarregado de contas a pagar',17381),(59293,'Chefe de administração patrimonial',17382),(59294,'Supervisor de ativo fixo',17382),(59295,'Encarregado de ativo fixo',17382),(59296,'Encarregado de patrimônio',17382),(59297,'Balconista de crediário',17383),(59298,'Auxiliar de crédito',17383),(59299,'Encarregado de crédito e cobrança',17383),(59300,'Supervisor de crédito',17383),(59301,'Supervisor de cobrança de serviço financeiro, de câmbio e controle',17383),(59302,'Chefe de orçamento',17384),(59303,'Controlador de orçamento',17384),(59304,'Encarregado de orçamento',17384),(59305,'Chefe de serviço financeiro',17385),(59306,'Encarregado de controle financeiro',17385),(59307,'Encarregado de tesouraria',17385),(59308,'Auxiliar de compras',17386),(59309,'Auxiliar de estoque',17386),(59310,'Auxiliares administrativos e de escritórios',17386),(59311,'Escriturário',17386),(59312,'Auxiliar administrativo de pessoal',17386),(59313,'Auxiliar de administração',17386),(59314,'Auxiliar de escritório',17386),(59315,'Auxiliar de promoção de vendas (administrativo)',17386),(59316,'Auxiliar de setor de compras (administrativo)',17386),(59317,'Auxiliar de supervisor de vendas (administrativo)',17386),(59318,'Encarregado de departamento de pessoal',17387),(59319,'Encarregado de pessoal',17387),(59320,'Agente administrativo',17387),(59321,'Assistente de controlador de orçamento',17387),(59322,'Assistente de controle administrativo',17387),(59323,'Assistente de escritório',17387),(59324,'Assistente de faturamento',17387),(59325,'Assistente do setor de firmas e procurações',17387),(59326,'Assistente técnico - no serviço público',17387),(59327,'Assistente técnico administrativo',17387),(59328,'Assistente de administração',17387),(59329,'Assistente de finanças - exclusive no serviço público',17387),(59330,'Apontador de cartões de ponto',17391),(59331,'Controlador de estatística',17392),(59332,'Auxiliar técnico de seguros',17393),(59333,'Auxiliar de tráfego de exportação e importação',17394),(59334,'Conferente de documentação de importação e exportação',17394),(59335,'Conferente de exportação',17394),(59336,'Operador de máquina de escrever',17395),(59337,'Digitador de terminal',17396),(59338,'Operador de equipamentos de entrada de dados',17396),(59339,'Operador de microcomputador',17396),(59340,'Operador de telex',17397),(59341,'Operador de telecomunicações de correios',17397),(59342,'Coordenador de digitação',17398),(59343,'Encarregado de serviço de digitação',17398),(59344,'Chefe de digitação',17398),(59345,'Encarregado de digitação e operação',17398),(59346,'Supervisor de digitação',17398),(59347,'Chasquil',17399),(59348,'Estafeta',17399),(59349,'Office-girl',17399),(59350,'Mensageiro',17399),(59351,'Office-boy',17399),(59352,'Mensageiro externo',17399),(59353,'Mensageiro interno',17399),(59354,'Calculista de folha de pagamento',17400),(59355,'Auxiliar de contas a receber',17401),(59356,'Auxiliar financeiro',17401),(59357,'Auxiliar de contas a pagar',17401),(59358,'Assistente de serviço de contabilidade',17401),(59359,'Revisor contábil',17401),(59360,'Auxiliar de escrituração fiscal',17401),(59361,'Auxiliar contábil',17401),(59362,'Auxiliar de custos',17401),(59363,'Faturista',17402),(59364,'Estoquista',17409),(59365,'Encarregado de expedição',17409),(59366,'Encarregado de estoque',17409),(59367,'Conferente de mercadoria',17409),(59368,'Controlador de almoxarifado',17409),(59369,'Auxiliar de almoxarifado',17409),(59370,'Auxiliar de depósito',17410),(59371,'Auxiliar de armazenamento',17410),(59372,'Sileiro',17410),(59373,'Fiel de depósito',17410),(59374,'Operador de movimentação e armazenagem de cargas',17410),(59375,'Encarregado de pesagem',17411),(59376,'Fiscal de balanças',17411),(59377,'Pesador',17411),(59378,'Operador de pesagem de matéria prima',17411),(59379,'Operador de balanças rodoviárias',17411),(59380,'Anotador de mão-de-obra',17412),(59381,'Anotador de pessoal',17412),(59382,'Apontador de obras',17412),(59383,'Apropriador de mão-de-obra',17412),(59384,'Apontador de pessoal',17412),(59385,'Controlador de mão-de-obra',17412),(59386,'Conferente de controle de produção',17413),(59387,'Apontador industrial',17413),(59388,'Controlador de produção',17413),(59389,'Anotador de processo de produção',17413),(59390,'Controlador de serviços de produção',17413),(59391,'Encarregado de seção de controle de produção',17413),(59392,'Anotador de produção',17413),(59393,'Apontador de campo',17413),(59394,'Conferente de faturas e notas fiscais',17414),(59395,'Conferente portuário',17414),(59396,'Arquivador',17415),(59397,'Ficharista',17418),(59398,'Copiador de documentos',17419),(59399,'Operador de máquina reprográfica',17419),(59400,'Mensageiro (correios e telégrafos)',17420),(59401,'Entregador de correspondências (correios e telégrafos)',17420),(59402,'Carteiro motorizado',17420),(59403,'Manipulador de correspondências (correios e telégrafos)',17421),(59404,'Separador de correspondências (correios e telégrafos)',17421),(59405,'Selecionador de correspondências (correios e telégrafos)',17421),(59406,'Separador de cargas postais (correios e telégrafos)',17421),(59407,'Classificador de correspondências (correios e telégrafos)',17421),(59408,'Encarregado de malote',17421),(59409,'Manipulador postal',17421),(59410,'Supervisor de atendimento (caixas e bilheteiros)',17422),(59411,'Encarregado de cobrança',17423),(59412,'Chefe de cobrança',17423),(59413,'Coordenador de cobrança',17423),(59414,'Supervisor de arrecadação (apostas e jogos)',17424),(59415,'Supervisor de tesouraria de apostas e jogos',17424),(59416,'Agente de coleta supervisor',17425),(59417,'Supervisor de coleta',17425),(59418,'Chefe de recepção',17426),(59419,'Encarregado de recepção',17426),(59420,'Coordenador de recepção',17426),(59421,'Líder de recepção',17426),(59422,'Encarregado de telefonistas',17427),(59423,'Supervisor de atendimento ao cliente',17428),(59424,'Supervisor de teleatendimento',17428),(59425,'Supervisor de central de atendimento',17428),(59426,'Supervisor de televendas',17428),(59427,'Encarregado de telemarketing',17428),(59428,'Atendente comercial em agência postal',17429),(59429,'Atendente em agência de correios',17429),(59430,'Agente operacional de estação',17430),(59431,'Bilheteiro de cinema',17431),(59432,'Bilheteiro de circo',17431),(59433,'Bilheteiro de teatro',17431),(59434,'Bilheteiro de parques de diversão',17431),(59435,'Emissor de passagens no transporte rodoviário',17432),(59436,'Emissor de passagens aéreas',17432),(59437,'Agente de passagens',17432),(59438,'Agente de passagens aéreas',17432),(59439,'Agente de reserva de passagens aéreas',17432),(59440,'Agente de reserva de passagens rodoviárias',17432),(59441,'Agente de venda de passagens',17432),(59442,'Bilheteiro de agência',17432),(59443,'Fiscal de caixa',17433),(59444,'Caixa de bar, lanchonetes e restaurantes',17433),(59445,'Caixa no comércio',17433),(59446,'Atendente de pedágio',17433),(59447,'Caixa no serviço de alimentação',17433),(59448,'Caixa (supermercado)',17433),(59449,'Caixa de loja',17433),(59450,'Operador de caixa lotérico',17434),(59451,'Caixa lotérico',17434),(59452,'Mensageira',17435),(59453,'Operador de teleturfe',17435),(59454,'Vendedor de apostas de turfe',17435),(59455,'Caixa de turfe',17435),(59456,'Auxiliar de apostas',17435),(59457,'Vendedor de poule',17435),(59458,'Representante de cobrança',17436),(59459,'Consultor de cobrança',17436),(59460,'Recuperador externo',17436),(59461,'Cobrador viajante',17436),(59462,'Cobrador pracista',17436),(59463,'Cobrador de aluguéis',17436),(59464,'Operador de cobrança',17437),(59465,'Auxiliar de cobrança',17437),(59466,'Monitor de cobrança',17437),(59467,'Operador de telecobrança',17437),(59468,'Recuperador interno',17437),(59469,'Assistente de cobrança',17437),(59470,'Recuperador de ativos',17437),(59471,'Recuperador de crédito',17437),(59472,'Analista de cobrança',17437),(59473,'Localizador externo',17438),(59474,'Notificador',17438),(59475,'Recepcionista de crediário',17439),(59476,'Recepcionista de empresa de navegação aérea',17439),(59477,'Recepcionista vendedor de passagens aéreas',17439),(59478,'Recepcionista telefonista',17439),(59479,'Recepcionista secretária',17439),(59480,'Recepcionista auxiliar de secretária',17439),(59481,'Recepcionista bilíngüe',17439),(59482,'Agente de tráfego',17439),(59483,'Atendente de clínica  veterinária',17439),(59484,'Atendente de consultório veterinário',17439),(59485,'Encarregado da recepção',17439),(59486,'Funcionário de setor de informação',17439),(59487,'Recepcionista atendente',17439),(59488,'Auxiliar de recepção',17440),(59489,'Atendente de ambulatório',17440),(59490,'Atendente de clínica  médica',17440),(59491,'Atendente de consultório médico',17440),(59492,'Recepcionista de hospital',17440),(59493,'Atendente de seguro saúde',17441),(59494,'Recepcionista concierge',17442),(59495,'Recepcionista caixa',17442),(59496,'Guest relations',17442),(59497,'Operador de pabx',17444),(59498,'Operador de centro telefônico',17444),(59499,'Operador de mesa telefônica',17444),(59500,'Telefonista bilíngüe',17444),(59501,'Operador bilíngüe (telefonia)',17445),(59502,'Operador internacional (telefonia)',17445),(59503,'Monitor de apoio ao teleatendimento',17446),(59504,'Telefonista-monitor',17446),(59505,'Telefonista-líder',17446),(59506,'Radioperador',17447),(59507,'Operador de rádio',17447),(59508,'Operador de radiotelefonia',17447),(59509,'Operador de teleatendimento ativo (telemarketing)',17448),(59510,'Teleoperador ativo (telemarketing)',17448),(59511,'Operador de telemarketing (operações híbridas)',17449),(59512,'Teleoperador de marketing (híbrido)',17449),(59513,'Operador de teleatendimento híbrido (telemarketing)',17449),(59514,'Atendente central telemarketing',17450),(59515,'Atendente de informações (telemarketing)',17450),(59516,'Teleoperador receptivo (telemarketing)',17450),(59517,'Operador de atendimento receptivo (telemarketing)',17450),(59518,'Atendente de telemarketing',17450),(59519,'Operador de suporte técnico (telemarketing)',17451),(59520,'Teleoperador de suporte técnico (telemarketing)',17451),(59521,'Teleoperador de apoio (telemarketing)',17451),(59522,'Operador de telemarketing especializado',17451),(59523,'Operador de telemarketing bilíngüe',17451),(59524,'Despachante de documentos',17452),(59525,'Emplacador',17452),(59526,'Despachante policial',17452),(59527,'Despachante',17452),(59528,'Agente de coleta ( censo e pesquisas amostrais)',17453),(59529,'Recenseador',17453),(59530,'Entrevistador de campo',17453),(59531,'Agente de pesquisa',17453),(59532,'Entrevistador de cati (computer assisted telephone interviewing)',17454),(59533,'Entrevistador de mídia',17454),(59534,'Entrevistador de pesquisa em profundidade',17454),(59535,'Coletador de preços',17456),(59536,'Pesquisador de preços',17456),(59537,'Técnico em estatística (escriturário)',17457),(59538,'Supervisor de estação ferroviária e rodoviária',17458),(59539,'Supervisor de trens',17458),(59540,'Supervisor de bilheteira de transportes',17458),(59541,'Encarregado de tráfego rodoviário e ferroviário',17458),(59542,'Supervisor de movimento de trens',17458),(59543,'Inspetor de bilheteria de transportes',17458),(59544,'Fiscal de transporte rodoviário',17458),(59545,'Chefe de bilheteria',17458),(59546,'Administrador de prédios',17459),(59547,'Chefe de portaria (edifício)',17459),(59548,'Encarregado de edifício',17459),(59549,'Síndico (edifícios)',17459),(59550,'Encarregado de andar',17460),(59551,'Encarregado de portaria de hotel',17461),(59552,'Supervisor de recepção de hotel',17461),(59553,'Supervisor de hospedagem',17461),(59554,'Chef',17462),(59555,'Supervisor de alimentos e bebidas',17462),(59556,'Chefe de arte culinária',17462),(59557,'Encarregado de cozinha',17462),(59558,'Mestre de cozinha',17462),(59559,'Mestre - cuca',17462),(59560,'Subchefe de cozinha',17462),(59561,'Supervisor de cozinha',17462),(59562,'Encarregado de bar e restaurante',17463),(59563,'Encarregado de cantina',17463),(59564,'Subchefe de bar',17463),(59565,'Supervisor de bar',17463),(59566,'Chefe de bartander',17463),(59567,'Chefe de barewomen',17463),(59568,'Chef executivo nos serviços de alimentação',17464),(59569,'Maître - no serviço de alimentação',17464),(59570,'Maître de bar',17464),(59571,'Maître de boate',17464),(59572,'Maître de restaurante',17464),(59573,'Maître de hotel',17464),(59574,'Chefe de fila nos serviços de alimentação',17464),(59575,'Sommalier',17464),(59576,'Maître executivo',17464),(59577,'Chefe de lavagem de equipamentos de proteção individual  (epi)',17465),(59578,'Chefe de lavanderia',17465),(59579,'Encarregado de lavanderia',17465),(59580,'Supervisor operacional de lavanderia',17465),(59581,'Encarregado operacional de lavanderia',17465),(59582,'Líder de bombeiros',17466),(59583,'Encarregado de bombeiros',17466),(59584,'Inspetor de segurança',17467),(59585,'Supervisor de segurança (vigilância)',17467),(59586,'Supervisor de segurança patrimonial',17467),(59587,'Aeromoça',17468),(59588,'Inspetor de bordo',17468),(59589,'Comissário de bordo',17468),(59590,'Fiscal de tráfego',17471),(59591,'Agente de serviços de fiscalização de transportes coletivos e licenciamento de veículos',17471),(59592,'Fiscal de operação',17471),(59593,'Encarregado de tráfego',17471),(59594,'Fiscal de linha',17471),(59595,'Escalante',17471),(59596,'Fiscal nos transportes',17471),(59597,'Fiscal de ônibus',17471),(59598,'Fiscal de viagens',17471),(59599,'Fiscal rodoviário',17471),(59600,'Despachante nos transportes',17472),(59601,'Despachante de embarque',17472),(59602,'Despachante de tráfego',17472),(59603,'Encarregado de transporte coletivo (exceto trem)',17472),(59604,'Auxiliar de operação',17472),(59605,'Trocador',17473),(59606,'Guia de turismo especializado em atrativo turístico',17475),(59607,'Guia de turismo especializado em excursão internacional',17475),(59608,'Guia de turismo especializado em excursão nacional',17475),(59609,'Guia de turismo especializado em turismo regional',17475),(59610,'Caseiro',17476),(59611,'Arrumador no serviço doméstico',17477),(59612,'Faxineiro no serviço doméstico',17478),(59613,'Empregado doméstico  diarista',17479),(59614,'Governanta de residência',17480),(59615,'Assistente de governanta',17482),(59616,'Governanta executiva',17482),(59617,'Cozinheiro de restaurante',17483),(59618,'Cozinheiro de restaurante de indústria',17485),(59619,'Cozinheiro hospitalar',17486),(59620,'Cozinheiro de bordo',17487),(59621,'Roupeiro de teatro',17488),(59622,'Camareiro de teatro',17488),(59623,'Guarda-roupeiro de teatro',17488),(59624,'Roupeiro de televisão',17489),(59625,'Encarregado de guarda-roupa de televisão',17489),(59626,'Camareiro de televisão',17489),(59627,'Guarda-roupeiro de televisão',17489),(59628,'Camareira de hotel',17490),(59629,'Arrumadeira de hotel',17490),(59630,'Arrumador de hotel',17490),(59631,'Camareiro no transporte marítimo e fluvial',17491),(59632,'Comissário de bordo no transporte marítimo',17491),(59633,'Roupeiro de cinema',17492),(59634,'Encarregado de guarda-roupa de cinema',17492),(59635,'Técnica de cinema',17492),(59636,'Auxiliar de mâitre',17493),(59637,'Garção',17493),(59638,'Atendente de mesa',17493),(59639,'Garçom de bar',17493),(59640,'Atendente de buffet',17493),(59641,'Passador de guarnição',17493),(59642,'Degustador de vinho',17494),(59643,'Escanção',17494),(59644,'Garçom (serviço de vinho)',17494),(59645,'Especialista em vinho',17494),(59646,'Auxiliar de garçom',17495),(59647,'Carregador de utensílios de cozinha',17495),(59648,'Auxiliar de mesa em restaurantes, hotéis e outros',17495),(59649,'Auxiliar de barman',17496),(59650,'Balconista de bar',17496),(59651,'Atendente de bar',17496),(59652,'Preparador de drinques e bebidas',17496),(59653,'Auxiliar de serviço de copa',17497),(59654,'Chefe da copa',17497),(59655,'Copeiro  de eventos',17497),(59656,'Copeiro  de bar',17497),(59657,'Copeiro  de hotel',17497),(59658,'Copeiro  de lanchonete',17497),(59659,'Copeiro  de restaurante',17497),(59660,'Chapista de lanchonete',17499),(59661,'Ajudante, auxiliar de bar',17499),(59662,'Ajudante, auxiliar de lanchonete',17499),(59663,'Atendente de balcão de café',17499),(59664,'Balconista de lanchonete',17499),(59665,'Cantineiro (escola)',17499),(59666,'Servente de lanche',17499),(59667,'Cafeteiro',17499),(59683,'Cabineiro de elevador',17504),(59684,'Encarregado de elevador',17504),(59685,'Operador de elevador',17504),(59686,'Encarregado de garagem',17505),(59687,'Manobrista',17505),(59688,'Fiscal de capela',17506),(59689,'Zelador',17507),(59690,'Agente de coleta de lixo',17508),(59691,'Lixeiro',17508),(59692,'Coletor de lixo',17508),(59693,'Margarida',17509),(59694,'Gari',17509),(59695,'Coletor de resíduos de saúde',17511),(59696,'Coletor de resíduos hospitalares',17511),(59697,'Coletor de lixo hospitalar',17511),(59698,'Lavador de fachadas',17512),(59699,'Cordeiro',17512),(59700,'Lavador de vidros',17512),(59701,'Limpador de janelas',17512),(59702,'Auxiliar de manutenção de edificações',17513),(59703,'Auxiliar de manutenção elétrica e hidraulica',17513),(59704,'Trabalhador de manutenção de edificios',17513),(59705,'Trabalhador na conservação de edificios',17513),(59706,'Cordeiro',17513),(59707,'Conservador de fachadas',17514),(59708,'Cordista',17514),(59709,'Limpador de fachadas com jato',17514),(59710,'Operador de balancim',17514),(59711,'Servente de limpeza',17515),(59712,'Auxiliar de limpeza',17515),(59713,'Auxiliar de conservação de barragens',17516),(59714,'Auxiliar de manutenção predial',17516),(59715,'Auxiliar de serviços gerais (manutenção de edifícios)',17516),(59716,'Oficial de serviços diversos',17516),(59717,'Auxiliar de conservação de obras civis',17516),(59718,'Trabalhador de manutenção de edifícios',17516),(59719,'Trabalhador na conservação de edifícios',17516),(59720,'Oficial de manutenção',17516),(59721,'Oficial de manutenção predial',17516),(59722,'Oficial de serviços gerais',17516),(59723,'Piscineiro',17517),(59724,'Agente de saúde',17518),(59725,'Visitador de saúde',17518),(59726,'Visitador de saúde em domicílio',17518),(59727,'Atendente-enfermeiro',17519),(59728,'Padioleiro-enfermeiro',17519),(59729,'Atendente de serviço médico',17519),(59730,'Atendente de berçário',17519),(59731,'Atendente de centro cirúrgico',17519),(59732,'Atendente de enfermagem no serviço doméstico',17519),(59733,'Atendente de hospital',17519),(59734,'Atendente de serviço de saúde',17519),(59735,'Atendente hospitalar',17519),(59736,'Parteira prática',17520),(59737,'Parteira',17520),(59738,'Assistente de parto',17520),(59739,'Auxiliar de sanitarista',17521),(59740,'Visitador domiciliar',17521),(59741,'Vigilante de saúde',17521),(59742,'Educador sanitário',17521),(59743,'Guarda de endemias',17521),(59744,'Imunizador',17521),(59745,'Flebotomista',17522),(59746,'Ajudante de laboratório',17526),(59757,'Ajudante de cabeleireiro',17532),(59758,'Cabeleireiro feminino',17532),(59759,'Cabeleireiro penteador',17532),(59760,'Cabeleireiro escovista',17532),(59761,'Cabeleireiro tinturista',17532),(59762,'Cabeleireiro unissex',17532),(59763,'Auxiliar de cabeleireiro',17532),(59764,'Cabeleireiro masculino',17532),(59765,'Especialista em tratamento de beleza',17533),(59766,'Esteticista facial',17533),(59767,'Promotor esteticista',17533),(59768,'Esteticista corporal',17533),(59769,'Auxiliar de estética',17533),(59770,'Manicuro',17534),(59771,'Maquilador',17535),(59772,'Maquiador social',17535),(59773,'Maquiador artístico',17536),(59774,'Maquiador de cinema, teatro e tv',17536),(59775,'Calista',17537),(59776,'Pedicuro',17537),(59777,'Baby-sitter',17538),(59778,'Pajém (baby-sitter em início de carreira)',17538),(59779,'Acompanhante de idosos',17539),(59780,'Gero-sitter',17539),(59781,'Cuidador de idosos domiciliar',17539),(59782,'Cuidador de  pessoas idosas e dependentes',17539),(59783,'Cuidador de idosos institucional',17539),(59784,'Mãe crecheira',17540),(59785,'Mãe substituta',17540),(59786,'Operador de secadora de roupas',17542),(59787,'Operador de centrífuga de roupas',17542),(59788,'Lavador de roupa hospitalar',17542),(59789,'Auxiliar de lavador de roupas, a máquina industrial',17542),(59790,'Operador de máquina de lavar roupas, em geral',17542),(59791,'Lavador de roupas à maquina industrial',17542),(59792,'Ajudante de lavador de tapetes',17543),(59793,'Lavador de tapetes',17543),(59794,'Operador de lavadora de tapetes',17543),(59795,'Ajudante de lavanderia de artefatos da tapeçaria',17543),(59796,'Auxiliar de lavador de tapetes',17543),(59797,'Passador de roupas à prensa',17545),(59798,'Passador de roupas em manequim',17545),(59799,'Passador de roupas em calandra',17545),(59800,'Lavador de roupa a seco',17550),(59801,'Passador de amostras de roupas',17552),(59802,'Passador a ferro a vapor',17552),(59803,'Passador - no serviço do vestuário',17552),(59804,'Passador de roupas',17552),(59805,'Passador de tecidos',17552),(59806,'Auxiliar de funerária',17553),(59807,'Atendente funerário',17553),(59808,'Agente funerário - tanatopraxista',17553),(59809,'Crematório',17554),(59810,'Oficial de obras - sepultador',17555),(59811,'Coveiro',17555),(59812,'Cosmoanalista',17556),(59813,'Leitor de oráculos',17558),(59814,'Vidente',17558),(59815,'Rumenal',17558),(59816,'Cristalomante',17558),(59817,'Analista kirlian',17558),(59818,'Radioestesista',17558),(59819,'Quiromante',17558),(59820,'Frenólogo',17558),(59821,'Quirólogo',17558),(59822,'Tarólogo',17558),(59823,'Cartomante',17558),(59824,'Parapsicólogo',17559),(59825,'Bombeiro de aeroporto',17560),(59826,'Bombeiro de empresas particulares',17561),(59827,'Bombeiro de estabelecimentos comerciais',17561),(59828,'Bombeiro de estabelecimentos industriais',17561),(59829,'Agente de investigação de incêndio',17561),(59830,'Salva-surf',17562),(59831,'Guarda-vidas',17562),(59832,'Inspetor de polícia rodoviária federal',17564),(59833,'Guarda-civil metropolitano',17565),(59834,'Auxiliar de tráfego',17566),(59835,'Operador de tráfego',17566),(59836,'Agente de transporte e trânsito',17566),(59837,'Vigilante de aeroporto',17567),(59838,'Segurança comunitário',17568),(59839,'Segurança de evento',17568),(59840,'Segurança pessoal',17568),(59841,'Agente penitenciário',17569),(59842,'Carcereiro',17569),(59843,'Guarda de presídio',17569),(59844,'Chaveiro-carcereiro',17569),(59845,'Guarda penitenciário',17569),(59846,'Inspetor de presídio',17569),(59847,'Guarda-rural',17570),(59848,'Guarda-territorial',17570),(59849,'Inspetor de guarda-territorial',17570),(59850,'Mateiro-guarda florestal',17570),(59851,'Monitor de vídeo',17572),(59852,'Operador de circuito interno de tv',17572),(59853,'Guarda de segurança',17572),(59854,'Fiscal de vigilância - organizações particulares de segurança',17572),(59855,'Fiscal de vigilância bancária',17572),(59856,'Guarda de banco - organizações particulares de segurança',17572),(59857,'Guarda de cais do porto',17572),(59858,'Guarda de comporta - canais ou portos',17572),(59859,'Guarda de segurança - empresa particular de segurança',17572),(59860,'Guarda de vigilância',17572),(59861,'Guarda ferroviário',17572),(59862,'Guarda portuário',17572),(59863,'Agente de segurança ferroviária',17572),(59864,'Guarda valores',17572),(59865,'Guarda vigia',17572),(59866,'Guarda-civil',17572),(59867,'Guarda-costas',17572),(59868,'Inspetor de vigilância',17572),(59869,'Ronda - organizações particulares de segurança',17572),(59870,'Rondante - organizações particulares de segurança',17572),(59871,'Assistente de segurança',17572),(59872,'Vigilante bancário',17572),(59873,'Auxiliar de segurança',17572),(59874,'Auxiliar de serviço de segurança',17572),(59875,'Encarregado de portaria e segurança',17572),(59876,'Encarregado de segurança',17572),(59877,'Encarregado de vigilância - organizações particulares de segurança',17572),(59878,'Fiscal de segurança',17572),(59879,'Atendente de portaria de hotel',17573),(59880,'Capitão porteiro',17573),(59881,'Porteiro industrial',17574),(59882,'Guariteiro',17574),(59883,'Porteiro',17574),(59884,'Agente de portaria',17575),(59885,'Guarda patrimonial',17576),(59886,'Vigia noturno',17576),(59887,'Condutor de bicicleta no transporte de mercadorias',17577),(59888,'Bikeboy',17577),(59889,'Motoboy',17578),(59890,'Enfardador de sucata (cooperativa)',17579),(59891,'Catador de papel e papelão',17579),(59892,'Catador de vasilhame',17579),(59893,'Catador de ferro-velho',17579),(59894,'Catador de sucata',17579),(59895,'Separador de sucata (cooperativa)',17579),(59896,'Triador de sucata (cooperativa)',17579),(59897,'Instrutor agrícola',17584),(59898,'Instrutor de aprendizagem agropecuária',17584),(59899,'Instrutor de treinamento agropecuário',17584),(59900,'Instrutor de treinamento industrial (formação profissional)',17585),(59901,'Professor-instrutor de cursos de treinamento industrial',17585),(59902,'Instrutor de aprendizagem industrial',17585),(59903,'Instrutor de treinamentos industriais',17585),(59904,'Instrutor de educação profissional industrial',17585),(59905,'Instrutor de ofícios industriais',17585),(59906,'Professor-instrutor de educação profissional industrial',17585),(59907,'Instrutor de treinamento comercial',17586),(59908,'Instrutor de aprendizagem comercial',17586),(59909,'Instrutor de aprendizagem agroindustrial e florestal',17587),(59910,'Instrutor de informática',17588),(59911,'Instrutor de aprendizagem em informática',17588),(59912,'Instrutor de aprendizagem em comunicação',17588),(59913,'Instrutor de aprendizagem em transportes',17588),(59914,'Emendador de cartazes',17589),(59915,'Colador de cartazes',17589),(59916,'Instalador de painéis',17589),(59917,'Colocador de painéis',17589),(59918,'Colocador de cartazes',17589),(59919,'Panfleteiro',17589),(59920,'Plaqueiro',17589),(59921,'Propagandista',17589),(59922,'Aplicador de inseticida',17590),(59923,'Dedetizador',17590),(59924,'Desratizador',17590),(59925,'Desinfestador',17590),(59926,'Descupinizador',17590),(59927,'Lustrador - engraxate',17591),(59928,'Polidor de calçados',17591),(59929,'Polidor de artefatos de couro',17591),(59930,'Pegador de bola',17592),(59931,'Rodoboy',17592),(59932,'Enxugador de quadra',17592),(59933,'Orientador de tráfego para estacionamento',17593),(59934,'Guardador de carro',17593),(59935,'Guardador autônomo de veículos',17593),(59936,'Flanelinha',17593),(59937,'Lavador de pratos',17594),(59938,'Lavador de carros',17595),(59939,'Lavador de ônibus',17595),(59940,'Ajudante de lavador de automóvel',17595),(59941,'Limpador de aviões, bondes, coletivos, ônibus e trens',17595),(59942,'Enxugador de veículos',17595),(59943,'Lavador de automóveis',17595),(59944,'Polidor de automóveis',17595),(59945,'Polidor de veículos',17595),(59946,'Operador de lavador de veículos',17595),(59947,'Enxugador e acabador na lavagem de veículos',17595),(59948,'Ajudante de polidor de veículos',17595),(59949,'Encarregado de serviços de leitura e verificação de consumo de energia elétrica, água e gás',17596),(59950,'Anotador de consumo de energia elétrica, água e gás',17596),(59951,'Hidrometrista',17596),(59952,'Leitor de medidores de água, gás e energia elétrica',17596),(59953,'Leitor de hidrômetro',17596),(59954,'Lanterninha',17597),(59955,'Indicador',17597),(59956,'Vagalume',17597),(59957,'Supervisor comercial',17599),(59958,'Supervisor de vendas no varejo',17599),(59959,'Supervisor de vendas no atacado',17599),(59960,'Fiscal de loja',17601),(59961,'Operador de vendas (lojas)',17601),(59962,'Atendente de balcão',17601),(59963,'Recepcionista - em vídeo locadora',17601),(59964,'Vendedor - no comércio de mercadorias',17601),(59965,'Vendedor interno',17601),(59966,'Consultor de vendas',17601),(59967,'Arrumador de prateleiras - em supermercados',17604),(59968,'Arrumador de prateleiras - no comércio',17604),(59969,'Operador de supermercados',17604),(59970,'Repositor - em supermercados',17604),(59971,'Ajudante de farmácia',17605),(59972,'Bombeiro de posto de gasolina',17606),(59973,'Atendente de posto de gasolina',17606),(59974,'Instalador de insulfilm',17608),(59975,'Montador de fechaduras',17609),(59976,'Vendedor de serviços',17610),(59977,'Vendedor de consórcio',17610),(59978,'Vendedor orçamentista',17610),(59979,'Vendedor de livros',17610),(59980,'Vendedor por catálogos',17610),(59981,'Vendedor de plano de saúde',17610),(59982,'Vendedor porta a porta',17610),(59983,'Auxiliar de feirante',17611),(59984,'Vendedor de jornais e revistas',17612),(59985,'Camelô (permissionário em ponto fixo)',17613),(59986,'Garrafeiro (comércio ambulante)',17614),(59987,'Camelô (comércio ambulante)',17614),(59988,'Baleiro (ambulante)',17614),(59989,'Doceiro (comércio ambulante)',17614),(59990,'Ambulante',17614),(59991,'Leiteiro (comércio ambulante)',17614),(59992,'Sorveteiro (comércio ambulante)',17614),(59993,'Vendedor de cachorro quente',17614),(59994,'Jornaleiro (ambulante)',17614),(59995,'Vendedor de pipocas ambulante',17615),(59996,'Fazendeiro na agropecuária - conta própria',17616),(59997,'Sitiante',17616),(59998,'Sitiante na agropecuária - conta própria',17616),(59999,'Sócio-proprietário na agropecuária - conta própria',17616),(60000,'Agropecuarista',17616),(60001,'Roceiro na agropecuária - conta própria',17616),(60002,'Arrendatário na agropecuária',17616),(60003,'Empresário rural na agropecuária',17616),(60004,'Produtor rural na agropecuária',17616),(60005,'Meeiro na agropecuária - conta própria',17616),(60006,'Parceiro na agropecuária - conta própria',17616),(60007,'Posseiro na agropecuária - conta própria',17616),(60008,'Proprietário na agropecuária - conta própria',17616),(60009,'Agricultor polivalente',17617),(60010,'Arrendatário polivalente',17617),(60011,'Meeiro polivalente',17617),(60012,'Parceiro polivalente',17617),(60013,'Sitiante polivalente',17617),(60014,'Agricultor polivalente - conta própria',17617),(60015,'Agricultor polivalente - empregador',17617),(60016,'Agricultor familiar polivalente',17617),(60017,'Proprietário polivalente na agricultura - empregador',17617),(60018,'Proprietário polivalente na agricultura - conta própria',17617),(60019,'Sócio-proprietário polivalente na agricultura - empregador',17617),(60020,'Sócio-proprietário polivalente na agricultura - conta própria',17617),(60021,'Produtor rural polivalente na agricultura - empregador',17617),(60022,'Produtor rural polivalente na agricultura - conta própria',17617),(60023,'Agricultor na produção de arroz',17618),(60024,'Colono na produção de arroz',17618),(60025,'Granjeiro na produção de arroz',17618),(60026,'Rizipiscicultor',17618),(60027,'Arrozeiro',17618),(60028,'Rizicultor',17618),(60029,'Orizicultor',17618),(60030,'Lavoureiro na produção de arroz',17618),(60031,'Agricultor na produção da cana-de-açúcar',17619),(60032,'Canavieiro',17619),(60033,'Agricultor na produção de cereais de inverno',17620),(60034,'Colono na produção de cereais de inverno',17620),(60035,'Lavoureiro na produção de cereais de inverno',17620),(60036,'Produtor de trigo',17620),(60037,'Produtor de cevada',17620),(60038,'Produtor de aveia',17620),(60039,'Produtor de centeio',17620),(60040,'Produtor de triticale',17620),(60041,'Triticultor',17620),(60042,'Produtor de sementes forrageiras',17621),(60043,'Sementeiro',17621),(60044,'Agricultor na produção de gramíneas forrageiras',17621),(60045,'Colono na produção de gramíneas forrageiras',17621),(60046,'Granjeiro na produção de gramíneas forrageiras',17621),(60047,'Granjeiro na produção de milho e sorgo',17622),(60048,'Produtor de milho',17622),(60049,'Produtor de sorgo',17622),(60050,'Lavoureiro na produção de milho e sorgo',17622),(60051,'Agricultor na produção de milho e sorgo',17622),(60052,'Colono na produção de milho e sorgo',17622),(60053,'Cotonicultor - empregador',17623),(60054,'Plantador de algodão',17623),(60055,'Plantador de curauá',17624),(60056,'Juteiro - conta própria',17625),(60057,'Juticultor - conta própria',17625),(60058,'Plantador de juta',17625),(60059,'Ramicultor',17626),(60060,'Plantador de rami',17626),(60061,'Plantador de sisal',17627),(60062,'Plantador de agave',17627),(60063,'Produtor de agave',17627),(60064,'Sisaleiro',17627),(60065,'Horticultor de legumes',17628),(60066,'Olericultor de legumes',17628),(60067,'Horticultor de raízes, bulbos e tubérculos',17629),(60068,'Olericultor',17629),(60069,'Bataticultor',17629),(60070,'Cebolecultor',17629),(60071,'Horticultor de talos, folhas e flores',17630),(60072,'Olericultor de talos, folhas e flores',17630),(60073,'Alfaceiro',17630),(60074,'Horticultor de frutos e sementes',17631),(60075,'Olericultor de frutos e sementes',17631),(60076,'Tomatecultor',17631),(60077,'Floricultor  de flores de corte',17632),(60078,'Floricultor de flores em vaso',17633),(60079,'Floricultor de forrações',17634),(60080,'Viveirista de flores e plantas ornamentais',17635),(60081,'Floricultor de plantas ornamentais',17635),(60082,'Produtor de banana',17636),(60083,'Produtor de mamão',17636),(60084,'Produtor de abacate',17636),(60085,'Produtor de pêra',17636),(60086,'Produtor de caju',17636),(60087,'Bananicultor',17636),(60088,'Produtor de pêssego',17636),(60089,'Pessicultor',17636),(60090,'Produtor de laranja',17636),(60091,'Citricultor',17636),(60092,'Produtor de caqui',17636),(60093,'Produtor de maçã',17636),(60094,'Produtor de manga',17636),(60095,'Produtor de melancia',17637),(60096,'Produtor de melão',17637),(60097,'Produtor de abacaxi',17637),(60098,'Abacaxicultor',17637),(60099,'Produtor de morango',17637),(60100,'Produtor de uva',17638),(60101,'Vinicultor',17638),(60102,'Viticultor',17638),(60103,'Produtor de maracujá',17638),(60104,'Produtor de framboesa',17638),(60105,'Produtor de kiwi',17638),(60106,'Cafeicultor - empregador',17639),(60107,'Produtor de café',17639),(60108,'Cacauicultor - empregador',17640),(60109,'Mateicultor - empregador',17641),(60110,'Fumicultor - empregador',17642),(60111,'Guaranazeiro - empregador',17643),(60112,'Guaranaicultor',17643),(60113,'Produtor de amendoim',17644),(60114,'Produtor de canola',17645),(60115,'Produtor de colza',17645),(60116,'Produtor de coco',17646),(60117,'Dendeicultor',17647),(60118,'Produtor de dendê',17647),(60119,'Produtor de palma',17647),(60120,'Produtor da cultura de palma',17647),(60121,'Palmicultor',17647),(60122,'Produtor de girassol',17648),(60123,'Produtor de linhaça',17649),(60124,'Produtor de linho',17649),(60125,'Produtor de mamona',17650),(60126,'Sojicultor',17651),(60127,'Produtor de soja',17651),(60128,'Produtor  em pecuária familiar',17654),(60129,'Produtor rural em pecuária',17654),(60130,'Pequeno produtor rural',17654),(60131,'Parceiro na pecuária',17654),(60132,'Invernador de gado',17654),(60133,'Arrendatário (pecuária)',17654),(60134,'Criador de gado - bovino, caprino, suíno',17654),(60135,'Criador de gado - eqüino, ovino, muar - conta própria',17654),(60136,'Engordador de gado bovino, suíno, caprino - conta própria',17654),(60137,'Pecuarista',17654),(60138,'Invernador de gado bovino, suíno, caprino, ovino - conta própria',17654),(60139,'Criador de aves e bovinos',17654),(60140,'Criador de pequenos animais',17655),(60141,'Sócio- proprietário - na criação de pequenos animais - empregador',17655),(60142,'Criador de cães',17655),(60143,'Canicultor',17655),(60144,'Cachorreiro',17655),(60145,'Gateiro',17655),(60146,'Criador de cachorros',17655),(60147,'Criador de gatos',17655),(60148,'Criador de asininos e muares - empregador',17656),(60149,'Sócio proprietário - na criação de asininos',17656),(60150,'Sócio proprietário - na criação de muares',17656),(60151,'Eqüideocultor de asininos e muares',17656),(60152,'Fazendeiro - na criação de asininos  e muares',17656),(60153,'Pecuarista - na criação de asininos',17656),(60154,'Pecuarista - na criação de muares',17656),(60155,'Proprietário - na criação de muares',17656),(60156,'Sitiante - na criação de asininos e muares',17656),(60157,'Engordador de zebu - empregador',17657),(60158,'Estancieiro - na criação de gado bovino - empregador',17657),(60159,'Estancieiro na criação de gado bovino (gado de corte)',17657),(60160,'Fazendeiro - na criação de bovinos - empregador',17657),(60161,'Invernador - na criação de gado bovino - empregador',17657),(60162,'Inverneiro - na criação de gado bovino - empregador',17657),(60163,'Invernista - na criação de gado bovino - empregador',17657),(60164,'Parceiro - na criação de gado bovino - empregador',17657),(60165,'Pecuário - na criação de gado bovino - empregador',17657),(60166,'Pecuarista - na criação de gado bovino - empregador',17657),(60167,'Proprietário - na criação de gado bovino - empregador',17657),(60168,'Cabanheiro - corte',17657),(60169,'Produtor rural de gado de corte',17657),(60170,'Bovinocultor - empregador',17657),(60171,'Criador de gado bovino (exceto gado leiteiro) - empregador',17657),(60172,'Criador de zebu',17657),(60173,'Criador de zebu - conta própria',17657),(60174,'Criador de zebu - empregador',17657),(60175,'Engordador de gado bovino - empregador',17657),(60176,'Leiteiro - na criação de gado bovino - empregador',17658),(60177,'Produtor de leite - na criação de gado bovino - empregador',17658),(60178,'Pecuarista de leite',17658),(60179,'Tirador de leite - produtor',17658),(60180,'Cabanheiro - leite',17658),(60181,'Estancieiro de leite',17658),(60182,'Criador de búfalos - corte',17659),(60183,'Fazendeiro de búfalos - corte',17659),(60184,'Bubalinocultor - corte',17659),(60185,'Criador de búfalos - leite',17660),(60186,'Bubalinocultor - leite',17660),(60187,'Fazendeiro de búfalos - leite',17660),(60188,'Criador de cavalos - conta própria',17661),(60189,'Pecuarista - na criação de eqüinos - empregador',17661),(60190,'Proprietário - na criação de eqüinos',17661),(60191,'Sitiante - na criação de eqüinos',17661),(60192,'Criador de cavalo de raça',17661),(60193,'Criador de cavalos - empregador',17661),(60194,'Criador de eqüideos eqüinos - empregador',17661),(60195,'Eqüinocultor',17661),(60196,'Fazendeiro - na criação de eqüinos - empregador',17661),(60197,'Pantaneiro',17661),(60198,'Criador de cabras',17662),(60199,'Criador de bode',17662),(60200,'Caprinocultor',17662),(60201,'Caprinocultor cabanheiro',17662),(60202,'Caprinocultor matrizeiro',17662),(60203,'Caprinocultor de corte',17662),(60204,'Caprinocultor de leite',17662),(60205,'Caprinocultor - empregador',17662),(60206,'Criador de caprinos - empregador',17662),(60207,'Fazendeiro - na criação de caprinos - empregador',17662),(60208,'Pecuarista - na criação de caprinos - empregador',17662),(60209,'Sitiante - na criação de caprinos',17662),(60210,'Proprietário na criação de caprinos',17662),(60211,'Sitiante na criação de ovinos - empregador',17663),(60212,'Ovinocultor matrizeiro',17663),(60213,'Criador de carneiro',17663),(60214,'Ovinocultor cabanheiro',17663),(60215,'Criador de ovelhas - empregador',17663),(60216,'Criador de ovinos - empregador',17663),(60217,'Fazendeiro - na criação de ovinos',17663),(60218,'Ovinocultor - empregador',17663),(60219,'Pecuarista - na criação de ovinos',17663),(60220,'Proprietário - na criação de ovinos',17663),(60221,'Suinocultor - empregador',17664),(60222,'Proprietário de granja de suínos',17664),(60223,'Suinocultor cabanheiro',17664),(60224,'Suinocultor - criador de leitão',17664),(60225,'Criador de porcos - empregador',17664),(60226,'Suinocultor crecheiro',17664),(60227,'Criador de suínos - empregador',17664),(60228,'Fazendeiro na criação de suínos - empregador',17664),(60229,'Pecuarista - na criação de suínos empregador',17664),(60230,'Proprietário - na criação de suínos empregador',17664),(60231,'Sitiante - na criação de suínos',17664),(60232,'Sócio-proprietário - na criação de suínos empregador',17664),(60233,'Parceiro - na criação de aves - empregador',17665),(60234,'Proprietário de granja - na criação de aves',17665),(60235,'Produtor de pinto de corte',17665),(60236,'Avicultor matrizeiro',17665),(60237,'Avicultor avozeiro',17665),(60238,'Avicultor comercial',17665),(60239,'Avícola - empregador',17665),(60240,'Avicultor - empregador',17665),(60241,'Criador de aves',17665),(60242,'Coelheiro',17666),(60243,'Criadores de coelhos integrados',17666),(60244,'Criador de coelhos',17666),(60245,'Criador de matrizes de coelhos',17666),(60246,'Matrizeiro de coelho',17666),(60247,'Proprietário - na criação de coelhos',17666),(60248,'Parceiro na criação de coelhos',17666),(60249,'Abelheiro',17667),(60250,'Sócio-próprietário - na criação de abelhas - empregador',17667),(60251,'Apicultor - empregador',17667),(60252,'Proprietário - na criação de abelhas - empregador',17667),(60253,'Meleiro',17667),(60254,'Minhoqueiro',17669),(60255,'Criador de minhocas',17669),(60256,'Produtor de húmus de minhoca',17669),(60257,'Criador de bicho-da-seda - empregador',17670),(60258,'Proprietário - na criação de bicho-da-seda - empregador',17670),(60259,'Sócio - proprietário - na criação de bicho-da-seda - empregador',17670),(60260,'Sericultor - conta própria',17670),(60261,'Rancheiro',17670),(60262,'Capataz na fruticultura e na floricultura',17671),(60263,'Capataz de horticultura',17671),(60264,'Capataz na lavoura (exceto na floricultura, fruticultura e horticultura)',17671),(60265,'Encarregado de horticultura',17671),(60266,'Encarregado de hortifrutigrangeiros',17671),(60267,'Fiscal de lavoura',17671),(60268,'Orientador de plantio',17671),(60269,'Monitor agrícola',17671),(60270,'Capataz da exploração agrícola',17671),(60271,'Capataz rural',17672),(60272,'Capataz da exploração agropecuária',17672),(60273,'Encarregado na agropecuária',17672),(60274,'Fiscal de propriedade agropecuária',17672),(60275,'Capataz na pecuária',17673),(60276,'Capataz (criação de gado bovino)',17673),(60277,'Capataz de currais bovinos',17673),(60278,'Capataz na exploração de pecuária',17673),(60279,'Encarregado na exploração de pecuária',17673),(60280,'Arameiro (colocador de arames)',17674),(60281,'Rendeiro na agropecuária - exclusive conta própria e empregador',17674),(60282,'Trabalhador na formação de pastagem',17674),(60283,'Camponês na agropecuária',17674),(60284,'Agregado - na agropecuária',17674),(60285,'Camarada - na agropecuária',17674),(60286,'Campeiro - na agropecuária',17674),(60287,'Colono - na agropecuária',17674),(60288,'Curador de animais - na agropecuária',17674),(60289,'Destocador - na agropecuária',17674),(60290,'Diarista - na agropecuária',17674),(60291,'Exterminador de insetos - na agropecuária',17674),(60292,'Fazedor de cerca - inclusive na agropecuária',17674),(60293,'Limpador de pasto - na agropecuária',17674),(60294,'Meeiro - na agropecuária - exclusive conta própria e empregador',17674),(60295,'Operador de engenho',17674),(60296,'Parceiro na agropecuária - exclusive conta própria e empregador',17674),(60297,'Peão - na agropecuária',17674),(60298,'Pegador de animais - na agropecuária',17674),(60299,'Peneirador - na agropecuária',17674),(60300,'Roceiro - na agropecuária - exclusive conta própria e empregador',17674),(60301,'Trabalhador braçal - na agropecuária - conta própria',17674),(60302,'Trabalhador braçal - na agropecuária - exclusive conta própria',17674),(60303,'Trabalhador braçal - na agropecuária - exclusive empregador',17674),(60304,'Trabalhador da coleta de sementes',17674),(60305,'Trabalhador da produção de sementes agrícolas',17674),(60306,'Trabalhador de enxada - na agropecuária',17674),(60307,'Trabalhador rural - na agropecuária - exclusive conta própria',17674),(60308,'Trabalhador rural - na agropecuária - exclusive empregador',17674),(60309,'Arrendatário - na agropecuária',17674),(60310,'Bóia-fria - na agropecuária',17674),(60311,'Chacareiro - exclusive conta própria e empregador',17675),(60312,'Rancheiro - na cultura',17675),(60313,'Jardineiro (árvores para ornamentação urbana)',17676),(60314,'Trabalhador do plantio e trato de árvores ornamentais',17676),(60315,'Regador - na cultura',17676),(60316,'Colhedor de sementes',17677),(60317,'Viveirista agrícola',17677),(60318,'Embalador de mudas',17677),(60319,'Capinzeiro - na cultura',17678),(60320,'Carpidor - na cultura',17678),(60321,'Catadeira - na cultura',17678),(60322,'Catador - na cultura',17678),(60323,'Cavador - na cultura',17678),(60324,'Ceifeiro',17678),(60325,'Auxiliar de agricultura',17678),(60326,'Chefe de turma volante - na cultura',17678),(60327,'Coletor na cultura',17678),(60328,'Colhedor - na cultura',17678),(60329,'Colhedor de lavoura (exceto na floricultura, fruticultura e horticultura)',17678),(60330,'Cultivador de cultura permanente',17678),(60331,'Cultivador de cultura temporária',17678),(60332,'Debulhador - na cultura',17678),(60333,'Adubador',17678),(60334,'Capinador - na lavoura',17678),(60335,'Valeiro - na cultura',17678),(60336,'Ceifador',17678),(60337,'Ceifador - na cultura',17678),(60338,'Cerqueiro',17678),(60339,'Esparramador de adubos',17678),(60340,'Foiceiro',17678),(60341,'Foiceiro - na cultura',17678),(60342,'Formigueiro (combate às formigas)',17678),(60343,'Matador de formiga - na cultura',17678),(60344,'Podador agrícola',17678),(60345,'Ajudante de serviço de (aplicação de produtos agroquímicos)',17678),(60346,'Ronda de formiga (combate às formigas)',17678),(60347,'Selecionador e embalador de colheitas agrícolas',17678),(60348,'Semeador',17678),(60349,'Sementeiro - na cultura',17678),(60350,'Bóia-fria',17678),(60351,'Diarista na agricultura',17678),(60352,'Safrista',17678),(60353,'Volante na agricultura',17678),(60354,'Trabalhador agrícola polivalente',17678),(60355,'Abanador na agricultura',17678),(60356,'Apanhador - na cultura',17678),(60357,'Arrancador - na cultura',17678),(60358,'Aplicador agrícola',17678),(60359,'Cabeça-de-campo',17678),(60360,'Capinador - na cultura',17678),(60361,'Capineiro - na cultura',17678),(60362,'Capinheiro - na cultura',17678),(60363,'Descascador - na cultura',17678),(60364,'Destalador - na cultura',17678),(60365,'Empreiteiro - na cultura',17678),(60366,'Encarregado de silos',17678),(60367,'Encoivarador - na cultura',17678),(60368,'Enxadeiro',17678),(60369,'Enxadeiro - na cultura',17678),(60370,'Escolhedor - na cultura',17678),(60371,'Estercador',17678),(60372,'Formador - na cultura',17678),(60373,'Lavrador - na cultura - exclusive conta própria e empregador',17678),(60374,'Lavrador de cultura permanente - exclusive conta própria e empregador',17678),(60375,'Lavrador de cultura temporária - exclusive conta própria e empregador',17678),(60376,'Lavrador na horticultura e na floricultura - exclusive conta própria e empregador',17678),(60377,'Plantador - exclusive conta própria e empregador',17678),(60378,'Plantador de cultura permanente',17678),(60379,'Plantador de cultura temporária',17678),(60380,'Roçador - na cultura',17678),(60381,'Tarefeiro - na cultura',17678),(60382,'Tirador de palha - na cultura',17678),(60383,'Colhedor de arroz',17679),(60384,'Arrozeiro - na cultura - conta própria',17679),(60385,'Plantador de arroz - conta própria',17679),(60386,'Plantador de arroz - empregador',17679),(60387,'Rizicultor - conta própria',17679),(60388,'Cortador de arroz',17679),(60389,'Rizicultor - empregador',17679),(60390,'Secador de arroz',17679),(60391,'Plantador de cana-de-áçucar - conta própria',17680),(60392,'Plantador de cana-de-áçucar - empregador',17680),(60393,'Cortador de cana-de-açúcar',17680),(60394,'Tombador de cana-de-açúcar',17680),(60395,'Colhedor de cana-de-açúcar',17680),(60396,'Plantador de milho e sorgo - conta própria',17681),(60397,'Plantador de milho e sorgo - empregador',17681),(60398,'Triticultor - conta própria',17682),(60399,'Triticultor - empregador',17682),(60400,'Plantador de trigo - conta própria',17682),(60401,'Plantador de trigo - empregador',17682),(60402,'Apanhador de algodão',17683),(60403,'Cultivador de algodão - exclusive conta própria e empregador',17683),(60404,'Plantador de algodão - exclusive conta própria e empregador',17683),(60405,'Catador de algodão',17683),(60406,'Cotonicultor',17683),(60407,'Colhedor de algodão',17683),(60408,'Cultivador de algodão - conta própria',17683),(60409,'Bagaceiro de sisal',17684),(60410,'Desifbrador de sisal - na cultura',17684),(60411,'Fibreiro de sisal',17684),(60412,'Operador de batedor de fibras',17684),(60413,'Puxador de sisal - na cultura',17684),(60414,'Trabalhador na cultura de agave',17684),(60415,'Cultivador de sisal - exclusive conta própria e empregador',17684),(60416,'Plantador de sisal ou agave - exclusive conta própria e empregador',17684),(60417,'Resideiro de sisal',17684),(60418,'Desfibrador de agave',17684),(60419,'Batedor de sisal - na cultura',17684),(60420,'Cultivador de agave - conta própria',17684),(60421,'Cultivador de agave - exclusive conta própria e empregador',17684),(60422,'Cultivador de sisal - conta própria',17684),(60423,'Batedor de rami',17685),(60424,'Carregador de rami',17685),(60425,'Cortador de rami',17685),(60426,'Cultivador de rami - conta própria',17685),(60427,'Cultivador de rami - exclusive conta própria e empregador',17685),(60428,'Fibreiro de rami',17685),(60429,'Bagaceiro de rami',17685),(60430,'Trabalhador da cultura de feijão, lentilha e ervilha',17686),(60431,'Trabalhador na cultura de tomate',17686),(60432,'Plantador de beterraba',17688),(60433,'Trabalhador na cultura de batata-doce',17688),(60434,'Trabalhador na cultura de beterraba',17688),(60435,'Trabalhador na cultura de batata-inglesa',17688),(60436,'Trabalhador na cultura de cebola',17688),(60437,'Trabalhador na cultura de mandioca',17688),(60438,'Trabalhador na cultura de hortaliças',17689),(60439,'Floricultor no cultivo de flores e folhagens de corte',17690),(60440,'Trabalhador na floricultura (flores e folhagens de corte)',17690),(60441,'Floricultor no cultivo de flores em vaso',17691),(60442,'Trabalhador na floricultura (flores em vaso)',17691),(60443,'Floricultor no cultivo de forragens',17692),(60444,'Trabalhador na floricultura (forrações)',17692),(60445,'Floricultor no cultivo de mudas',17693),(60446,'Trabalhador na floricultura (cultivo de mudas)',17693),(60447,'Floricultor no cultivo de plantas ornamentais',17694),(60448,'Trabalhador na floricultura (plantas ornamentais)',17694),(60449,'Trabalhador da cultura de plantas ornamentais',17694),(60450,'Trabalhador da cultura de banana',17695),(60451,'Trabalhador da cultura de goiaba',17695),(60452,'Trabalhador da cultura de abacate',17695),(60453,'Trabalhador da cultura de cajá',17695),(60454,'Trabalhador da cultura de carambola',17695),(60455,'Trabalhador da cultura de fruta-pão',17695),(60456,'Trabalhador da cultura de jaca',17695),(60457,'Trabalhador da cultura de jenipapo',17695),(60458,'Trabalhador da cultura de pinha',17695),(60459,'Trabalhador da cultura de pitanga',17695),(60460,'Colhedor de banana',17695),(60461,'Trabalhador da cultura de tamarindo',17695),(60462,'Colhedor de caju',17695),(60463,'Trabalhador da cultura de umbu',17695),(60464,'Colhedor de laranja',17695),(60465,'Colhedor de manga',17695),(60466,'Colhedor de pêssego',17695),(60467,'Trabalhador da cultura de graviola',17695),(60468,'Trabalhador da cultura de cupuaçu',17695),(60469,'Trabalhador da cultura de amora',17695),(60470,'Trabalhador da cultura de maçã',17695),(60471,'Trabalhador da cultura de caju',17695),(60472,'Trabalhador da cultura de pêra',17695),(60473,'Trabalhador da cultura de atemóia',17695),(60474,'Trabalhador da cultura de caqui',17695),(60475,'Trabalhador da cultura de ameixa',17695),(60476,'Trabalhador da cultura de acerola',17695),(60477,'Trabalhador da cultura de nectarina',17695),(60478,'Trabalhador da cultura de laranja e outros cítricos',17695),(60479,'Apanhador de laranja',17695),(60480,'Trabalhador da cultura de cítricos',17695),(60481,'Trabalhador da cultura de manga',17695),(60482,'Trabalhador da cultura de pêssego',17695),(60483,'Trabalhador de fruticultura em geral',17695),(60484,'Trabalhador na cultura de romã',17695),(60485,'Trabalhador da cultura de abacaxi',17696),(60486,'Trabalhador da cultura de melão',17696),(60487,'Trabalhador da cultura de melancia',17696),(60488,'Trabalhador da cultura de morango',17696),(60489,'Trabalhador da cultura de uva',17697),(60490,'Colhedor de uva',17697),(60491,'Trabalhador da cultura de maracujá',17697),(60492,'Trabalhador da cultura de framboesa',17697),(60493,'Trabalhador no cultivo de uva de mesa',17697),(60494,'Trabalhador no cultivo de quiui (kiwi)',17697),(60495,'Trabalhador no cultivo de uva de vinho e suco',17697),(60496,'Barcaceiro - na cultura de cacau',17698),(60497,'Tirador - na cultura de cacau',17698),(60498,'Podador da cultura de cacau',17698),(60499,'Enxertador de cacau',17698),(60500,'Tropeiro - na cultura de cacau',17698),(60501,'Cacauicultor - exclusive conta própria e empregador',17698),(60502,'Colhedor de cacau',17698),(60503,'Embandeirador de cacau',17698),(60504,'Quebrador - na cultura de cacau',17698),(60505,'Apanhador de café',17699),(60506,'Colhedor de café',17699),(60507,'Terreirista de café',17699),(60508,'Terrereiro de café',17699),(60509,'Arruador de café',17699),(60510,'Cafeicultor - exclusive conta própria e empregador',17699),(60511,'Catador de café',17699),(60512,'Tarefeiro na cultura de erva-mate',17700),(60513,'Podador de erva-mate',17700),(60514,'Colhedor de erva-mate',17700),(60515,'Trabalhador da matecultura',17700),(60516,'Plantador da matecultura',17700),(60517,'Colhedor de fumo',17701),(60518,'Fumeiro',17701),(60519,'Cultivador de fumo - exclusive conta própria e empregador',17701),(60520,'Fumicultor - exclusive conta própria e empregador',17701),(60521,'Colhedor de guaraná',17702),(60522,'Guaranazeiro',17702),(60523,'Cultivador de guaraná - exclusive conta própria e empregador',17702),(60524,'Podador de guaraná',17702),(60525,'Torrador de guaraná',17702),(60526,'Subidor de coqueiro',17705),(60527,'Colhedor de coco',17705),(60528,'Cortador de dendê',17706),(60529,'Quebrador de mamona',17707),(60530,'Lavrador da cultura de especiarias',17711),(60531,'Trabalhador na cultura de pimenta-do-reino',17711),(60532,'Educador de animais',17713),(60533,'Condicionador de animais',17713),(60534,'Domador de animais domésticos',17713),(60535,'Treinador de animais domésticos',17713),(60536,'Amansador',17713),(60537,'Domador (asininos e muares)',17713),(60538,'Domador (eqüinos)',17713),(60539,'Domador - na pecuária',17713),(60540,'Instrutor de animais',17713),(60541,'Amestrador',17713),(60542,'Inseminador de animais',17714),(60543,'Arraçoador (pecuária polivalente)',17715),(60544,'Castrador',17715),(60545,'Castrador - na pecuária',17715),(60546,'Manoseador',17715),(60547,'Peão de cavalo',17715),(60548,'Peão de estábulo',17715),(60549,'Assinalador - na pecuária',17715),(60550,'Preparador de ração natural para gado',17715),(60551,'Capataz',17715),(60552,'Campeiro - na pecuária',17715),(60553,'Cevador (pecuária)',17715),(60554,'Condutor de bois - na criação',17715),(60555,'Condutor de bovinos',17715),(60556,'Embretador',17715),(60557,'Tratador - na pecuária',17716),(60558,'Tratador de animais - na pecuária',17716),(60559,'Tratador de animais (jardim zoológico)',17716),(60560,'Vacinador',17716),(60561,'Cuidador de animais',17716),(60562,'Peão (asininos e muares)',17717),(60563,'Tratador (asininos e muares)',17717),(60564,'Campeiro (asininos e muares)',17717),(60565,'Treinador (asininos e muares)',17717),(60566,'Ferrador de animais (asininos e muares)',17717),(60567,'Adestrador de animais de trabalho ( asininos e muares)',17717),(60568,'Vaqueiro',17718),(60569,'Vaqueiro inseminador (bovinos corte)',17718),(60570,'Ajudante de boiadeiro',17718),(60571,'Campeiro (bovinos de corte)',17718),(60572,'Batedor de pasto',17718),(60573,'Ajudante de vaqueiro',17718),(60574,'Auxiliar de vaqueiro',17718),(60575,'Arrebanhador',17718),(60576,'Peão de pecuária',17718),(60577,'Tocador de gado - na pecuária',17718),(60578,'Vaqueiro - na agropecuária - exclusive conta própria e empregador',17718),(60579,'Vaqueiro (bovinos corte)',17718),(60580,'Trabalhador rural',17718),(60581,'Apartador de gado',17719),(60582,'Trabalhador - na pecuária - exclusive conta própria e empregador',17719),(60583,'Ordenhador - na pecuária',17719),(60584,'Retireiro - na pecuária',17719),(60585,'Vaqueiro (bovinhos leite)',17719),(60586,'Vaqueiro inseminador',17719),(60587,'Retireiro inseminador',17719),(60588,'Operador de ordenhadeira',17719),(60589,'Campeiro (bubalinos)',17720),(60590,'Vaqueiro (bubalinos)',17720),(60591,'Trabalhador rural (bubalinos)',17720),(60592,'Retireiro',17720),(60593,'Peão (bubalinos)',17720),(60594,'Peão (eqüinos)',17721),(60595,'Tratador (eqüinos)',17721),(60596,'Campeiro (eqüinos)',17721),(60597,'Cavalariço',17721),(60598,'Adestrador (eqüinos)',17721),(60599,'Treinador (eqüinos)',17721),(60600,'Cavaleiro',17721),(60601,'Casqueador',17721),(60602,'Encilhador',17721),(60603,'Ferrador de animais (eqüinos)',17721),(60604,'Ferrador de criação',17721),(60605,'Pantaneiro - exclusive conta própria e empregador',17721),(60606,'Repassador - na pecuária',17721),(60607,'Tratador de animais - caprinos',17722),(60608,'Retireiro (caprinos)',17722),(60609,'Caprinocultor - exclusive conta própria',17722),(60610,'Pastor - na pecuária',17723),(60611,'Tosador',17723),(60612,'Tosquiador',17723),(60613,'Trabalhador de manutenção e preparação de tosqueadeiras',17723),(60614,'Ovinocultor - exclusive conta própria',17723),(60615,'Suinocultor - exclusive conta  própria',17724),(60616,'Avicultor de corte - exclusive conta própria e empregador',17725),(60617,'Avicultor - exclusive conta própria na avicultura de postura',17726),(60618,'Avicultor  de postura - exclusive conta própria e empregador',17726),(60619,'Auxiliar de incubação',17727),(60620,'Incubador de ovos',17727),(60621,'Cunicultor - exclusive conta própria e empregador',17728),(60622,'Sexador de pintos',17729),(60623,'Selecionador de pintos por sexo',17729),(60624,'Serpentarista',17730),(60625,'Cobreiro',17730),(60626,'Apicultor - exclusive conta própria e empregador',17731),(60627,'Criador de abelhas - exclusive conta própia e empregador',17731),(60628,'Minhoqueiro - exclusive conta própria e empregador',17732),(60629,'Criador de bicho-da-seda - conta própria',17733),(60630,'Trabalhador sericícola',17733),(60631,'Sericultor - exclusive conta própria e empregador',17733),(60632,'Sericicultor - exclusive conta própria e empregador',17733),(60633,'Parceiro do bicho-da-seda',17733),(60634,'Encarregado da aqüicultura',17734),(60635,'Supervisor florestal',17735),(60636,'Encarregado da área florestal',17735),(60637,'Líder da área florestal',17735),(60638,'Caranguejeiro',17736),(60639,'Trabalhador na pesca de crustáceo',17736),(60640,'Sirieiro',17736),(60641,'Catador de caranguejos',17736),(60642,'Catador de siris',17736),(60643,'Catador de crustáceos',17736),(60644,'Trabalhador na captura de crustáceos',17736),(60645,'Marisqueiro',17737),(60646,'Mariscador',17737),(60647,'Mergulhador - pescador de lagosta',17738),(60648,'Lagosteiro',17738),(60649,'Pescador de lagostas',17738),(60650,'Pescador artesanal de lagostas com gaiolas',17738),(60651,'Pescador lagosteiro',17738),(60652,'Pescador artesanal  de lagostas com covos',17738),(60653,'Jangadeiro, na pesca de peixes e camarões',17739),(60654,'Pescador de tarrafa (peixes e camarões)',17739),(60655,'Remador, na pesca de peixes e camarões',17739),(60656,'Tarrafeador na pesca de peixes e camarões',17739),(60657,'Pescador artesanal de peixes',17739),(60658,'Pescador artesanal de camarões',17739),(60659,'Pescador de peixes e camarões em embarcações de pequeno porte',17739),(60660,'Curraleiro de pesca artesanal de peixes e camarões',17739),(60661,'Pescador artesanal de peixes e camarões com covos',17739),(60662,'Pescador artesanal de peixes e camaões com rede de calão',17739),(60663,'Pescador artesanal de peixes e camarões com redes e linhas',17739),(60664,'Pescador artesanal de peixes e camarões com espinhel',17739),(60665,'Pescador artesanal de peixes e camarões em currais',17739),(60666,'Pescador de espinhel (embarcações de pesca)',17739),(60667,'Pescador de linhas (embarcações de pesca)',17739),(60668,'Pescador de peixes e camarões com redes',17739),(60669,'Pirangueiro',17740),(60670,'Pescador de anzol',17740),(60671,'Carcinicultor',17743),(60672,'Arraçoador de camarões',17743),(60673,'Camaroneiro',17743),(60674,'Trabalhador na jacarecultura',17744),(60675,'Jacarecultor',17744),(60676,'Mitilicutor',17745),(60677,'Trabalhador na criação de mexilhões',17745),(60678,'Ostreicultor',17746),(60679,'Trabalhador da criação de ostras',17746),(60680,'Trabalhador na piscicultura',17747),(60681,'Trabalhador - na criação de peixes - exclusive conta própria',17747),(60682,'Trabalhador - na criação de peixe - exclusive empregador',17747),(60683,'Arraçoador de peixe',17747),(60684,'Alimentador de peixe',17747),(60685,'Criador de peixes ornamentais',17747),(60686,'Piscicultor',17747),(60687,'Quelonicultor',17748),(60688,'Criador de tartarugas',17748),(60689,'Ranicultor',17749),(60690,'Trabalhador na criação de rãs',17749),(60691,'Bodegueiro (gelador industrial)',17750),(60692,'Conservador de pescado em barco de pesca (gelador industrial)',17750),(60693,'Conservador de pescado em barco de pesca (gelador profissional)',17751),(60694,'Bodegueiro (gelador profissional)',17751),(60695,'Vigia da proa',17752),(60696,'Mateiro - guia',17754),(60697,'Condutor de ecotrilha',17754),(60698,'Erveiro',17755),(60699,'Dr. Raiz',17755),(60700,'Viveirista (mudas)',17756),(60701,'Produtor de mudas (florestas)',17756),(60702,'Coletor de sementes (floresta)',17756),(60703,'Marcador de árvores',17757),(60704,'Marcador de toras',17757),(60705,'Auxiliar de dendrometria',17758),(60706,'Romaneador',17758),(60707,'Auxiliar de dendrometrista',17758),(60708,'Dendrometrista',17758),(60709,'Balizador em inventário florestal',17759),(60710,'Inventariante florestal',17759),(60711,'Auxiliar de inventário',17759),(60712,'Mateiro',17759),(60713,'Mateiro (inventário de florestas)',17759),(60714,'Cortador de lenha',17760),(60715,'Cortador descascador de toras',17760),(60716,'Auxiliar de operador de motosserra',17760),(60717,'Ajudante de derrubada',17760),(60718,'Serrador de árvores - na extração de madeira',17760),(60719,'Operador de serras (exploração florestal)',17760),(60720,'Serrador de lenha',17760),(60721,'Cortador de cepos',17760),(60722,'Derrubador de árvores',17760),(60723,'Cortador de árvores',17760),(60724,'Cortador de madeira - na extração',17760),(60725,'Derrubador - na extração de madeira',17760),(60726,'Abatedor - na extração de madeira',17761),(60727,'Operador de descascador de madeira',17761),(60728,'Servente de reflorestamento',17761),(60729,'Explorador de madeira, em geral',17761),(60730,'Transportador de árvores',17761),(60731,'Transportador de madeiras',17761),(60732,'Operador de triturador de toras',17761),(60733,'Ajudante de reflorestamento',17761),(60734,'Arrastador de árvores',17761),(60735,'Casqueador de toras',17761),(60736,'Descascador de árvores',17761),(60737,'Operador de máquina transportadora (madeira)',17761),(60738,'Sirgueiro',17762),(60739,'Tirador de látex',17762),(60740,'Toqueiro - seringueiro',17762),(60741,'Balateiro na extração de látex',17762),(60742,'Balateiro',17762),(60743,'Borracheiro - na extração de látex',17762),(60744,'Brabo',17762),(60745,'Caucheiro',17762),(60746,'Coletor de látex',17762),(60747,'Defumador de látex',17762),(60748,'Extrator de látex',17762),(60749,'Trabalhador da exploração de coquirana',17763),(60750,'Sorveiro',17763),(60751,'Maçarandubeiro',17763),(60752,'Extrator de látex (gomas não elásticas)',17763),(60753,'Amapateiro',17763),(60754,'Sucubeiro',17763),(60755,'Coletor de resinas',17764),(60756,'Extrator de resinas',17764),(60757,'Tirador de resinas',17764),(60758,'Trabalhador da exploração de jatobá  (resinas)',17764),(60759,'Trabalhador da exploração de breu',17764),(60760,'Trabalhador da exploração de sucuruba',17764),(60761,'Trabalhador da cultura oiticica',17764),(60762,'Trabalhador da exploração de jotaicica',17764),(60763,'Carregador de andiroba',17765),(60764,'Ajuntador de andiroba',17765),(60765,'Cozinhador de andiroba',17765),(60766,'Apanhador de babaçu',17766),(60767,'Coletor de babaçu',17766),(60768,'Extrator - na extração de babaçu',17766),(60769,'Caldereiro - na exploração de babaçu',17766),(60770,'Moezeiro - na exploração do babaçu',17766),(60771,'Apanhador de bacaba',17767),(60772,'Carregador de bacaba',17767),(60773,'Cozinhador de vinho de bacaba',17767),(60774,'Peneirador de vinho de bacaba',17767),(60775,'Ajuntador de buriti',17768),(60776,'Apanhador de buriti',17768),(60777,'Carregador de buriti',17768),(60778,'Batedor de palha de carnaúba',17769),(60779,'Aparador - na extração da carnaúba',17769),(60780,'Baganeiro - na extração da carnaúba',17769),(60781,'Classificador de cera de carnaúba - na extração',17769),(60782,'Cortador de palha de carnaúba',17769),(60783,'Cozinhador de cera de carnaúba - na extração',17769),(60784,'Enfeixador de palha de carnaúba',17769),(60785,'Juntador - na extração da carnaúba',17769),(60786,'Lasteiro - na extração da carnaúba',17769),(60787,'Cambiteiro - na extração da carnaúba',17769),(60788,'Foiceiro - na extração da carnaúba',17769),(60789,'Tirador de óleo de copaíba',17771),(60790,'Aparador de óleo de copaíba',17771),(60791,'Cultivador de malva - exclusive conta própria e empregador',17772),(60792,'Tabalhador da cultura de malva',17772),(60793,'Plantador de malva',17772),(60794,'Trabalhador da exploração de pãina',17772),(60795,'Ajuntador de ouricuri',17775),(60796,'Cortador de ouricuri',17775),(60797,'Cortador de palha de ouricuri',17775),(60798,'Quebrador de ouricuri',17775),(60799,'Trabalhador da exploração de butiá',17775),(60800,'Trabalhador da exploração de licuri',17775),(60801,'Pequizeiro',17776),(60802,'Beneficiador de piaçava',17777),(60803,'Catador de piaçava',17777),(60804,'Cortador de palha de piaçava',17777),(60805,'Batedor de piaçava',17777),(60806,'Cortador de piaçava',17777),(60807,'Extrator de piaçava',17777),(60808,'Piaçaveiro',17777),(60809,'Limpador de piaçava',17777),(60810,'Amarrador de piaçava',17777),(60811,'Açaizeiro',17779),(60812,'Pecunheiro',17779),(60813,'Selecionador de castanha de caju',17780),(60814,'Castanheiro',17780),(60815,'Catador de pinhão',17781),(60816,'Palmiteiro',17782),(60817,'Pupunheiro',17782),(60818,'Trabalhador da exploração de jaborandi',17783),(60819,'Trabalhador da exploração de sucuba',17783),(60820,'Trabalhador da exploração de inharé',17783),(60821,'Trabalhador da exploração de mururé',17783),(60822,'Trabalhador da exploração de tatajuba',17783),(60823,'Trabalhador da exploração de catuaba',17783),(60824,'Trabalhador da exploração de moreira',17783),(60825,'Trabalhador da exploração de graviola',17783),(60826,'Trabalhador da exploração de canela',17783),(60827,'Trabalhador da exploração de sangue de grado',17783),(60828,'Trabalhador da exploração de bacuri',17783),(60829,'Trabalhador da exploração de quina',17783),(60830,'Trabalhador da exploração de carapanaúba',17783),(60831,'Trabalhador da exploração de aroeira',17783),(60832,'Trabalhador da exploração de janaguba',17783),(60833,'Trabalhador da exploração de mangabeira',17783),(60834,'Trabalhador da exploração de santa maria',17783),(60835,'Trabalhador da exploração de jenipapo',17783),(60836,'Trabalhador da exploração de bacupari',17783),(60837,'Trabalhador da exploração de ameixeira',17783),(60838,'Trabalhador da exploração de amesca',17783),(60839,'Trabalhador da exploração de favela',17783),(60840,'Trabalhador da exploração de ipê da flor roxa',17783),(60841,'Trabalhador da exploração de sacaca',17783),(60842,'Trabalhador da exploração de jacareúba',17783),(60843,'Trabalhador da exploração de quinarana',17783),(60844,'Trabalhador da exploração de piquiá',17783),(60845,'Trabalhador da exploração de cumaru',17783),(60846,'Trabalhador da exploração de amapá',17783),(60847,'Trabalhador da exploração de jucá',17783),(60848,'Trabalhador da exploração de pau-rosa',17783),(60849,'Trabalhador da exploração de capituí',17783),(60850,'Trabalhador da exploração de macaca poranga',17783),(60851,'Trabalhador da exploração de ipê da flor amarela',17783),(60852,'Trabalhador da exploração de marapoama',17783),(60853,'Trabalhador da exploração de craveira da terra',17783),(60854,'Trabalhador da exploração de preciosa',17783),(60855,'Trabalhador da exploração de jatobá',17783),(60856,'Trabalhador da exploração de caxinguba',17783),(60857,'Trabalhador da exploração de açacuzeiro',17783),(60858,'Trabalhador da exploração de cedro',17783),(60859,'Trabalhador da exploração de cerejeira',17783),(60860,'Trabalhador da exploração de cipó-tuína',17784),(60861,'Trabalhador da exploração de cipó-de-alho',17784),(60862,'Trabalhador da exploração de cipó-escada',17784),(60863,'Trabalhador da exploração de cipó mil homens',17784),(60864,'Trabalhador da exploração de cipó-cravo',17784),(60865,'Trabalhador da exploração de croapé',17784),(60866,'Trabalhador da exploração de cipó-macaco',17784),(60867,'Trabalhador da exploração de cipó-sume',17784),(60868,'Trabalhador da exploração de cipó-seda',17784),(60869,'Trabalhador da exploração de abútua',17784),(60870,'Trabalhador da exploração de pau-para-tudo',17785),(60871,'Trabalhador da exploração de barbatimão',17785),(60872,'Trabalhador da exploração de angico',17785),(60873,'Trabalhador da exploração de murici-da-casca-vermelha',17785),(60874,'Trabalhador da exploração de ipecacuanha',17786),(60875,'Trabalhador da exploração de timbó',17786),(60876,'Tirador de poaia',17786),(60877,'Poaieiro',17786),(60878,'Trabalhador da extração de substâncias aromáticas',17787),(60879,'Trabalhador da extração de substâncias medicinais',17787),(60880,'Trabalhador da extração de substâncias tóxicas',17787),(60881,'Rachador de lenha para carvão',17788),(60882,'Abastecedor de silos de carvão',17788),(60883,'Operador de motobomba',17792),(60884,'Operador de estufas mecânicas',17792),(60885,'Operador de secadeiras no beneficiamneto de produtos agrícolas',17792),(60886,'Operador de máquinas agrícolas',17792),(60887,'Operador de secador (produtos agrícolas)',17792),(60888,'Operador de secador de resíduos',17792),(60889,'Arador',17793),(60890,'Operador de adubadeira',17793),(60891,'Tratorista operador de semeadeira',17793),(60892,'Operador de implementos agrícolas',17793),(60893,'Tratorista  operador de roçadeira',17793),(60894,'Operador de máquina agrícola',17793),(60895,'Operador de máquinas florestais (colheitadeira)',17794),(60896,'Operador de máquinas florestais (tratores)',17796),(60897,'Tratorista florestal',17796),(60898,'Trabalhador na operação de sistemas de irrigação e aspersão (canhão)',17800),(60899,'Supervisor de escavação e transporte (mineração)',17804),(60900,'Gerente técnico de produção (mineração)',17804),(60901,'Supervisor de britagem (mineração)',17804),(60902,'Inspetor de produção (mineração)',17804),(60903,'Técnico de geologia',17804),(60904,'Encarregado de extração (mineração)',17805),(60905,'Encarregado de extração de magnésio',17805),(60906,'Encarregado de extração de pedreira',17805),(60907,'Encarregado de extração de talco',17805),(60908,'Encarregado de pedreira (mineração)',17805),(60909,'Supervisor de produção e lavra (mineração)',17805),(60910,'Supervisor de lavra (mineração)',17805),(60911,'Supervisor de turno (mineração)',17805),(60912,'Chefe de seção de mina',17805),(60913,'Supervisor de carregamento de minérios',17806),(60914,'Construtor civil',17807),(60915,'Edificador - mestre de obras',17807),(60916,'Encarregado de alvenaria',17807),(60917,'Encarregado de construção civil',17807),(60918,'Encarregado de construção civil e carpintaria',17807),(60919,'Encarregado de construção civil e manutenção',17807),(60920,'Encarregado de obras',17807),(60921,'Encarregado de obras de manutenção',17807),(60922,'Encarregado de obras e instalações',17807),(60923,'Encarregado de obras, manutenção e segurança',17807),(60924,'Encarregado de servente',17807),(60925,'Fiscal de construção',17807),(60926,'Mestre de construção civil',17807),(60927,'Mestre de instalações mecânicas de edifícios',17807),(60928,'Mestre de manutenção de obras civis',17807),(60929,'Mestre de manutenção de prédios',17807),(60930,'Mestre de obras',17807),(60931,'Mestre de obras civis',17807),(60932,'Supervisor de conservação de obras',17807),(60933,'Supervisor de construção civil',17807),(60934,'Supervisor de construção e conservação',17807),(60935,'Supervisor de construções e manutenção',17807),(60936,'Mestre de linha férrea',17808),(60937,'Mestre de supervisão de linhas (ferrovias)',17808),(60938,'Programador ferroviário',17808),(60939,'Feitor de turma (ferrovias)',17808),(60940,'Feitor de turma de ferrovia',17808),(60941,'Feitor de vias férreas',17808),(60942,'Supervisor de controle de linhas ferroviárias',17808),(60943,'Subencarregado de terraplenagem',17809),(60944,'Supervisor de máquina de terraplenagem',17809),(60945,'Encarregado de setor de concreto',17810),(60946,'Subencarregado central de concreto',17810),(60947,'Superintendente de usina central de concreto',17810),(60948,'Preparador de amostras de minérios e rochas',17812),(60949,'Classificador de amostras - na mineração',17812),(60950,'Classificador de minérios',17812),(60951,'Colhedor de amostras - em minas',17812),(60952,'Preparador de aglomerados de minérios e rochas',17812),(60953,'Sondador - na mineração',17812),(60954,'Inspetor de sondagem - na mineração',17812),(60955,'Operador de torre de amostragem - na mineração',17812),(60956,'Marqueiro - na mineração',17813),(60957,'Operador de granitadeira',17813),(60958,'Graniteiro - na extração',17813),(60959,'Maçariqueiro - na mineração',17813),(60960,'Operador de máquina a fio diamantado',17813),(60961,'Cortador de pedras - na extração de pedras',17813),(60962,'Operador de desintegrador de pedras',17814),(60963,'Operador de desmineralizadora',17814),(60964,'Macaqueiro - na extração de pedras',17814),(60965,'Aparelhador de pedra (mina)',17814),(60966,'Operador de pedreira',17814),(60967,'Quebrador - na extração de pedras',17814),(60968,'Cunhador - na extração de pedras',17814),(60969,'Encunhador - na extração de pedras',17814),(60970,'Encunhador de pedreira',17814),(60971,'Marreteiro - na extração de pedras',17814),(60972,'Marroeiro',17814),(60973,'Marteleiro - na extração de pedras',17814),(60974,'Explodidor - em minas e pedreiras',17815),(60975,'Preparador de explosivos bombeados - detonador (blaster)',17815),(60976,'Assistente de cabo de fogo',17815),(60977,'Auxiliar de cabo de fogo',17815),(60978,'Blaster',17815),(60979,'Cabo de fogo',17815),(60980,'Dinamitador',17815),(60981,'Rastilheiro',17815),(60982,'Madeireiro de subsolo - na mineração',17816),(60983,'Minerador',17817),(60984,'Ajudante de mineiro',17817),(60985,'Operador de sala de controle - na mineração',17817),(60986,'Supervisor de mina',17817),(60987,'Caboucador (minas)',17817),(60988,'Cabouqueiro - na extração de pedras',17817),(60989,'Cavouqueiro - na extração de pedras',17817),(60990,'Trabalhador da extração de pedras abrasivas',17817),(60991,'Controlador de tráfego -na mineração',17817),(60992,'Operador de equipamentos pesados e móveis - na mineração',17817),(60993,'Operador de máquina perfuradora - na mineração',17817),(60994,'Operador de rompedor',17817),(60995,'Amostrista de minérios',17817),(60996,'Operador de máquinas de mineração',17817),(60997,'Operador de caminhão fora de estrada',17818),(60998,'Condutor de máquina contínua de extração',17821),(60999,'Marteleteiro detonador',17822),(61000,'Marteleteiro de rocha',17822),(61001,'Operador de máquina de perfurar (minas e pedreiras)',17822),(61002,'Serrador de pedra (extração)',17823),(61003,'Operador de máquina perfuratriz a fio diamantado',17823),(61004,'Operador de jet flame',17823),(61005,'Maçariqueiro',17823),(61006,'Operador de water jet',17823),(61007,'Operador de patrola',17824),(61008,'Sondador de poços tubulares e sistemas rotativos',17828),(61009,'Condutor de perfuradora de precisão',17829),(61010,'Operador de compressor - na extração de petróleo e gás',17829),(61011,'Operador de aparelho de sonda por rotação (poço de petróleo)',17829),(61012,'Operador de extração (petróleo)',17829),(61013,'Sondador de geofísica',17830),(61014,'Perfurador de poços artesianos',17830),(61015,'Maquinista de perfuradora de subsolo',17830),(61016,'Operador de sonda manual',17830),(61017,'Operador de sonda pesada',17830),(61018,'Despachante de plataforma (petróleo)',17831),(61019,'Operador de plataforma (petróleo)',17831),(61020,'Preparador e instalador de lodo para sondagem',17832),(61021,'Torrista - na extração de petróleo e gás',17832),(61022,'Gruneiro',17833),(61023,'Bateador',17833),(61024,'Garfeiro - no garimpo',17833),(61025,'Minerador - no garimpo',17833),(61026,'Barranqueiro - no garimpo',17833),(61027,'Furão - no garimpo',17833),(61028,'Faiscador - no garimpo',17833),(61029,'Jateador - no garimpo',17833),(61030,'Maraqueiro - no garimpo',17833),(61031,'Meia-praça (garimpo)',17833),(61032,'Trabalhador na lavra de ouro',17833),(61033,'Catador de ouro',17833),(61034,'Bateeiro',17833),(61035,'Marnoteiro',17834),(61036,'Feitor de salinas',17834),(61037,'Assistente de salinas',17834),(61038,'Chefe de cristalização',17834),(61039,'Abridor - nas salinas',17834),(61040,'Levantador de sal',17834),(61041,'Salineiro (sal marinho)',17834),(61042,'Operador de moinho de bolas (minério)',17835),(61043,'Operador de moinho (beneficiamento  de minérios)',17835),(61044,'Caieiro - na fabricação de cal',17835),(61045,'Enquadrador de pedra - na mineração',17835),(61046,'Operador de flotação',17836),(61047,'Operador de equipamento de flotação',17836),(61048,'Operador de instalação de beneficiamento',17836),(61049,'Operador de beneficiamento de minérios',17836),(61050,'Operador de célula (aparelho de flotação)',17836),(61051,'Operador de coluna de flotação',17836),(61052,'Operador de precipitador eletrostático',17837),(61053,'Operador de equipamentos de precipitação',17837),(61054,'Operador de sistema de precipitação',17837),(61055,'Extrator de britagem',17838),(61056,'Ajudante de britador',17838),(61057,'Feitor de britagem',17838),(61058,'Operador britador',17838),(61059,'Britador - na extração de pedras',17838),(61060,'Operador de reagentes',17839),(61061,'Operador de jato de água - em minas',17840),(61062,'Operador de cone de separação (minas)',17840),(61063,'Operador de pelotização',17841),(61064,'Operador de maracá - no garimpo',17841),(61065,'Operador de peneiras vibratórias',17841),(61066,'Serrador de mármore',17842),(61067,'Serrador de pedras (beneficiamento)',17842),(61068,'Aplainador de mármore',17842),(61069,'Cortador de mármore',17842),(61070,'Cortador de pedras - lavra de pedras',17842),(61071,'Marmorista - exclusive empregador  em marmoraria',17842),(61072,'Montador de mármore',17842),(61073,'Operador de máquina de desdobramento de mármores',17842),(61074,'Gravador de inscrições em mármore e em pedras',17843),(61075,'Trabalhador na colocação de inscrições em pedras',17843),(61076,'Gravador de inscrições em mármore',17843),(61077,'Ornamentador',17844),(61078,'Ornamentista de pedra',17844),(61079,'Acabador de pedras',17845),(61080,'Aparelhador de pedra (mármore)',17845),(61081,'Polidor de granito',17845),(61082,'Polidor de mármore',17845),(61083,'Polidor de marmorite',17845),(61084,'Polidor de pedras, a mão',17845),(61085,'Polidor de pedras, a máquina',17845),(61086,'Condutor de bate-estaca',17848),(61087,'Operador de rolo compactador',17849),(61088,'Operador de rolo compressor',17849),(61089,'Operador de retro-escavadeira',17850),(61090,'Condutor de escavadeira',17850),(61091,'Condutor de pá mecânica',17850),(61092,'Escavadeirista',17850),(61093,'Operador de equipamento de escavadeira',17850),(61094,'Condutor de máquina de abrir valas',17851),(61095,'Valeteiro - exclusive na agropecuária',17851),(61096,'Operador de máquina de terraplenagem',17852),(61097,'Operador de máquina rodoviaria',17852),(61098,'Operador de tratores diversos',17852),(61099,'Operador de niveladora e de scraper',17853),(61100,'Operador de patrol (niveladora)',17853),(61101,'Operador patroleiro',17853),(61102,'Patroleiro',17853),(61103,'Patroleiro de pavimentação',17853),(61104,'Patroleiro de terraplanagem',17853),(61105,'Condutor de motoniveladora',17853),(61106,'Condutor de niveladora',17853),(61107,'Operador de equipamento de motoniveladora',17853),(61108,'Operador de trator de esteira',17853),(61109,'Operador de pá carregadeira e tratores',17854),(61110,'Operador de pá carregadeira de esteira',17854),(61111,'Operador de pá carregadeira de pneu',17854),(61112,'Operador de pá mecânica',17854),(61113,'Operador de pá mecânica em subsolo',17854),(61114,'Conservador de estradas de rodagem',17855),(61115,'Condutor de asfaltadora',17855),(61116,'Pavimentador',17855),(61117,'Trabalhador de pavimentação (rodovias)',17855),(61118,'Trabalhadores de conservação de rodovias',17855),(61119,'Condutor de pavimentadora',17855),(61120,'Operador de trator - exclusive na agropecuária',17856),(61121,'Tratorista - exclusive na agropecuária',17856),(61122,'Acafelador',17857),(61123,'Asfaltador',17857),(61124,'Ajudante de calceteiro',17857),(61125,'Cabuqueiro',17857),(61126,'Entaipador',17858),(61127,'Entijolador',17858),(61128,'Pedreiro de concreto',17858),(61129,'Estucador',17858),(61130,'Pedreiro de acabamento',17858),(61131,'Pedreiro de manutenção e conservação',17858),(61132,'Pedreiro de fachada',17858),(61133,'Pedreiro de reforma geral',17858),(61134,'Pedreiro de chaminés',17859),(61135,'Pedreiro de forno',17860),(61136,'Refratarista (pedreiro)',17860),(61137,'Pedreiro de mineração',17861),(61138,'Alvaner',17862),(61139,'Alvanel',17862),(61140,'Pedreiro de alvenaria',17862),(61141,'Armador de ferragens na construção civil',17865),(61142,'Armador de ferros',17865),(61143,'Ferreiro armador na construção civil',17865),(61144,'Motorista operador de betoneira',17866),(61145,'Condutor de betoneira',17866),(61146,'Motorista operador de bomba de concreto',17867),(61147,'Bombista',17867),(61148,'Balanceiro de concreto',17868),(61149,'Operador de balança (concreto)',17868),(61150,'Concreteiro',17868),(61151,'Oficial carpinteiro',17869),(61152,'Carapina',17869),(61153,'Carpinteiro auxiliar',17869),(61154,'Carpinteiro de estruturas',17869),(61155,'Carpinteiro de manutenção',17869),(61156,'Montador de esquadrias de madeira',17870),(61157,'Montador de andaimes (cenários)',17871),(61158,'Carpinteiro de estúdio',17871),(61159,'Carpinteiro (obras)',17873),(61160,'Armador de telhados',17874),(61161,'Ajustador de fôrmas (concreto)',17875),(61162,'Carpinteiro de fôrmas (concreto)',17875),(61163,'Carpinteiro de pontes',17876),(61164,'Eletricista de teatro e televisão',17878),(61165,'Eletricista de instalações comerciais e residenciais',17879),(61166,'Instalador reparador de equipamento de força',17879),(61167,'Eletricista de instalações de prédios',17879),(61168,'Ajudante de eletricista',17880),(61169,'Eletricista de instalações (semáforos)',17880),(61170,'Eletricista de instalações elétricas de minas',17880),(61171,'Eletricista de planejamento de instalações elétricas',17880),(61172,'Eletricista de instalações (iluminação a gás neon)',17880),(61173,'Instalador de antenas de televisão',17880),(61174,'Eletricista auxiliar',17880),(61175,'Eletricista de instalações industriais',17880),(61176,'Operador de rolo (impermeabilização)',17881),(61177,'Aplicador de isolante (coberturas)',17881),(61178,'Operador de gunite',17882),(61179,'Aplicador de isolante térmico',17883),(61180,'Isolador térmico',17883),(61181,'Aplicador de material isolante em caldeiras e tubulações',17884),(61182,'Isolador refratarista (caldeira e tubulações)',17884),(61183,'Refratarista (caldeira e tubulações)',17884),(61184,'Oficial de manutenção civil',17885),(61185,'Assentador de vidros',17893),(61186,'Auxiliar de colocador de vidros',17893),(61187,'Auxiliar de cortador de vidros',17893),(61188,'Auxiliar de vidraceiro',17893),(61189,'Vidraceiro colocador de vidros',17893),(61190,'Vidraceiro (painéis de vidro)',17893),(61191,'Montador de vidros',17893),(61192,'Cortador de vidros',17893),(61193,'Vidraceiro de clarabóias',17894),(61194,'Auxiliar de vitralista',17895),(61195,'Vitralista (vitrais)',17895),(61196,'Gesseiro montador',17896),(61197,'Gesseiro de revestimento',17896),(61198,'Gesseiro de decoração',17896),(61199,'Gesseiro fundidor',17896),(61200,'Gesseiro moldureiro',17896),(61201,'Gesseiro forrador',17896),(61202,'Gesseiro plaqueiro',17896),(61203,'Gesseiro modelador',17896),(61204,'Colocador de assoalho',17897),(61205,'Azulejista',17898),(61206,'Azulejador',17898),(61207,'Colocador de cerâmica (pastilhas)',17899),(61208,'Piseiro (pastilhas)',17899),(61209,'Colocador de cerâmica',17899),(61210,'Calceteiro (pastilheiro)',17899),(61211,'Raspador de taco',17900),(61212,'Aplicador de sinteco e bona',17900),(61213,'Aplicador de resinas em pisos',17900),(61214,'Acabador de mármore e granito',17901),(61215,'Polidor de mármore e granito (na construção)',17901),(61216,'Piseiro (mármore e granito)',17901),(61217,'Colocador de tacos',17903),(61218,'Petintal (calafetação)',17904),(61219,'Calafate',17904),(61220,'Raspador',17904),(61221,'Caieiro  (pintor de paredes)',17905),(61222,'Ajudante de pintor',17905),(61223,'Pintor de decoração de fundo (cinema e teatro)',17905),(61224,'Broxador-caiador',17905),(61225,'Retocador de pintura',17905),(61226,'Pintor de construções cênicas',17905),(61227,'Caiador',17905),(61228,'Pintor de alvenaria',17905),(61229,'Pintor de casas',17905),(61230,'Pintor de edifícios',17905),(61231,'Pintor de paredes',17905),(61232,'Colocador de tapetes, carpetes e pisos plásticos',17906),(61233,'Colocador de papel de parede',17906),(61234,'Colocador de piso vinílico',17906),(61235,'Colocador de pisos emborrachados',17906),(61236,'Revestidor de interiores (papel e material plástico)',17906),(61237,'Demolidor de casas',17907),(61238,'Demolidor de prédios',17907),(61239,'Ajudante de marteleteiro',17908),(61240,'Marteleteiro',17908),(61241,'Marteleteiro - na construção civil',17908),(61242,'Cacimbeiro (poço)',17909),(61243,'Cavador de poço',17909),(61244,'Cisterneiro',17909),(61245,'Poceiro',17909),(61246,'Ajudante de obras',17910),(61247,'Meia-colher',17910),(61248,'Ajudante de saneamento',17910),(61249,'Servente (construção civil)',17910),(61250,'Servente de pedreiro',17910),(61251,'Auxiliar de pedreiro',17910),(61252,'Operador de vibrador de concreto',17911),(61253,'Mestre de afiação (ferramentas)',17912),(61254,'Chefe de chaparia',17913),(61255,'Coordenador de caldeiraria',17913),(61256,'Mestre caldeireiro',17913),(61257,'Mestre de seção de caldeiraria',17913),(61258,'Mestre de seção de caldeiraria leve',17913),(61259,'Mestre de seção de caldeiraria pesada',17913),(61260,'Mestre de construção de ferramentas e dispositivos',17914),(61261,'Mestre de construção de matrizes',17914),(61262,'Mestre de ferramentas',17914),(61263,'Mestre de correção de ferramentas',17914),(61264,'Mestre de seção de forjaria (fornos)',17915),(61265,'Mestre ferreiro',17915),(61266,'Chefe de setor de fundição de metais',17916),(61267,'Mestre de molde manual',17916),(61268,'Mestre de produção de fundição de alumínio',17916),(61269,'Mestre de seção de fundição',17916),(61270,'Mestre fundidor a pressão',17916),(61271,'Encarregado de seção de fundição',17916),(61272,'Encarregado de vazamento de fundição de ferro',17916),(61273,'Encarregado geral de fundição',17916),(61274,'Mestre de fundição de alumínio',17916),(61275,'Mestre de lingotamento',17916),(61276,'Mestre de macharia',17916),(61277,'Mestre de lingoteiras',17916),(61278,'Mestre de fundição de materiais',17916),(61279,'Mestre de forno fundição',17916),(61280,'Chefe de setor de cromação',17917),(61281,'Subchefe de galvanização',17917),(61282,'Mestre de anodização',17917),(61283,'Mestre de cromação e lapidação de anéis',17917),(61284,'Mestre de estanhamento',17917),(61285,'Mestre de galvanização',17917),(61286,'Mestre de pintura galvanoplástica',17917),(61287,'Mestre de polimento e banho (metais)',17917),(61288,'Mestre de zincagem',17917),(61289,'Mestre niquelador',17917),(61290,'Mestre de niquelagem',17917),(61291,'Mestre de inspeção de pinturas (tratamento de superfícies)',17918),(61292,'Encarregado de pintura (tratamento de superfícies)',17918),(61293,'Supervisor de pintura (tratamento de superfícies)',17918),(61294,'Encarregado de oxicorte',17919),(61295,'Mestre de solda e corte',17919),(61296,'Encarregado de soldagem',17919),(61297,'Encarregado de montagem de tubos',17920),(61298,'Mestre de trefilação (metal)',17920),(61299,'Mestre mecânico de extrusão de alumínio',17920),(61300,'Mestre acabador de produtos extrusados',17920),(61301,'Mestre de seção de usinagem',17921),(61302,'Mestre de usinagem e montagem',17921),(61303,'Encarregado de usinagem de metais',17921),(61304,'Mestre de ajustagem e usinagem',17921),(61305,'Mestre serralheiro de alumínio',17922),(61306,'Mestre serralheiro de estamparia',17922),(61307,'Supervisor de construção naval',17924),(61308,'Mestre de linha de montagem (indústria automobilística)',17925),(61309,'Supervisor (indústria de automotores e de material de transporte)',17925),(61310,'Líder (indústria de automotores e de material de transporte)',17925),(61311,'Contramestre (indústria de máquinas e outros equipamentos mecânicos)',17926),(61312,'Contramestre de indústrias de máquinas',17926),(61313,'Mestre de produção (indústria de máquinas e outros equipamentos mecânicos)',17926),(61314,'Chefe de produção (indústria de máquinas e outros equipamentos mecânicos)',17926),(61315,'Supervisor de construção de fornos',17927),(61316,'Líder (construção de fornos)',17927),(61317,'Matrizeiro',17928),(61318,'Líder de ferramentaria',17928),(61319,'Ferramenteiro de injeção zamak e alumínio',17928),(61320,'Ferramenteiro de molde para borracha',17928),(61321,'Ferramenteiro de bancada',17928),(61322,'Ferramenteiro de coquilhas',17928),(61323,'Ferramenteiro de manutenção',17928),(61324,'Ferramenteiro de matrizes e estampos',17928),(61325,'Ferramenteiro de moldes plásticos (sopro)',17928),(61326,'Ferramenteiro de injeção termofixo',17928),(61327,'Ferramenteiro de injeção termoplástico',17928),(61328,'Modelador de ferramentaria',17930),(61329,'Operador de eletroerosão a fio',17931),(61330,'Operador de eletroerosão por penetração',17931),(61331,'Torneiro repuxador',17932),(61332,'Broqueador de cilindros',17932),(61333,'Brunidor de cilindros',17932),(61334,'Foscador de cilindros (laminação)',17932),(61335,'Torneiro ajustador',17933),(61336,'Auxiliar de torneiro mecânico',17933),(61337,'Torneiro ferramenteiro',17933),(61338,'Mandrilador',17933),(61339,'Fresador (fresadora universal)',17933),(61340,'Plainador de metais (plaina limadora)',17933),(61341,'Torneiro mecânico',17933),(61342,'Operador de furadeiras',17933),(61343,'Retificador, em geral',17934),(61344,'Retificador (retificadora de árvore de manivelas)',17934),(61345,'Retificador (retificadora cilíndrica externa e interna)',17934),(61346,'Retificador (retificadora plana)',17934),(61347,'Retificador de fieiras',17934),(61348,'Preparador de torno automático',17935),(61349,'Preparador de torno copiador',17935),(61350,'Preparador de fresadora de engrenagens',17935),(61351,'Preparador de máquina de transferência',17935),(61352,'Preparador de ferramentas para máquinas-ferramenta',17935),(61353,'Preparador de furadeira',17935),(61354,'Preparador de fresadora copiadora',17935),(61355,'Preparador de máquina de tarraxar',17935),(61356,'Preparador de prensa mecânica de metais',17935),(61357,'Preparador de torno revólver',17935),(61358,'Preparador de retificadora sem centro',17935),(61359,'Amolador de cardas',17936),(61360,'Amolador de guarnição - na fabricação têxtil',17936),(61361,'Afiador ambulante',17937),(61362,'Afiador de facas',17937),(61363,'Afiador de facas ( inclusive ambulante)',17937),(61364,'Afiador de tesouras ( inclusive ambulante)',17937),(61365,'Amolador ambulante',17937),(61366,'Amolador de cutelaria',17937),(61367,'Amolador de facas',17937),(61368,'Amolador de tesouras ( inclusive ambulante)',17937),(61369,'Cuteleiro (na fabricação)',17937),(61370,'Afiador - na fabricação',17938),(61371,'Afiador de brocas e coroas',17938),(61372,'Afiador de talhadeira',17938),(61373,'Afiador manual',17938),(61374,'Afiador, a máquina',17938),(61375,'Ajudante de afiador',17938),(61376,'Amolador - na fabricação',17938),(61377,'Amolador de cilindros',17938),(61378,'Amolador de ferramentas',17938),(61379,'Amolador de talhadeira',17938),(61380,'Auxiliar de afiador de ferramentas',17938),(61381,'Mecânico afiador',17938),(61382,'Afiador de lâminas',17939),(61383,'Afiador e laminador de serras',17939),(61384,'Ajudante de afiação de serras',17939),(61385,'Amolador de serras',17939),(61386,'Despolidor',17940),(61387,'Acepilhador de metais',17940),(61388,'Alisador de metal',17940),(61389,'Operador de eletropolimento',17940),(61390,'Polidor de ferramentas',17940),(61391,'Polidor de fieiras',17940),(61392,'Polidor de matrizes',17940),(61393,'Polidor de metais a mão',17940),(61394,'Polidor de rodas dentadas a máquina',17940),(61395,'Ajudante de polimento',17940),(61396,'Escovador de fundição',17940),(61397,'Lixador de móveis metálicos',17940),(61398,'Lixador de peças de metal',17940),(61399,'Fresador cnc',17942),(61400,'Mandrilador cnc',17943),(61401,'Retificador  cnc',17945),(61402,'Torneiro cnc',17946),(61403,'Aguilhoeiro',17947),(61404,'Forjador de talhadeira',17947),(61405,'Craveiro (forjaria)',17947),(61406,'Forjador a mão (molas helicoidais)',17947),(61407,'Operador de forja',17947),(61408,'Preparador de máquinas de forjar',17947),(61409,'Ajudante de forjador',17947),(61410,'Contramestre ferreiro',17947),(61411,'Ferreiro',17947),(61412,'Ferreiro de molas',17947),(61413,'Forjador manual',17947),(61414,'Forjador de molas',17947),(61415,'Ajudante de ferreiro',17947),(61416,'Marteleiro a carga de fogo',17948),(61417,'Marteleiro (metalúrgica)',17948),(61418,'Forjador a martelete',17948),(61419,'Forjador a martelo-pilão',17948),(61420,'Marteleiro (forjaria)',17948),(61421,'Marteleiro de cutelaria',17948),(61422,'Forjador a martelo de queda livre',17948),(61423,'Operador de prensa (ferramentaria)',17949),(61424,'Operador de máquina de moldar lingoteira',17950),(61425,'Fundidor de ligas metálicas',17950),(61426,'Ajudante de fundidor',17950),(61427,'Fundidor de placas',17950),(61428,'Fundidor moldador de metais',17950),(61429,'Operador de carro de lingotes',17951),(61430,'Ajudante de lingotamento',17951),(61431,'Operador de lingoteira contínua',17951),(61432,'Operador de mesa de recebimento de lingotes',17951),(61433,'Ajudante de acabamento de fundição',17952),(61434,'Maquinista de fundição (centrífuga)',17953),(61435,'Fundidor de máquina de pressão',17954),(61436,'Fundidor a pressão',17954),(61437,'Vazador de metais',17955),(61438,'Operador de lingotamento',17955),(61439,'Ajudante de preparador de lingotamento',17956),(61440,'Operador de lingoteiras',17956),(61441,'Acabador de macho - na fundição',17957),(61442,'Moldador de machos (manual)',17957),(61443,'Moldador macheiro (manual)',17957),(61444,'Ajudante de macheiro',17957),(61445,'Tirador de machos - na fundição',17958),(61446,'Operador de máquina de fabricar machos (ar comprimido)',17958),(61447,'Operador de máquina de machos',17958),(61448,'Formista manual',17959),(61449,'Acabador de moldes (fundição)',17959),(61450,'Desmoldador',17959),(61451,'Moldador em areia',17959),(61452,'Fixador de moldes - na fundição',17960),(61453,'Fechador de moldes - na fundição',17960),(61454,'Moldador de bloco - na fundição',17960),(61455,'Moldador de fundição (metais)',17960),(61456,'Moldador de metal',17960),(61457,'Preparador de moldes de fundição, à máquina',17960),(61458,'Operador de secador de areia para fundição',17961),(61459,'Peneireiro - na fundição',17961),(61460,'Desenformador - na fundição',17961),(61461,'Secador de areia',17961),(61462,'Misturador de areias - em fundição',17961),(61463,'Operador de máquina de areia para fundição',17961),(61464,'Operador de misturador de areia para fundição',17961),(61465,'Operador de sistema de areia para fundição',17961),(61466,'Preparador de areia - em fundição',17961),(61467,'Auxiliar de preparação de areia',17961),(61468,'Formista - na fundição',17961),(61469,'Operador de prensa de areia para fundição',17961),(61470,'Operador de máquina de cablear',17963),(61471,'Estirador de tubo de metal',17964),(61472,'Operador de esticadeira (metal sem costura)',17964),(61473,'Trefilador de barras de metal, à máquina',17965),(61474,'Separador de trefilados',17965),(61475,'Aramador - na fabricação de arame',17965),(61476,'Alambrador - na fabricação de arame',17965),(61477,'Trefilador à máquina',17965),(61478,'Operador de trefila',17965),(61479,'Recozedor e normalizador de metais',17967),(61480,'Forneiro de tratamento térmico de metais',17969),(61481,'Operador multifuncional de tratamento térmico',17970),(61482,'Operador de tratamento termoelétrico',17970),(61483,'Ajudante de tratamento térmico',17970),(61484,'Operador de tratamento térmico',17970),(61485,'Preparador de peça para decapagem',17971),(61486,'Preparador de peça para imersão',17971),(61487,'Operador de linha de decapagem',17971),(61488,'Operador de superfosfato',17972),(61489,'Auxiliar de galvanização',17973),(61490,'Platinador',17973),(61491,'Galvanizador (sherardização)',17973),(61492,'Esmaltador de banho fundente',17973),(61493,'Esmaltador de metais não-preciosos',17973),(61494,'Estanhador',17973),(61495,'Operador de galvanização',17973),(61496,'Operador de banhos (níquel, zinco, cromoprata, ouro)',17973),(61497,'Dourador (metais)',17973),(61498,'Esmaltador',17973),(61499,'Prateador',17973),(61500,'Operador de cobreamento',17973),(61501,'Bronzeador de metais',17973),(61502,'Pintor a revólver (pintura eletrostática)',17974),(61503,'Pulverizador de metal, à pistola',17974),(61504,'Niquelador',17975),(61505,'Cromador de metais',17975),(61506,'Operador de zincagem',17977),(61507,'Operador de processo de zincagem',17977),(61508,'Anodizador e anodizador de metais',17977),(61509,'Zincador',17977),(61510,'Prateador (processo eletrolítico)',17977),(61511,'Cabineiro',17979),(61512,'Pintor (retoques)',17980),(61513,'Pintor de metais a  pistola',17981),(61514,'Pintor industrial',17981),(61515,'Pintor especializado em pintura acrílica (veículos)',17982),(61516,'Auxiliar de pintor de automóveis',17982),(61517,'Operador de estufa de pintura',17982),(61518,'Pintor de automóveis',17982),(61519,'Pintor de aviões',17982),(61520,'Pintor de carros',17982),(61521,'Pintor de motos',17982),(61522,'Pintor de vagões tanques',17982),(61523,'Pintor especializado em pintura acrílica',17983),(61524,'Ajudante de pintor à pistola',17984),(61525,'Pintor de máquinas industriais',17984),(61526,'Pintor por pulverização (exceto veículos)',17984),(61527,'Pintor de móveis - a pistola',17984),(61528,'Ajudante de pintor de móveis',17984),(61529,'Ajudante de pintor de produção',17984),(61530,'Operador de máquina de pintar contínua',17984),(61531,'Operador de pistola de pintura',17984),(61532,'Operador de pistola rotativa',17984),(61533,'Pintor a revólver',17984),(61534,'Pintor de brinquedos',17984),(61535,'Pintor de geladeira',17984),(61536,'Armador de manilhas',17985),(61537,'Assentador de manilhas',17985),(61538,'Bombeiro hidráulico',17986),(61539,'Instalador hidráulico',17986),(61540,'Instalador de canos',17987),(61541,'Instalador de águas, esgotos e gás',17987),(61542,'Serpentineiro',17987),(61543,'Bombeiro eletricista',17987),(61544,'Encanador de manutenção',17987),(61545,'Encanador industrial',17987),(61546,'Ajudante de gasista',17990),(61547,'Duteiro',17990),(61548,'Gasista',17990),(61549,'Instalador de tubulações de vapor',17991),(61550,'Montador de estruturas de aço',17992),(61551,'Colocador de estruturas metálicas',17992),(61552,'Edificador de casco (navios)',17993),(61553,'Montador de estruturas navais',17993),(61554,'Montador naval',17993),(61555,'Montador naval (estruturas)',17993),(61556,'Ajudante de estruturas metálicas',17995),(61557,'Preparador de estruturas de aço',17995),(61558,'Riscador de estruturas de aço',17996),(61559,'Traçador de estruturas metálicas',17996),(61560,'Rebatedor de metais',17997),(61561,'Cravador de metais',17997),(61562,'Soldador manual',17998),(61563,'Soldador de solda à forte',17998),(61564,'Oxicortador',17999),(61565,'Cortador de ferro',17999),(61566,'Cortador de metais',17999),(61567,'Cortador oxiacetilênico',17999),(61568,'Operador de maçarico de corte',17999),(61569,'Operador de oxicorte',17999),(61570,'Cortador de sucata à oxigênio',17999),(61571,'Operador de máquina de solda eletrônica',18000),(61572,'Operador de banho de solda',18000),(61573,'Soldador de oficina mecânica',18000),(61574,'Soldador de solda branca',18000),(61575,'Soldador de solda elétrica e oxiacetileno',18000),(61576,'Soldador mecânico',18000),(61577,'Montador soldador',18000),(61578,'Operador de máquina de solda a ultrassom',18000),(61579,'Operador de máquina de soldar',18000),(61580,'Operador de máquina de soldar automática',18000),(61581,'Soldador autógeno',18000),(61582,'Soldador a  oxigênio',18001),(61583,'Operador de maçarico',18001),(61584,'Soldador a  oxiacetileno',18001),(61585,'Soldador com maçarico e arco elétrico',18002),(61586,'Operador de máquina de solda elétrica',18002),(61587,'Soldador a arco elétrico',18002),(61588,'Caldeireiro de manutenção',18004),(61589,'Caldeireiro instalador',18004),(61590,'Caldeireiro montador',18004),(61591,'Caldeireiro serralheiro',18004),(61592,'Chapeador montador',18004),(61593,'Chapeiro (chapas de ferrro e aço)',18004),(61594,'Mecânico de caldeiraria pesada',18004),(61595,'Montador de caldeira',18004),(61596,'Traçador de caldeiraria',18004),(61597,'Marcador de chapas',18005),(61598,'Chapeador de móveis metálicos',18005),(61599,'Chapeiro',18005),(61600,'Chapeador metalúrgico',18005),(61601,'Chapeador de automóveis',18006),(61602,'Chapeador de veículos',18006),(61603,'Chapista de automóveis',18006),(61604,'Chapista de veículos (fabricação)',18006),(61605,'Chapista de carrocerias metálicas',18006),(61606,'Caldeireiro em arsenal',18007),(61607,'Caldeireiro em estaleiro',18007),(61608,'Chapeador de aviões',18008),(61609,'Chapista de aeronaves',18008),(61610,'Chapista de aviões',18008),(61611,'Funileiro soldador',18009),(61612,'Flandeiro',18009),(61613,'Funileiro de bancada',18009),(61614,'Funileiro de manutenção',18009),(61615,'Picheleiro',18009),(61616,'Funileiro montador',18009),(61617,'Ajudante de serralheiro',18010),(61618,'Serralheiro de alumínio',18010),(61619,'Serralheiro de ferro',18010),(61620,'Arqueador',18010),(61621,'Arqueador de molas',18010),(61622,'Arqueador e temperador de molas',18010),(61623,'Serralheiro industrial',18010),(61624,'Serralheiro modelista',18010),(61625,'Serralheiro montador',18010),(61626,'Serralheiro preparador',18010),(61627,'Operador de mesa de corte (serralharia)',18010),(61628,'Serralheiro de manutenção',18010),(61629,'Serralheiro de metal',18010),(61630,'Serralheiro de produção',18010),(61631,'Serralheiro de protótipo',18010),(61632,'Operador de calandra (siderurgia)',18011),(61633,'Auxiliar de dobrador (metais)',18012),(61634,'Operador de viradeira (aço)',18012),(61635,'Operador de máquina de curvar metais',18012),(61636,'Operador de máquina de virar chapas',18012),(61637,'Operador de viradeira de chapas',18012),(61638,'Operador de viradeira de tubos',18012),(61639,'Operador de viradeiras de fitas de aço',18012),(61640,'Virador de chapas',18012),(61641,'Operador de desempenadeira (conformação de metais)',18013),(61642,'Laceiro de cabos de aço',18014),(61643,'Cableador (cabos de aço)',18015),(61644,'Operador de espulagem',18015),(61645,'Espulador (cabos de aço)',18015),(61646,'Operador de repassadeira',18015),(61647,'Operador de máquina (pernas, fechamento, repassamento, alma)',18015),(61648,'Ajustador de válvulas',18017),(61649,'Ajustador mecânico de ferramentas',18017),(61650,'Aprendiz de mecânico ajustador',18017),(61651,'Mecânico ajustador',18017),(61652,'Balanceador de motores',18017),(61653,'Ajustador de oficina de cilindros',18017),(61654,'Centralizador de fusos',18017),(61655,'Ajustador mecânico de manutenção',18017),(61656,'Afinador mecânico',18017),(61657,'Centralizador de rodas',18017),(61658,'Centralizador de canos',18017),(61659,'Ajustador limador de tornos',18019),(61660,'Mecânico de bancada',18019),(61661,'Ajustador de agulhas',18019),(61662,'Ajustador limador de fresas',18019),(61663,'Rasqueteador de metais',18019),(61664,'Montador instalador de acessórios',18021),(61665,'Montador, a mão',18021),(61666,'Montador de equipamento de escritório',18021),(61667,'Montador de máquina de escrever',18021),(61668,'Montador de máquinas (montagem em série)',18021),(61669,'Montador de acessórios',18021),(61670,'Instalador de máquinas',18022),(61671,'Montador mecânico (máquinas industriais)',18022),(61672,'Mecânico montador',18022),(61673,'Mecânico de montagem de máquinas',18022),(61674,'Montador de máquinas de fiação',18025),(61675,'Instalador de máquinas-ferramentas (usinagem de metais)',18026),(61676,'Montador de equipamentos de levantamento e movimentação',18027),(61677,'Montador de pontes rolantes',18027),(61678,'Montador multifuncional em máquinas agrícolas',18028),(61679,'Montador mecânico de máquinas agricolas',18028),(61680,'Montador de máquinas de extração e beneficiamento de minérios',18029),(61681,'Montador mecânico de máquinas de terraplenagem',18030),(61682,'Mecânico de motores marítimos',18032),(61683,'Mecânico montador especializado em motores de explosão e diesel',18033),(61684,'Montador de motores a explosão',18033),(61685,'Montador de motores a gasolina',18033),(61686,'Montador de motores a diesel',18033),(61687,'Mecânico de motores turboalimentadores',18034),(61688,'Montador de turbinas',18034),(61689,'Mecânico montador de turbinas',18034),(61690,'Mecânico turboalimentador',18034),(61691,'Mecânico montador de motores turboalimentadores',18034),(61692,'Montador de motores (grupo motopropulsor-gmp)',18035),(61693,'Montador de chassi',18035),(61694,'Montador de carroceria',18035),(61695,'Montador de automóveis',18035),(61696,'Montador de veículos automotores (linha de montagem)',18035),(61697,'Operador de equipe de montagem (veiculos automotores)',18036),(61698,'Mecânico de manutenção aeronáutica',18037),(61699,'Mecânico montador de aeronaves',18037),(61700,'Técnico em manutenção aeronáutica',18037),(61701,'Técnico em montagem aeronáutica',18037),(61702,'Técnico mecânico aeronáutico',18037),(61703,'Técnico de refrigeração (instalação)',18039),(61704,'Montador de instalação de calefação, ventilação e refrigeração',18039),(61705,'Mestre da indústria de material elétrico e eletrônico',18040),(61706,'Mestre de manutenção eletrônica',18040),(61707,'Mestre de montagem de motores elétricos',18040),(61708,'Supervisor de produção (indústria de material elétrico e eletrônico)',18040),(61709,'Chefe de produção (indústria de material elétrico e eletrônico)',18040),(61710,'Mestre de manutenção elétrica',18040),(61711,'Mestre eletricista de bobinas estacionárias',18040),(61712,'Mestre eletricista enrolador de bobinas',18040),(61713,'Montador de computadores e equipamentos auxiliares',18042),(61714,'Montador de instrumentos  elétricos de medição',18043),(61715,'Montador de eletrodomésticos',18044),(61716,'Montador de centrais eletricas',18045),(61717,'Montador de linha de transmissão e rede de distribuição',18045),(61718,'Eletricista instalador de alta e baixa tensão',18045),(61719,'Montador de dínamos',18046),(61720,'Montador de aparelhos elétricos',18047),(61721,'Montador de comandos e sinalização',18048),(61722,'Instalador de som',18050),(61723,'Revisor de aparelhos eletrônicos',18050),(61724,'Montador de aparelhos eletroeletrônicos',18050),(61725,'Montador de aparelhos eletrônicos',18050),(61726,'Montador de elevadores e similares',18051),(61727,'Montador de transformadores',18052),(61728,'Auxiliar de montagem de transformadores',18052),(61729,'Auxiliar de bobinagem, à mão',18053),(61730,'Montador de bobinas',18054),(61731,'Eletricista bobinador',18054),(61732,'Bobinador - eletricista',18054),(61733,'Revisor de linha de montagem (aparelhos eletrônicos)',18056),(61734,'Operador de máquinas de linha de montagem (aparelhos eletrônicos)',18056),(61735,'Montador de equipamentos eletrônicos (rádio e tv )',18057),(61736,'Instalador de estação de rádio',18057),(61737,'Instalador de estação de tv',18057),(61738,'Instalador de equipamentos de radar',18057),(61739,'Consertador de equipamentos eletrônicos',18057),(61740,'Montador de equipamentos de telecomunicações',18057),(61741,'Montador de equipamentos de radar',18057),(61742,'Instalador reparador de central',18058),(61743,'Instalador de equipamentos de comunicação',18058),(61744,'Instalador de estações telefônicas',18058),(61745,'Especialista em linha de transmissão',18058),(61746,'Instalador de centrais telefônicas',18058),(61747,'Montador de centrais telefônicas',18058),(61748,'Instaladores e reparadores de equipamentos e linhas telefônicas',18061),(61749,'Reparador de linhas e aparelhos',18061),(61750,'Reparador de instalações telefônicas',18061),(61751,'Reparador de pabx',18061),(61752,'Reparador de telefone',18061),(61753,'Instalador de telefones',18061),(61754,'Instalador mantenedor de telefonia',18061),(61755,'Instalador de aparelhos telefônicos',18061),(61756,'Revisor de aparelhos telefônicos',18061),(61757,'Conservador de linhas elétricas e telefônicas',18064),(61758,'Eletricista de manutenção de linhas telefônicas',18064),(61759,'Eletricista de manutenção de linhas elétricas',18064),(61760,'Auxiliar técnico de eletricidade de linhas de transmissão',18064),(61761,'Eletricista de linha de transmissão',18064),(61762,'Ajudante de cabista',18065),(61763,'Cabista',18065),(61764,'Emendador de fios (elétricos e telefônicos)',18065),(61765,'Eletricista de alta-tensão',18067),(61766,'Eletricista de baixa-tensão',18067),(61767,'Eletricista de iluminação pública',18067),(61768,'Eletricista de linha de baixa-tensão',18067),(61769,'Eletricista de linha de alta-tensão',18067),(61770,'Eletricista de rede',18067),(61771,'Instalador de linhas subterrâneas (transmissão de energia elétrica)',18067),(61772,'Instalador-reparador de rede elétrica',18067),(61773,'Reparador de linhas  elétricas',18067),(61774,'Eletricista de rede aérea de tração de veículos',18068),(61775,'Instalador-reparador de linhas de comunicação de dados',18069),(61776,'Ajudante de reparador (telecomunicações)',18069),(61777,'Instalador-reparador de linhas telefônicas aéreas e subterrâneas',18069),(61778,'Instalador-reparador de linhas telefônicas e telegráficas',18069),(61779,'Supervisor de fabricação de instrumentos de precisão',18071),(61780,'Instrumentista de precisão',18073),(61781,'Mecânico de aparelhos de precisão',18073),(61782,'Mecânico de instrumentos de precisão',18073),(61783,'Encordoador de instrumentos musicais',18080),(61784,'Luthier (confeccionador)',18080),(61785,'Montador de instrumentos de corda',18080),(61786,'Confeccionador de tambores (música)',18081),(61787,'Mestre (lapidação de pedras preciosas)',18086),(61788,'Mestre em artigos de ourivesaria e joalheria',18086),(61789,'Mestre (fabricação de artigos de ourivesaria e joalheria)',18086),(61790,'Mestre da indústria de minerais não metálicos (exceto os derivados de petróleo e carvão)',18087),(61791,'Cravador de jóias',18088),(61792,'Cravejador de jóias',18088),(61793,'Cravejador de metais preciosos',18088),(61794,'Cravejador de ourivesaria',18088),(61795,'Joalheiro na fabricação',18089),(61796,'Joalheiro na confecção de bijuterias e jóias de fantasia',18089),(61797,'Joalheiro ourives na fabricação e reparação',18089),(61798,'Joalheiro na reparação',18090),(61799,'Lapidário de pedras preciosas',18091),(61800,'Lapidário de pedras semi-preciosas',18091),(61801,'Lapidador de diamantes',18091),(61802,'Lapidador de pedras preciosas',18091),(61803,'Lapidador de pedras semi-preciosas',18091),(61804,'Lapidário',18091),(61805,'Lapidário de diamantes',18091),(61806,'Laminador de metais preciosos, à máquina',18092),(61807,'Gravador de jóias',18094),(61808,'Gravador em ouriversaria',18094),(61809,'Laminador de metais preciosos',18095),(61810,'Laminador de ouro',18095),(61811,'Laminador de prata',18095),(61812,'Trabalhador de confecções de bijouterias e jóias de fantasia',18096),(61813,'Ourives de bijouteria',18096),(61814,'Ourives montador',18096),(61815,'Prensista de ourivesaria',18096),(61816,'Soldador de jóias',18096),(61817,'Aurifice',18096),(61818,'Cinzelador de metais preciosos',18096),(61819,'Filigraneiro',18096),(61820,'Filigranista',18096),(61821,'Trefilador de metais preciosos, a  máquina',18097),(61822,'Gambista (artesão de vidros)',18098),(61823,'Miniaturista (artesão de vidros)',18098),(61824,'Mestre vidreiro',18098),(61825,'Operador de máquina de estirar vidro',18099),(61826,'Operador de máquina de vidraria',18099),(61827,'Moldador de lentes',18099),(61828,'Calibrador de tubos de vidro',18100),(61829,'Ampoleiro',18100),(61830,'Calibrador na fabricação de ampolas',18100),(61831,'Colhedor - em fábrica de vidro',18100),(61832,'Fechador de ampolas (garrafas térmicas)',18100),(61833,'Soprador de vidro (material de laboratório)',18100),(61834,'Hialotécnico',18101),(61835,'Curvador de tubos de vidro',18101),(61836,'Impressor silk screen em vidros',18102),(61837,'Serigrafista em vidros',18102),(61838,'Impressor serigráfico em vidros',18102),(61839,'Cortador de vidro - no comércio - exclusive conta própria e empregador',18103),(61840,'Cristaleiro (corte de vidros)',18103),(61841,'Traçador de vidros',18103),(61842,'Operador de máquina de corte (vidros)',18103),(61843,'Foscador de vidro a ácido',18104),(61844,'Jateador de vidro',18106),(61845,'Jateador de materiais abrasivos',18106),(61846,'Foscador de vidro a jato de areia',18106),(61847,'Biselador de cristais',18107),(61848,'Polidor de vidros e cristais',18107),(61849,'Operador de polidora de vidros e cristais',18107),(61850,'Polidor de vidros',18107),(61851,'Beneficiador de cristal',18107),(61852,'Ajudante de lapidador (vidros)',18107),(61853,'Cortador de cristais de óptica',18108),(61854,'Polidor de cristais de óptica, a máquina',18108),(61855,'Polidor de cristais',18108),(61856,'Lapidador de cristais de ótica',18108),(61857,'Operador de polidora de cristais de ótica',18108),(61858,'Polidor de lentes',18108),(61859,'Cerâmico',18109),(61860,'Especialista em cerâmica',18109),(61861,'Ceramista multifuncional',18109),(61862,'Oleiro em torno de pedal',18110),(61863,'Ceramista artesanal',18110),(61864,'Ceramista artístico',18110),(61865,'Operador de torno semi-automático (cerâmica)',18111),(61866,'Torneiro ceramista',18111),(61867,'Modelador ceramista',18112),(61868,'Modelador de porcelana',18112),(61869,'Modelador em cerâmica',18112),(61870,'Modelista em cerâmica',18112),(61871,'Preparador de moldes (cerâmica)',18113),(61872,'Fundidor de barbotina',18113),(61873,'Ceramista fundidor de molde',18113),(61874,'Formista (cerâmica)',18113),(61875,'Moldador de cerâmica',18113),(61876,'Moldador em barbotina',18113),(61877,'Moldador em cerâmica',18113),(61878,'Ceramista (confecção de moldes)',18113),(61879,'Ceramista batedor de prensa extrusora',18114),(61880,'Ceramista prensista (prensa extrusora)',18114),(61881,'Ceramista prensador (prensa extrusora)',18114),(61882,'Ceramista prensador (prensa a  fricção)',18114),(61883,'Prensador cerâmico',18114),(61884,'Ceramista operador de prensa hidráulica',18114),(61885,'Ceramista prensista (prensa hidráulica)',18114),(61886,'Ceramista prensador (prensa hidráulica)',18114),(61887,'Decorador ceramista',18115),(61888,'Ceramista escultor (acabamento)',18115),(61889,'Aplicador de decalque em cerâmica',18115),(61890,'Decalcador em cerâmica',18115),(61891,'Aplicador de impressos em cerâmica',18115),(61892,'Preparador de tela serigráfica para cerâmica',18115),(61893,'Escultor de vidro',18115),(61894,'Decorador de vidro a  pistola',18116),(61895,'Jateador de vidro não plano',18116),(61896,'Lapidador de vidros (acabamento)',18116),(61897,'Decorador de vidro a  decalque',18116),(61898,'Preparador de tela serigráfica de vidro',18116),(61899,'Escultor de vidro (acabamento)',18116),(61900,'Riscador de copos',18116),(61901,'Vitrificador',18118),(61902,'Esmaltador cerâmico',18118),(61903,'Pistoleiro (cerâmica)',18118),(61904,'Operador de máquina de esmaltação cerâmica',18118),(61905,'Vidrador-esmaltador em cerâmica',18118),(61906,'Esmaltador de cerâmica por imersão',18118),(61907,'Pintor de cerâmica a  pistola',18118),(61908,'Operador de máquina cerâmica (pintor)',18118),(61909,'Foscador de espelhos',18119),(61910,'Espelhador (esmaltador)',18119),(61911,'Prateador de espelho',18119),(61912,'Espelhador',18119),(61913,'Opacador',18119),(61914,'Espelhador - na fabricação de espelhos',18119),(61915,'Ceramista fileteiro',18120),(61916,'Pintor de cerâmica manual',18120),(61917,'Encarregado de acabamento de estampa',18121),(61918,'Encarregado de mecerização',18121),(61919,'Encarregado de acabamento (indústria têxtil)',18121),(61920,'Encarregado geral de fiação',18122),(61921,'Encarregado geral de malharia',18123),(61922,'Contramestre de indústrias têxtil',18124),(61923,'Encarregado geral de tecelagem',18124),(61924,'Mestre de tecelagem de rendas',18125),(61925,'Mestre de tecelagem de telas',18125),(61926,'Mestre de texturização de fios',18125),(61927,'Mestre de tingimento (indústria têxtil e de confecções)',18125),(61928,'Mestre gravador têxtil',18125),(61929,'Mestre de fiação de tecelagem',18125),(61930,'Mestre de estampagem',18125),(61931,'Mestre de preparação de tear',18125),(61932,'Mestre de cerzideira',18125),(61933,'Mestre de espularia',18125),(61934,'Mestre de torção de fios',18125),(61935,'Mestre de retorcedeira',18125),(61936,'Mestre de alvejamento de tecidos',18125),(61937,'Mestre de bobinadeira têxtil',18125),(61938,'Mestre de preparação e revisão de bordados',18125),(61939,'Mestre de fiação',18125),(61940,'Mestre de tecelagem',18125),(61941,'Mestre de acabamento em confecção',18125),(61942,'Mestre de tapeçaria',18125),(61943,'Mestre de urdimento',18125),(61944,'Mestre de malharia',18125),(61945,'Mestre de preparação de tecelagem',18125),(61946,'Mestre de acabamento de fios',18125),(61947,'Mestre de fiação de algodão',18125),(61948,'Mestre de fiação de juta',18125),(61949,'Mestre de fiação de lã',18125),(61950,'Mestre de fiação de linho',18125),(61951,'Mestre de fiação e tecelagem de rami',18125),(61952,'Mestre de indústria têxtil',18125),(61953,'Mestre de tecelagem de juta',18125),(61954,'Mestre de tecelagem de malhas',18125),(61955,'Mestre de tecelagem de máquina circular',18125),(61956,'Técnico em curtimento (supervisor de primeira linha)',18126),(61957,'Coordenador de corte na confecção do vestuário',18127),(61958,'Supervisor de corte na confecção do vestuário',18127),(61959,'Coordenador de costura do vestuário',18128),(61960,'Coordenador de bordado',18128),(61961,'Supervisor de costura do vestuário',18128),(61962,'Mestre sapateiro',18129),(61963,'Contramestre da indústria de calçados',18129),(61964,'Supervisor de alta freqüência de confecção de calçados',18129),(61965,'Supervisor de montagem de confecção de calçados',18129),(61966,'Supervisor de corte de confecção de calçados',18129),(61967,'Supervisor de acabamento de confecção de calçados',18129),(61968,'Supervisor de pesponto de confecção de calçados',18129),(61969,'Supervisor de modelagem de confecção de calçados',18129),(61970,'Supervisor de injeção de confecção de calçados',18129),(61971,'Supervisor de pré-frezado de confecção de calçados',18129),(61972,'Supervisor de matrizaria de confecção de calçados',18129),(61973,'Mestre (indústria de calçados e artefatos de couro)',18129),(61974,'Supervisor de produção (artefatos de couro)',18130),(61975,'Mestre das artes gráficas (indústria editorial e gráfica)',18131),(61976,'Mestre de serviços gráficos',18131),(61977,'Mestre gráfico',18131),(61978,'Mestre gravador de clichê',18131),(61979,'Mestre impressor',18131),(61980,'Mestre impressor de off-set',18131),(61981,'Mestre litográfico',18131),(61982,'Mestre tipógrafo',18131),(61983,'Coordenador de artes gráficas',18131),(61984,'Mestre de produção (indústria gráfica)',18131),(61985,'Chefe de divisão gráfica',18131),(61986,'Chefe de seção de artes gráficas',18131),(61987,'Mestre impressor calcográfico',18131),(61988,'Encarregado de gráfica',18131),(61989,'Mestre de fotogravuras',18131),(61990,'Mestre de fotolito',18131),(61991,'Mestre de gravação (indústria gráfica)',18131),(61992,'Classificador de algodão em pluma',18133),(61993,'Classificador de algodão em caroço',18133),(61994,'Classificador de algodão - no beneficiamento de fibras têxteis',18133),(61995,'Classificador de fibras na indústria têxtil',18133),(61996,'Classificador de lã na indústria têxtil',18133),(61997,'Classificador de sisal - no beneficiamento',18133),(61998,'Operador de máquina de lavanderia de lã',18134),(61999,'Lavador de fibras na indústria têxtil',18134),(62000,'Secador de lã',18134),(62001,'Operador de abridor de fibras',18135),(62002,'Operador misturador de fibras',18135),(62003,'Triador de lã',18135),(62004,'Abridor de lã',18135),(62005,'Operador batedor de fibras',18135),(62006,'Cardista',18138),(62007,'Maquinista de conicaleira',18139),(62008,'Fiandeiro',18140),(62009,'Maquinista de filatório',18140),(62010,'Arriador de filatório',18140),(62011,'Distribuidor de maçarocas',18142),(62012,'Maçaroqueiro',18142),(62013,'Acertador de maçaroqueira',18142),(62014,'Operador passadista (fiação)',18144),(62015,'Operador passadorista (fiação)',18144),(62016,'Tecedor de redes',18147),(62017,'Tecelão de rendas',18148),(62018,'Labirinteira (rendas e bordados)',18148),(62019,'Tecelão de bordados',18148),(62020,'Operador de tear de jacquard',18150),(62021,'Operador de tear mecânico de maquineta',18151),(62022,'Operador de tear mecânico de xadrez',18152),(62023,'Operador de tear mecânico liso',18153),(62024,'Operador de tear mecânico, exceto jacquad',18154),(62025,'Operador de malhas, a  máquina',18155),(62026,'Enformador de malharia',18155),(62027,'Operador de máquina circular de malharia',18156),(62028,'Operador de máquina retilínea de malharia',18157),(62029,'Enformador de meias',18158),(62030,'Confeccionador de tapetes e passadeiras, a  máquina',18161),(62031,'Barbanteiro',18164),(62032,'Tecelão de fitas',18166),(62033,'Tecelão de tear de fita',18166),(62034,'Perfurador de cartões jacquard',18168),(62035,'Operador de máquinas de cozinhamento e alvejamento de fibras soltas, fios e tecidos',18169),(62036,'Operador de máquinas de flanelar (peletizar, lixar) tecidos',18171),(62037,'Operador de chamuscadeira/desengomagem de tecidos',18172),(62038,'Mercerizador de fios e tecidos',18173),(62039,'Operador de máquinas de impermeabilizar tecidos',18173),(62040,'Operador de máquinas de mercerizar fios e tecidos',18173),(62041,'Operador de máquinas de lavar fibras soltas, fios, tecidos e peças confeccionadas',18174),(62042,'Auxiliar-ajudante de operador de máquinas de lavar fibras, fios, tecidos e peças confeccionadas',18174),(62043,'Revisor de silk-screen',18176),(62044,'Inspetor de bobinas (produção têxtil)',18177),(62045,'Pinçador (produção têxtil)',18178),(62046,'Revisor têxtil',18178),(62047,'Classificador de tecidos',18178),(62048,'Dobrador-revisor - em fábrica de tecidos',18178),(62049,'Espinçador (produção têxtil)',18178),(62050,'Examinador de meias (produção têxtil)',18178),(62051,'Inspetor de pano',18178),(62052,'Inspetor de tecidos crus',18179),(62053,'Trinchador',18182),(62054,'Embocador',18185),(62055,'Auxiliar de curtimento',18186),(62056,'Curtidor de couro',18186),(62057,'Depilador de couros e peles',18186),(62058,'Operador de fulão',18186),(62059,'Enxugador de couros e peles',18186),(62060,'Operador de enxugador (couros)',18186),(62061,'Rebaixador de base (couros)',18189),(62062,'Amaciador de couros e peles',18196),(62063,'Buteiro',18199),(62064,'Alfaite modelista',18199),(62065,'Paramenteiro - alfaite',18199),(62066,'Estilista',18200),(62067,'Modelista',18200),(62068,'Cortador',18200),(62069,'Reformadora de roupas',18201),(62070,'Preparador de lotes e pacotes',18203),(62071,'Cortador de roupas (couro e pele)',18204),(62072,'Talhador de roupas',18204),(62073,'Operador de máquina de corte de roupas',18204),(62074,'Operador de máquina de enfestar',18205),(62075,'Riscador de tecidos',18206),(62076,'Programador de encaixe (cad)',18206),(62077,'Programador de risco e corte',18206),(62078,'Auxiliar de confecção',18207),(62079,'Auxiliar de produção - na confecção de roupas',18207),(62080,'Auxiliar de serviços gerais - na confecção de roupas',18207),(62081,'Costureira em geral',18209),(62082,'Costureiro de roupas (confecção em série)',18209),(62083,'Costureiro de amostra',18209),(62084,'Auxiliar de costura',18209),(62085,'Costureira de máquina reta',18210),(62086,'Costureira de máquinas industriais',18210),(62087,'Costureira de máquina overloque',18210),(62088,'Auxiliar de operador de máquina de bordar',18212),(62089,'Operador de máquina de bordar',18212),(62090,'Preparador de produção de peças para bordar',18213),(62091,'Revisor de produção de peças para bordar',18213),(62092,'Auxiliar de costureira (no acabamento)',18214),(62093,'Coladeira (confecção em série)',18215),(62094,'Cortador de calçados',18217),(62095,'Cortador de capas de saltos para calçados',18217),(62096,'Cortador de couro na fabricação de calçados',18217),(62097,'Operador de balancim na confecção de calçados',18217),(62098,'Operador de balancim no corte de couro',18217),(62099,'Operador de prensa na indústria de calçados',18217),(62100,'Cortador de palmilhas',18218),(62101,'Cortador de solas, a  máquina',18218),(62102,'Chanfrador de calçados',18219),(62103,'Colador de calçados',18219),(62104,'Debruador de calçados',18219),(62105,'Montador de calçados (parte superior)',18219),(62106,'Virador de calçados',18219),(62107,'Preparador de palmilhas',18220),(62108,'Preparador de saltos para calçados',18220),(62109,'Recortador de palmilhas',18220),(62110,'Riscador de palmilhas',18220),(62111,'Asperador de solas e palmilhas',18220),(62112,'Lixador de calçados',18220),(62113,'Lixador de saltos de calçados',18220),(62114,'Lixador de solas na confecção de calçados',18220),(62115,'Colador de palmilhas',18220),(62116,'Marcador de sola na confecção de calçados',18220),(62117,'Montador de saltos de calçados',18220),(62118,'Costureiro de calçados a  máquina',18221),(62119,'Armador de calçados',18222),(62120,'Calceirista',18222),(62121,'Apontador de bicos (calçados)',18222),(62122,'Operador de máquina de apontar bico',18222),(62123,'Expedidor de calçados',18223),(62124,'Polidor de calçados (na fabricação)',18223),(62125,'Selecionador de calçados',18223),(62126,'Revisor de qualidade de calçados',18223),(62127,'Retocador de calçados',18223),(62128,'Asperador de couro no acabamento de calçados',18223),(62129,'Escovador de solas no acabamento de calçados',18223),(62130,'Forrador de saltos no acabamento  de calçados',18223),(62131,'Lustrador no acabamento de calçados',18223),(62132,'Planchador de calçados',18223),(62133,'Chapeleiro de chapéus de luxo',18225),(62134,'Chapeleiro - exclusive de palha',18225),(62135,'Modelador de chapéus',18225),(62136,'Cortador de chapéus',18225),(62137,'Conformador de chapéus',18225),(62138,'Padronista de chapéus',18225),(62139,'Decatizador',18225),(62140,'Fulista',18225),(62141,'Cortador, a  mão',18227),(62142,'Cortador, a  balancim',18227),(62143,'Cortador de tapetes',18228),(62144,'Costureiro de colchões',18229),(62145,'Operador de máquina de encher colchões',18229),(62146,'Costureiro de artefatos de tecido (brinquedos)',18230),(62147,'Montador de brinquedos de pano',18230),(62148,'Costurador de lonas e encerados',18231),(62149,'Costureiro velamista',18231),(62150,'Padronizador de velas de embarcações, toldos e barracas',18231),(62151,'Tapeceiro de aviões',18232),(62152,'Forrador de móveis',18233),(62153,'Tapeceiro de móveis',18233),(62154,'Reformador de móveis',18233),(62155,'Gravador de clichês, a  mão (matrizes de borracha ou linóleo)',18238),(62156,'Reprodutor de clichê impressão (reprodução plástica)',18238),(62157,'Gravador de clichês (madeira, borracha ou linóleo)',18238),(62158,'Especialista em arte final',18239),(62159,'Montador de arte final',18239),(62160,'Diagramador e desenhista',18239),(62161,'Diagramador em terminal de vídeo',18239),(62162,'Arte-finalista',18239),(62163,'Diagramador ( jornalismo)',18239),(62164,'Ajudante de montagem e fotolito',18240),(62165,'Auxiliar de montador de fotolito',18240),(62166,'Operador de aparelhos de preparação',18240),(62167,'Copiador de chapas de off-set',18240),(62168,'Copiador de fotolito',18240),(62169,'Gravador de fotolito',18240),(62170,'Montador de fotocomposição',18240),(62171,'Montador de fotolito em cores',18240),(62172,'Preparador de fotolitos',18240),(62173,'Revisor - na indústria  gráfica',18244),(62174,'Copiador de clichês tipográficos',18244),(62175,'Copiador de desenhos sobre pedras litográficas',18244),(62176,'Copiador gravador',18244),(62177,'Digitador de fotocomposição',18244),(62178,'Fotocompositor',18244),(62179,'Fotolitógrafo',18244),(62180,'Fototipista',18244),(62181,'Galvanista (rotogravura)',18244),(62182,'Gravador a ácido',18244),(62183,'Gravador com pantógrafo',18244),(62184,'Revisor gráfico',18244),(62185,'Gravador de chapa',18244),(62186,'Gravador de chapas e cilindros com ácido',18244),(62187,'Gravador de chapas, cliches e cilindros de impressão',18244),(62188,'Gravador de cilindros, a  máquina',18244),(62189,'Gravador de fotogravura ou de rotogravura',18244),(62190,'Gravador de matrizes de impressão',18244),(62191,'Gravador de rotogravura',18244),(62192,'Matrizeiro - na indústrias gráfica',18244),(62193,'Montador de clichês',18244),(62194,'Montador de clichês sobre suportes',18244),(62195,'Chapista gráfico',18244),(62196,'Montador de seleção de cores',18244),(62197,'Operador de fotocomposição',18244),(62198,'Pantografista',18244),(62199,'Programador de fotocomposição',18244),(62200,'Provista de clicheria (em cores)',18244),(62201,'Provista tipógrafo',18244),(62202,'Reprodutor de desenhos sobre pedras litográficas',18244),(62203,'Retocador de chapas de impressão (fotogravura)',18244),(62204,'Rotogravador',18244),(62205,'Chapista tipográfico',18244),(62206,'Compositor, a  máquina',18244),(62207,'Confeccionador de clichês de flexografia',18244),(62208,'Confeccionador de matrizes tipográficas',18244),(62209,'Copiador de clicheria',18244),(62210,'Provista (provas analógicas e digitais)',18244),(62211,'Operador de escâner (pré-impressão gráfica)',18245),(62212,'Fotógrafo (pré-impressão gráfica)',18245),(62213,'Retocador convencional',18245),(62214,'Auxiliar de serigrafia',18247),(62215,'Impressor serigráfico',18247),(62216,'Impressor de silkscreen',18247),(62217,'Operador de serigrafia',18247),(62218,'Operador de silkscreen',18247),(62219,'Serigrafista (gráfico)',18247),(62220,'Aplicador de serigrafia',18247),(62221,'Aplicador de silkscreen',18247),(62222,'Aplicador de silkscreen, à máquina',18247),(62223,'Impressor de talho doce',18248),(62224,'Impressor de segurança',18248),(62225,'Operador de impressão de valores',18248),(62226,'Operador de impressora ofsete',18249),(62227,'Operador de máquina ofsete',18249),(62228,'Impressor de cartazes',18249),(62229,'Impressor multilight',18249),(62230,'Impressor de máquina ofsete',18249),(62231,'Maquinista de ofsete',18249),(62232,'Impressor de formulários contínuos',18250),(62233,'Alimentador de rotativas',18250),(62234,'Ajudante de impressor de formulários contínuos',18250),(62235,'Operador de impressora de rotogravura',18251),(62236,'Impressor de plásticos',18251),(62237,'Impressor de rótulos',18251),(62238,'Impressor de tipografia',18255),(62239,'Impressor gráfico manual',18256),(62240,'Cilindrista de imprensa',18256),(62241,'Impressor automático',18256),(62242,'Impressor de etiqueta',18256),(62243,'Impressor de selo',18256),(62244,'Impressor de máquina plana',18256),(62245,'Operador de impressora platina',18256),(62246,'Operador gráfico de corte e vinco na impressão',18258),(62247,'Operador de dobradeira na indústria gráfica',18258),(62248,'Dobrador gráfico',18258),(62249,'Laminador gráfico',18258),(62250,'Extrusor (artes gráficas)',18258),(62251,'Operador de extrusora (arte gráfica)',18258),(62252,'Guilhotineiro - na indústria gráfica',18260),(62253,'Cortador de bobina de papel',18260),(62254,'Cortador  de papel à guilhotina',18260),(62255,'Refilador gráfico',18260),(62256,'Cortador de papel',18260),(62257,'Cortador de papel em máquina eletrônica',18260),(62258,'Operador de corta-riscadeira  de papel',18260),(62259,'Montador gráfico de corte e vinco',18261),(62260,'Enramador gráfico de corte e vinco',18261),(62261,'Margeador gráfico de corte e vinco',18261),(62262,'Auxiliar de laboratório fotográfico',18262),(62263,'Supervisor de laboratório fotográfico',18262),(62264,'Operador de mini-lab',18262),(62265,'Fotógrafo laboratorista filmes fotográficos, em preto e branco',18263),(62266,'Laboratorista de filmes fotográficos, em preto e branco',18263),(62267,'Retoquista (revelação fotográfica)',18264),(62268,'Fotógrafo laboratorista filmes fotográficos, em cores',18264),(62269,'Operador de tear manual',18266),(62270,'Tecedor - exclusive de tapetes',18266),(62271,'Tecelão - exclusive de tapetes',18266),(62272,'Tecelão de alfombras, a  mão',18267),(62273,'Tapeceiro a mão (tapetes)',18267),(62274,'Tecedor de tapetes',18267),(62275,'Tecelão de tapeçaria em tear manual',18267),(62276,'Trabalhador de tapetes de nós, a  mão',18267),(62277,'Montador de tapetes',18267),(62278,'Operador de urdideira de tapetes',18267),(62279,'Tecelão de malhas, a mão',18268),(62280,'Tricotador, à mão',18268),(62281,'Mamucabeira',18269),(62282,'Montador de punho de rede',18269),(62283,'Tecedor de redes - inclusive de punho, mamucaba, varanda',18269),(62284,'Tecelão de redes - inclusive de punho, mamucaba, varanda',18269),(62285,'Varandeira',18269),(62286,'Moldador de chapéus de palha',18270),(62287,'Confeccionador de chapéus de palha',18270),(62288,'Acabador de chapéus de palha',18270),(62289,'Decorador de chapéus de palha',18270),(62290,'Trançador - na fabricação de chapeus de palha',18270),(62291,'Chapeleiro de palha',18270),(62292,'Crocheteiro',18271),(62293,'Rebordadeira',18272),(62294,'Labirinteira bordadeira, a  mão.',18272),(62295,'Bordadeira',18272),(62296,'Criveira',18272),(62297,'Cerzideira de malha',18273),(62298,'Cerzideira de meias',18273),(62299,'Cerzideira de roupas',18273),(62300,'Cerzideira de tecidos',18273),(62301,'Remendeira',18273),(62302,'Consertador de roupas',18273),(62303,'Colador de couro, a  mão',18274),(62304,'Bolseiro (bolsas de couro)',18274),(62305,'Cinteiro (correeiro)',18274),(62306,'Trabalhador na confecção de peças de couro',18274),(62307,'Boleiro (fabricação de bolas de couro)',18276),(62308,'Trabalhador de fabricação de bolas de couro',18276),(62309,'Costurador de calçados, à mão',18277),(62310,'Confeccionador de calçados de couro',18277),(62311,'Sapateiro (confecção de calçados)',18277),(62312,'Sapateiro (sapatos de balé)',18277),(62313,'Sapateiro de confecção sob medida',18277),(62314,'Sapateiro montador',18277),(62315,'Seleiro na fabricação',18278),(62316,'Seleiro (equipamentos para equitação)',18278),(62317,'Trabalhador de fabricação de arreios',18278),(62318,'Trançador de couro',18278),(62319,'Arreeiro de couro - na fabricação',18278),(62320,'Arreeiro na fabricação',18278),(62321,'Bainheiro - em selaria',18278),(62322,'Confeccionador de cabrestos',18278),(62323,'Colador de couro - exclusive calçados',18278),(62324,'Correeiro (peças para animais)',18278),(62325,'Cangalheiro - na fabricação',18278),(62326,'Cabresteador',18278),(62327,'Copiador de texto na tipografia',18279),(62328,'Tipógrafo chapista',18279),(62329,'Compositor de texto',18280),(62330,'Fundidor de tipos',18281),(62331,'Chapista paginador',18282),(62332,'Serigrafista',18283),(62333,'Confeccionador de carimbos',18284),(62334,'Gravador de lombadas de livros',18285),(62335,'Dourador',18285),(62336,'Restaurador de livros e documentos',18286),(62337,'Encarregado de produção (indústria de madeira e mobiliário)',18287),(62338,'Encarregado de montagem de móveis',18287),(62339,'Encarregado de serraria',18287),(62340,'Supervisor de serraria',18287),(62341,'Encarregado de serviços de serras e tornos',18287),(62342,'Supervisor de carpinteiro de manutenção',18288),(62343,'Supervisor de carpintaria',18288),(62344,'Encarregado de carpintaria',18288),(62345,'Auxiliar de marceneiro',18289),(62346,'Marceneiro de móveis',18289),(62347,'Moveleiro - exclusive empregador',18289),(62348,'Prototipista (marceneiro)',18289),(62349,'Marceneiro modelista',18290),(62350,'Modelador de fundição (madeira)',18290),(62351,'Modelista de madeira',18290),(62352,'Marceneiro adueleiro',18292),(62353,'Marceneiro barriqueiro',18292),(62354,'Toneleiro',18292),(62355,'Marceneiro boteiro',18292),(62356,'Marceneiro pipeiro',18292),(62357,'Tineiro',18292),(62358,'Montador de tonéis',18292),(62359,'Ajudante de classificador de folhas (madeira)',18293),(62360,'Ajudante de classificador de madeira',18293),(62361,'Amarrador de madeira',18293),(62362,'Classificador de lâminas (madeira)',18293),(62363,'Classificador de madeira na indústria',18293),(62364,'Impregnador de madeira (produtos antiinflamáveis)',18294),(62365,'Ajudante de estufador (madeira)',18295),(62366,'Desdobrador de madeira',18296),(62367,'Laminador de madeira',18296),(62368,'Falquejador',18296),(62369,'Cortador de chapas de madeiras',18296),(62370,'Artífice de serra',18297),(62371,'Operador de serra elétrica',18297),(62372,'Operador de máquina de serrar',18297),(62373,'Operador de serra esquadrejadeira',18297),(62374,'Operador de serra manual',18297),(62375,'Operador de serra mecânica',18297),(62376,'Operador de serra vertical automática',18297),(62377,'Destopador (madeira)',18298),(62378,'Esquadriador (madeira)',18298),(62379,'Serrador de toras',18299),(62380,'Operador de industrialização de madeiras',18299),(62381,'Operador de máquina de desdobrar madeira',18299),(62382,'Operador de máquina de serrar madeira',18299),(62383,'Operador de máquina de serraria',18299),(62384,'Operador de serra automática',18299),(62385,'Operador de serra de disco',18299),(62386,'Operador de serra-cinta',18299),(62387,'Serrador - em serrarias',18299),(62388,'Circuleiro',18300),(62389,'Cortador a serra circular',18300),(62390,'Operador de serra circular',18300),(62391,'Operador de serra circular múltipla',18300),(62392,'Auxiliar de operador de serra circular múltipla',18300),(62393,'Operador de serra circular automática',18300),(62394,'Operador de circular automática (madeira)',18300),(62395,'Alimentador de serra de fita',18301),(62396,'Operador de serra de fita',18301),(62397,'Operador de passadeira  na fabricação de compensados',18302),(62398,'Prensista de aglomerado de madeira',18303),(62399,'Operador de prensa de compensados',18304),(62400,'Prensista de lâmina de madeira',18304),(62401,'Preparador de goma para colagem de madeira',18305),(62402,'Preparador de cola para madeira',18305),(62403,'Serrador (usinagem da madeira)',18313),(62404,'Ajudante de serrador',18313),(62405,'Ajudante de operador de serra',18313),(62406,'Oficial de serra',18313),(62407,'Operador de lixadeira na usinagem de madeira',18319),(62408,'Operador de fingirjoint',18319),(62409,'Operador de seccionadeira na usinagem de madeira',18319),(62410,'Operador de máquina de produção na usinagem de madeira',18319),(62411,'Operador de perfiladeira',18319),(62412,'Operador de máquinas de confeccionar fósforo',18319),(62413,'Operador de máquina de confeccionar palitos',18319),(62414,'Operador  de seccionadora',18322),(62415,'Montador de caixas de madeira',18323),(62416,'Montador de caixotes de madeira',18323),(62417,'Montador de engradados de madeira',18323),(62418,'Montador de paletes',18323),(62419,'Montador de artefatos de madeira',18323),(62420,'Montador de móveis de madeira',18323),(62421,'Escultor de madeira',18324),(62422,'Chapeador de móveis de madeira',18325),(62423,'Folheador de móveis',18325),(62424,'Operador de prensa (folha de recobrimento de móveis)',18325),(62425,'Revestidor de móveis de madeira',18325),(62426,'Montador de capas trabalhadas',18325),(62427,'Chapeador de fórmica',18325),(62428,'Montador de lâminas',18325),(62429,'Ajudante de lustrador',18326),(62430,'Laqueador de madeira',18326),(62431,'Laqueador de móveis',18326),(62432,'Lustrador de madeira',18326),(62433,'Lustrador de móveis',18326),(62434,'Cabazeiro',18328),(62435,'Vimeiro',18328),(62436,'Balaieiro',18328),(62437,'Jacazeiro',18328),(62438,'Confeccionador de escovas',18330),(62439,'Confeccionador de pincéis',18330),(62440,'Confeccionador de pincéis, escovas e vassouras',18330),(62441,'Operador de máquina de encher escovas, pincéis e vassouras',18330),(62442,'Armador de móveis de vime',18331),(62443,'Empalhador de cadeiras',18331),(62444,'Artífice de vime',18331),(62445,'Confeccionador de esteiras',18332),(62446,'Confeccionador de esteiras de palha',18332),(62447,'Confeccionador de vassouras de piaçaba, palha, cerdas plásticas e náilon',18333),(62448,'Marceneiro naval',18335),(62449,'Carpinteiro (tripulante de embarcações)',18335),(62450,'Encarregado de seção de empacotamento',18339),(62451,'Encarregado de turma de acondicionamento',18339),(62452,'Inspetor de alimentador de linhas de rotulagem',18339),(62453,'Supervisor de ensacamento',18339),(62454,'Encarregado do setor de embalagem',18339),(62455,'Supervisor do setor de embalagem',18339),(62456,'Encarregado de acabamento (embalagem e etiquetagem)',18339),(62457,'Supervisor de envasamento',18339),(62458,'Operador de processos automatizados de pintura',18340),(62459,'Operador de robô de pintura',18340),(62460,'Robotista (soldagem)',18341),(62461,'Operador de robô de soldagem',18341),(62462,'Piloto de rov',18342),(62463,'Operador de rov',18342),(62464,'Mergulhador',18343),(62465,'Operador de equipamento de dragagem',18344),(62466,'Operador de guindaste fixo sobre vagões de plataformas flutuantes',18345),(62467,'Guindasteiro',18345),(62468,'Guincheiro',18345),(62469,'Operador de ship loader',18345),(62470,'Operador de grua (móvel)',18346),(62471,'Maquinista ferroviário',18347),(62472,'Operador de máquinas e equipamentos rodoferroviários',18347),(62473,'Sinaleiro de campo nas operações de máquinas e equipamentos de elevações',18352),(62474,'Portaló nas operações de máquinas e equipamentos de elevação',18352),(62475,'Sinaleiro (orientação de guindastes e equipamentos similares)',18352),(62476,'Ajudante de guincheiro',18353),(62477,'Ajudante de operador de guincho',18353),(62478,'Operador de guincho',18353),(62479,'Operador de máquina-elevador',18353),(62480,'Doqueiro',18354),(62481,'Operador de empilhadeira elétrica',18355),(62482,'Operador de máquina  empilhadeira',18355),(62483,'Motorista de empilhadeira',18355),(62484,'Chofer',18356),(62485,'Motorista  no serviço doméstico',18356),(62486,'Motorista de automóveis',18356),(62487,'Motorista particular',18356),(62488,'Motorista segurança',18356),(62489,'Motorista vigilante',18356),(62490,'Motorista de kombi',18357),(62491,'Motorista de perua',18357),(62492,'Motorista entregador',18357),(62493,'Motorista de carro forte',18357),(62494,'Motorista socorrista',18357),(62495,'Motorista manipulador',18357),(62496,'Motorista de carga a frete',18357),(62497,'Condutor de veículo de carga',18357),(62498,'Motorista auxiliar',18357),(62499,'Motorista auxiliar de tráfego',18357),(62500,'Motorista de ambulância',18357),(62501,'Motorista de furgão',18357),(62502,'Condutor de táxi',18358),(62503,'Motorista de praça',18358),(62504,'Taxista',18358),(62505,'Taxeiro',18358),(62506,'Chofer de praça',18358),(62507,'Carreteiro (caminhoneiro de caminhão-carreta)',18362),(62508,'Caminhoneiro operador de caminhão-betoneira',18362),(62509,'Caminhoneiro de caminhão pipa',18362),(62510,'Caminhoneiro caçambeiro',18362),(62511,'Caminhoneiro de basculante',18362),(62512,'Caminhoneiro de caminhão basculante',18362),(62513,'Caminhoneiro',18362),(62514,'Caminhoneiro carreteiro (transporte animal)',18362),(62515,'Caminhoneiro gaioleiro (gado)',18362),(62516,'Caminhoneiro carreteiro',18362),(62517,'Caminhoneiro de caminhão leve',18362),(62518,'Caminhoneiro de caminhão-tanque',18362),(62519,'Caminhoneiro de caminhão-betoneira',18362),(62520,'Motorista carreteiro',18363),(62521,'Motorista de caminhão',18363),(62522,'Motorista de caminhão leve',18363),(62523,'Carreteiro (motorista de caminhão-carreta)',18363),(62524,'Carreteiro (transporte de animal)',18363),(62525,'Motorista de caminhão-tanque',18363),(62526,'Motorista de caminhão-betoneira',18363),(62527,'Motorista operador de caminhão-betoneira',18363),(62528,'Motorista de caminhão-pipa',18363),(62529,'Caçambeiro',18363),(62530,'Motorista de basculante',18363),(62531,'Motorista de caminhão-basculante',18363),(62532,'Gaioleiro (gado)',18363),(62533,'Manobrista de veículos pesados sobre rodas',18363),(62534,'Motorista de caminhão-guincho leve',18364),(62535,'Motorista de caminhão-guincho médio',18364),(62536,'Motorista de caminhão-guincho pesado com munk',18364),(62537,'Motorista de caminhão-guindaste',18364),(62538,'Motorista de caminhão-guincho pesado',18364),(62539,'Piloto de trem de metrô',18365),(62540,'Operador de locomotiva',18366),(62541,'Maquinista de locomotiva',18366),(62542,'Operador de trem metropolitano',18367),(62543,'Operador de locomotiva (transporte metropolitano)',18367),(62544,'Operador de bonde',18368),(62545,'Operador de automotriz',18368),(62546,'Ajudante de maquinista de trem',18369),(62556,'Condutor de charrete',18376),(62557,'Cangueiro - carro de boi',18376),(62558,'Carroceiro',18376),(62559,'Charreteiro',18376),(62560,'Cocheiro',18376),(62561,'Condutor de carroça',18376),(62562,'Comboieiro',18377),(62563,'Arreador',18377),(62564,'Cargueiro',18377),(62565,'Carreiro',18377),(62566,'Arrieiro',18377),(62567,'Sota',18377),(62568,'Bruaqueiro',18377),(62569,'Muladeiro',18377),(62570,'Cangalheiro',18377),(62571,'Cambiteiro',18377),(62572,'Condutor de boiada',18378),(62573,'Chamador de bois',18378),(62574,'Condutor de bois',18378),(62575,'Guieiro',18378),(62576,'Madrinheiro',18378),(62577,'Ciclista de carga',18379),(62578,'Agente de estação (manobras)',18380),(62579,'Chefe de manobra - no transporte ferroviário',18381),(62580,'Operador de manobras (auxiliar de ferrovias)',18381),(62581,'Manobreiro de trem',18381),(62582,'Manobrador de ferrovia',18381),(62583,'Manobrador de trem',18381),(62584,'Manobreiro de ferrovia',18381),(62585,'Manobrista de ferrovia',18381),(62586,'Manobrista de trem',18381),(62587,'Maquinista de manobras',18381),(62588,'Auxiliar de serviços no aeroporto',18382),(62589,'Despachante de bagagens em aeroportos',18382),(62590,'Carregador de caminhão',18384),(62591,'Carregador de vagões',18384),(62592,'Carregador e descarregador de caminhões',18384),(62593,'Chapa de caminhão',18384),(62594,'Chapa arrumador de caminhões',18384),(62595,'Chapa (movimentador de mercadoria)',18384),(62596,'Ajudante de embarque de carga',18385),(62597,'Operador de carga e descarga',18385),(62598,'Portuário',18385),(62599,'Encarregado de serviço portuário',18385),(62600,'Ajudante de operação portuária',18385),(62601,'Bagrinho (movimentador de mercadorias de porto)',18385),(62602,'Cacimbeiro (estivador)',18385),(62603,'Capataz de estiva',18385),(62604,'Encarregado de serviços de cais',18385),(62605,'Ajudante de carga e descarga de mercadoria',18386),(62606,'Entregador de bebidas (ajudante de caminhão)',18386),(62607,'Entregador de gás (ajudante de caminhão)',18386),(62608,'Carimbador, a mão',18387),(62609,'Enchedor de bandejas',18387),(62610,'Engradador',18387),(62611,'Ensacador',18387),(62612,'Montador de caixa de papelão',18387),(62613,'Montador de embalagens',18387),(62614,'Classificador de embalagens (manual)',18387),(62615,'Ajudante de embalador',18387),(62616,'Ajudante de encaixotador',18387),(62617,'Colador de caixas',18387),(62618,'Embrulhador',18387),(62619,'Empacotador, a mão',18387),(62620,'Encaixotador, a mão',18387),(62621,'Amarrador de embalagens',18387),(62622,'Etiquetador, a mão',18387),(62623,'Operador de máquina pneumática',18388),(62624,'Operador de máquina de empacotar',18388),(62625,'Operador de máquina de enlatar',18388),(62626,'Operador de máquina a vácuo',18388),(62627,'Ajudante de ensacador, a máquina',18388),(62628,'Empacotador, a máquina',18388),(62629,'Inspetor de material de embalagem',18388),(62630,'Lacrador de embalagens, a  máquina',18388),(62631,'Operador de embalagem, a máquina',18388),(62632,'Operador de máquina de embalar',18388),(62633,'Operador de máquina de embrulhar',18388),(62634,'Marcador de fardos',18389),(62635,'Marcador de preços',18389),(62636,'Operador de máquina de rotular',18389),(62637,'Rotulador',18389),(62638,'Seladeira',18389),(62639,'Carimbador, a máquina',18389),(62640,'Colador de rótulos em caixas',18389),(62641,'Etiquetador',18389),(62642,'Etiquetador de embalagem',18389),(62643,'Marcador de caixas',18389),(62644,'Marcador de embalagem',18389),(62645,'Ajudante de engarrafamento',18390),(62646,'Arrolhador',18390),(62647,'Engarrafador',18390),(62648,'Operador de máquina de engarrafamento',18390),(62649,'Ajudante de enfardamento',18391),(62650,'Costurador de fardos',18391),(62651,'Enfardador',18391),(62652,'Prensador de sacos',18391),(62653,'Operador de prensa de fardos',18391),(62654,'Operador de processo de produção',18392),(62655,'Auxiliar de linha de produção',18392),(62656,'Abastecedor de linha de produção',18392),(62657,'Abastecedor de máquinas de linha de produção',18392),(62658,'Alimentador de esteiras (preparação de alimentos e bebidas)',18392),(62659,'Alimentador de máquina automática',18392),(62660,'Supervisor de operação (indústria petroquímica e carboquímica)',18393),(62661,'Chefe de centrifugação',18394),(62662,'Encarregado de misturas de divisão de corantes e produtos químicos',18394),(62663,'Encarregado de produção química',18394),(62664,'Supervisor de produção química',18394),(62665,'Mestre de acabamento de peças (plástico e borracha)',18395),(62666,'Chefe de setor de plásticos',18395),(62667,'Encarregado de setor de borracha',18395),(62668,'Supervisor de produção de sólidos (produção farmacêutica)',18396),(62669,'Supervisor de produção de semi-sólidos (produção farmacêutica)',18396),(62670,'Supervisor de produção de líquidos (produção farmacêutica)',18396),(62671,'Supervisor de processamento (produção farmacêutica)',18396),(62672,'Supervisor de embalagem (produção farmacêutica)',18396),(62673,'Supervisor de fabricação (produção farmacêutica)',18396),(62674,'Supervisor de produção (produção farmacêutica)',18396),(62675,'Mantenedor operacional de processos químicos e petroquímicos',18397),(62676,'Técnico de operação em processos químicos e petroquímicos',18397),(62677,'Técnico de processo petroquímico (operador de equipamentos)',18397),(62678,'Operador industrial nas instalações químicas, petroquímicas e afins',18398),(62679,'Operador de moinho (tratamentos químicos e afins)',18399),(62680,'Operador de estação de mistura (tratamentos químicos e afins)',18400),(62681,'Operador de mistura (tratamentos químicos e afins)',18400),(62682,'Operador de central de britagem (tratamentos químicos e afins)',18401),(62683,'Operador de máquina trituradora (tratamentos químicos e afins)',18401),(62684,'Operador de fabricação de tintas e vernizes',18403),(62685,'Operador de reatores (fabricação de vernizes e resinas)',18403),(62686,'Misturador de tintas',18404),(62687,'Operador de fabricação de tintas',18404),(62688,'Operador de forno de calcinação',18405),(62689,'Operador de forno termoelétrico para elétrodos de grafite',18405),(62690,'Operador de sistema de calcinação',18405),(62691,'Calcinador',18405),(62692,'Ajudante de operador de centrífugas',18407),(62693,'Operador de equipamentos de centrifugar',18407),(62694,'Centrifuguista',18407),(62695,'Operador de centrífuga (tratamentos químicos e afins)',18407),(62696,'Operador de máquinas de centrifugar (tratamentos químicos e afins)',18407),(62697,'Operador de máquinas (exploração de petróleo)',18408),(62698,'Operador de filtragem (exploração de petróleo)',18408),(62699,'Operador de equipamentos (exploração de petróleo)',18408),(62700,'Operador de processos (exploração de petróleo)',18408),(62701,'Operador de filtragem (mineração)',18409),(62702,'Operador de equipamentos de secagem (mineração)',18409),(62703,'Operador de filtro rotativo',18410),(62704,'Operador de máquina de filtro rotativo (tratamentos químicos)',18410),(62705,'Operador de tambor rotativo',18410),(62706,'Operador de filtragem (filtro de tambor rotativo)',18410),(62707,'Ajudante de filtrador (filtro-prensa)',18412),(62708,'Operador de equipamentos (filtro-prensa para tratamentos químicos)',18412),(62709,'Filtrador de goma',18412),(62710,'Operador de estação de filtragem (filtro-prensa)',18412),(62711,'Operador de filtro-prensa',18412),(62712,'Operador de equipamentos de parafinar',18413),(62713,'Parafinador',18413),(62714,'Parafineiro',18413),(62715,'Operador de filtragem de parafina',18413),(62716,'Preparador de anéis de parafina',18413),(62717,'Alcatroeiro',18414),(62718,'Destilador de glicerina',18415),(62719,'Operador de destilação (produtos químicos)',18415),(62720,'Destilador de produtos de perfumaria',18415),(62721,'Destilador de produtos químicos e afins',18415),(62722,'Operador auxiliar de destilação',18415),(62723,'Destilador de resinas',18415),(62724,'Destilador',18416),(62725,'Operador de reator (produtos quimicos exceto petróleo)',18417),(62726,'Operador de produção de álcool',18418),(62727,'Destilador de álcool',18418),(62728,'Ajudante de evaporador na destilação',18419),(62729,'Operador de utilidades (petróleo)',18420),(62730,'Operador de processo (petróleo)',18420),(62731,'Operador industrial especializado (petróleo)',18420),(62732,'Operador de processamento (transferência e estocagem de petróleo)',18421),(62733,'Bombeador (refinação de petróleo)',18421),(62734,'Operador de bomba (refinação de petróleo)',18421),(62735,'Operador de destilação de amônia',18424),(62736,'Ajudante de destilação de amônia',18424),(62737,'Operador de destilação de enxofre',18424),(62738,'Operador de tratamento residual',18424),(62739,'Operador de tratamento de gás (coque)',18424),(62740,'Operador de carboquímico',18424),(62741,'Operador de tratamento de gás',18428),(62742,'Operador de preservação de área carboquímicos',18428),(62743,'Operador de controle térmico',18428),(62744,'Operador de controle de produção de carboquímico',18428),(62745,'Operador de bambury',18432),(62746,'Cilindrista de borracha',18433),(62747,'Confeccionador de câmaras de ar',18434),(62748,'Confeccionador de pneus',18434),(62749,'Modelador de pneumáticos',18434),(62750,'Moldador de parafinas',18436),(62751,'Calandreiro de plástico',18437),(62752,'Cilindrista de plástico',18437),(62753,'Modador-prensista (borracha)',18438),(62754,'Moldador de borracha',18438),(62755,'Moldador prensista (borracha)',18438),(62756,'Prensista de borracha',18438),(62757,'Moldador de plástico',18439),(62758,'Prensista de plástico',18439),(62759,'Injetor de plástico',18440),(62760,'Operador de injetora de plástico',18440),(62761,'Extrusor de borracha',18441),(62762,'Operador de extrusora de borracha e plástico',18441),(62763,'Operador de trefila (borracha)',18441),(62764,'Drageador',18443),(62765,'Drageador manipulador',18443),(62766,'Manipulador de seção de comprimidos e drágeas',18443),(62767,'Trabalhador de fabricação de comprimidos e drágeas',18443),(62768,'Fraldeiro',18445),(62769,'Confeccionador de estalinho',18446),(62770,'Confeccionador de foguetes',18446),(62771,'Arrematador de fogos',18446),(62772,'Fabricador de baladas',18446),(62773,'Fabricador de fogos de artifício',18446),(62774,'Operador industrial (química, petroquímica e afins)',18449),(62775,'Operador especializado de extrusora',18450),(62776,'Operador de processo de golfragem',18451),(62777,'Operador de manufaturado (química, petroquímica e afins)',18452),(62778,'Operador de máquina de arame',18452),(62779,'Supervisor de calcinação',18457),(62780,'Supervisor de pátio e sucata',18457),(62781,'Supervisor de dessulfuração',18457),(62782,'Supervisor de lingotamento',18457),(62783,'Supervisor de convertedor',18457),(62784,'Supervisor de forno-panela',18457),(62785,'Supervisor de alto-forno',18458),(62786,'Mestre de forno de resistência',18459),(62787,'Supervisor de linhas de acabamento',18460),(62788,'Supervisor de laminador de bloco e tarugos',18460),(62789,'Supervisor de forno-poço',18460),(62790,'Supervisor de laminador desbastador',18460),(62791,'Assistente técnico na fabricação de produtos de cerâmica, porcelanatos e afins',18461),(62792,'Supervisor de produção na fabricação de produtos de cerâmica, porcelanatos e afins',18461),(62793,'Chefe de produção na fabricação de produtos de cerâmica, porcelanatos e afins',18461),(62794,'Encarregado de produção na fabricação de produtos de cerâmica, porcelanatos e afins',18461),(62795,'Gerente de produção na fabricação de produtos de cerâmica, porcelanatos e afins',18461),(62796,'Gerente de produção na fabricação de produtos de vidro',18462),(62797,'Encarregado de produção na fabricação de produtos de vidros',18462),(62798,'Supervisor de produção na fabricação de produtos de vidro',18462),(62799,'Chefe de produção na fabricação de produtos de vidro',18462),(62800,'Operador de centro de controle de sinterização e pátios',18463),(62801,'Operador de centro de controle e equipamentos da sinterização',18463),(62802,'Operador de centro de controle e matéria-prima para sinterizar',18463),(62803,'Operador de forno de sinterizar',18464),(62804,'Operador de sinterização',18464),(62805,'Operador de inspeção de alto-forno',18465),(62806,'Ajudante de forneiro',18465),(62807,'Carregador de alto-forno',18465),(62808,'Forneiro auxiliar (alto-forno)',18465),(62809,'Forneiro de alto-forno',18465),(62810,'Forneiro de recuperação de resíduos',18465),(62811,'Operador de alto-forno',18465),(62812,'Operador de carregamento de alto-forno',18465),(62813,'Operador de centro de controle de alto-forno',18465),(62814,'Forneiro conversor a oxigênio',18466),(62815,'Operador de forno (conversor a oxigênio)',18466),(62816,'Operador de forno de tratamento térmico elétrico',18467),(62817,'Operador de forno elétrico',18467),(62818,'Operador de forno de indução elétrica',18467),(62819,'Forneiro (fundição)',18468),(62820,'Forneiros de não-ferrosos',18468),(62821,'Operador de forno (refino de metais não-ferrosos)',18468),(62822,'Fundidor (depuração e refinação de metais não-ferrosos)',18468),(62823,'Operador de basculamento de convertedor',18470),(62824,'Auxiliar de dessulfuração e estação de mistura',18471),(62825,'Operador de dessulfurador de gusa',18471),(62826,'Operador de recebimento de gusa',18472),(62827,'Líder de recebimento de gusa',18472),(62828,'Operador de conservação de canais',18473),(62829,'Preparador de área de corrida',18473),(62830,'Líder de área de corrida',18473),(62831,'Controlador de carro torpedo',18473),(62832,'Auxiliar de desgaseificação',18474),(62833,'Líder de convertedor',18475),(62834,'Operador de sopragem',18475),(62835,'Controlador de laminação',18476),(62836,'Operador de laminação',18476),(62837,'Operador de laminador de encruamento',18476),(62838,'Operador de laminador de placas',18476),(62839,'Operador de cardas de chapas grossas',18478),(62840,'Operador de laminador de tiras a quente',18478),(62841,'Operador de máquina de laminação (a quente)',18478),(62842,'Operador de leito de chapas grossas',18478),(62843,'Laminador de metais não-ferrosos',18479),(62844,'Líder de produção, no acabamento de chapas e metais',18483),(62845,'Operador de desbobinadeira da linha de decapagem',18486),(62846,'Operador de desbobinadeiras de tiras a quente e a frio',18486),(62847,'Operador de jato de areia',18489),(62848,'Operador de jato de granalha',18489),(62849,'Líder de linhas de tesoura, no acabamento de chapas e metais (tiras a frio)',18490),(62850,'Operador de tesoura volante e guilhotina, no acabamento de chapas e metais',18490),(62851,'Picotador de flandres',18490),(62852,'Líder de linhas de tesoura de tiras a quente e a  frio',18490),(62853,'Operador de carro de aparas',18490),(62854,'Operador de máquina de corte a gás',18490),(62855,'Operador de tesoura desbastadora, no acabamento chapas e metais',18490),(62856,'Operador de tesoura elétrica, no acabamento de chapas e metais',18490),(62857,'Operador de tesoura pendular, no acabamento de chapas e metais',18490),(62858,'Operador de tesoura rotativa, no acabamento de chapas e metais',18490),(62859,'Operador de tesoura sucata',18490),(62860,'Operador de tesoura transversal, no acabamento de chapas e metais',18490),(62861,'Ajudante de pátio de sucata',18491),(62862,'Controlador de pátio de sucata',18491),(62863,'Selecionador de sucatas',18491),(62864,'Ajudante de rebarbação (metais)',18492),(62865,'Ajustador de rebarbador',18492),(62866,'Esmerilador de metais',18492),(62867,'Limpador de metais',18492),(62868,'Operador de esmeril, no rebarbamento de metal',18492),(62869,'Operador de esmeril e serra de disco, no acabamento de metal',18492),(62870,'Operador de esmeril fixo, no rebarbamento de metal',18492),(62871,'Operador de esmerilador de trilhos, no acabamento de metais',18492),(62872,'Forneiro auxiliar de cubilô',18493),(62873,'Operador de forno cubilô',18493),(62874,'Operador de forno-poço',18494),(62875,'Forneiro de fundição',18495),(62876,'Forneiro metalúrgico',18495),(62877,'Forneiro fundidor de metais',18495),(62878,'Operador de forno metalúrgico',18495),(62879,'Operador de forno de tratamento térmico',18496),(62880,'Operador de forno de espera',18497),(62881,'Preparador de ligas na metalurgia',18497),(62882,'Forneiro de têmpera',18497),(62883,'Forneiro de forno revérbero',18497),(62884,'Carregador de forno de segunda fusão e reaquecimento',18497),(62885,'Forneiro de metais ferrosos e não-ferrosos (preparação de ligas)',18497),(62886,'Forneiro de retêmpera',18497),(62887,'Operador de revérbero',18497),(62888,'Preparador de massa abrasiva',18498),(62889,'Preparador de mistura abrasiva',18498),(62890,'Preparador de composição de matéria-prima (vidro)',18499),(62891,'Operador de moinhos (argila)',18500),(62892,'Preparador de argila',18500),(62893,'Preparador de massa de argila em cerâmica',18500),(62894,'Preparador de massa de argila em olaria',18500),(62895,'Preparador de massa refratária (revestimento de forno)',18500),(62896,'Preparador de massa cerâmica',18501),(62897,'Preparador de esmalte vítreo',18502),(62898,'Preparador de aditivos e massas refratárias',18503),(62899,'Ajudante de extrusão de fibras de vidro',18505),(62900,'Fibrador (fabricação de fibra de vidro)',18505),(62901,'Misturador de fios de fibras de vidro',18505),(62902,'Operador de extrusora (vidro)',18505),(62903,'Forneiro de vidro',18506),(62904,'Fundidor vidreiro',18506),(62905,'Vidreiro',18506),(62906,'Operador de forno (fundição de vidro)',18506),(62907,'Operador de forno de recozimento (vidro)',18507),(62908,'Manipulador de moldados (abrasivos)',18508),(62909,'Prensista de rebolo de diamante',18508),(62910,'Ajudante de banhos (vidros)',18509),(62911,'Garrafeiro (fabricação)',18510),(62912,'Soprador de vidro (a máquina)',18510),(62913,'Ampoleiro (jarras e garrafas térmicas)',18511),(62914,'Operador de máquina de esticar varetas ou tubos de vidro',18511),(62915,'Operador de máquina extrusora de vidro',18511),(62916,'Operador de máquina extrusora de fibra de vidro',18511),(62917,'Operador de cerâmica (fundição de vidro)',18512),(62918,'Operador de máquina de moldar vidro',18512),(62919,'Vazador de vidro fundido',18512),(62920,'Vazador de vidro fundido em moldes',18512),(62921,'Forneiro temperador',18513),(62922,'Confeccionador de lixas',18514),(62923,'Trabalhador  na fabricação de pedras abrasivas',18514),(62924,'Trabalhador na fabricação de rebolos',18514),(62925,'Trabalhador da fabricação de lixa',18514),(62926,'Trabalhador na fabricação de esmeris',18514),(62927,'Classificador e empilhador de tijolos e telhas',18515),(62928,'Forneiro de material de construção (telhas e tijolos)',18516),(62929,'Operador de forno de cerâmica (materiais de construção)',18516),(62930,'Trabalhador  na fabricação de artefatos de cimento amianto',18517),(62931,'Operador de máquina na fabricação de artefatos de cimento',18517),(62932,'Auxiliar de fabricação nas indústrias de artefatos de cimento',18517),(62933,'Trabalhador na fabricação de artefatos de cimento',18518),(62934,'Fundidor de pedras artificiais',18519),(62935,'Graniteiro',18519),(62936,'Cortador de telhas',18520),(62937,'Manilheiro - na fabricação',18520),(62938,'Telheiro',18520),(62939,'Cortador de tijolos',18521),(62940,'Desempenador em olaria',18521),(62941,'Encaierador de tijolos',18521),(62942,'Enfornador de tijolos',18521),(62943,'Forneiro - em olaria',18521),(62944,'Marombeiro',18521),(62945,'Operador de máquina de cortar tijolos e telhas',18521),(62946,'Operador de maromba',18521),(62947,'Ajudante de fábrica de tijolos',18521),(62948,'Operador de prensa - em olaria',18521),(62949,'Prensista de telhas e tijolos',18521),(62950,'Queimador - em olaria',18521),(62951,'Tijoleiro',18521),(62952,'Barrerista',18521),(62953,'Desbarbeador de tijolos',18521),(62954,'Desenfornador de tijolo e telha',18521),(62955,'Gradeiro',18521),(62956,'Operador de secador da fabricação cerâmica',18521),(62957,'Sabugueiro',18521),(62958,'Ajudante de oleiro',18521),(62959,'Amassador - em olaria',18521),(62960,'Barreiro',18521),(62961,'Batedor - em olaria',18521),(62962,'Batedor de tijolos - na fabricação',18521),(62963,'Chapeador de tijolos',18521),(62964,'Cortador de barro',18521),(62965,'Coordenador de turno - área de papel',18522),(62966,'Supervisor de produção de celulose',18522),(62967,'Chefe de acabamento de papel',18522),(62968,'Contramestre (indústria de celulose, papel e papelão)',18522),(62969,'Coordenador de turno - área de fibras',18522),(62970,'Supervisor de pátio de madeira',18522),(62971,'Supervisor de recuperação de produtos químicos',18522),(62972,'Supervisor de processo de fibras, quimicos e madeira',18522),(62973,'Supervisor de fibras e utilidades',18522),(62974,'Supervisor de papel e acabamento',18522),(62975,'Supervisor de produção de papel',18522),(62976,'Supervisor de máquinas para fabricar papel',18522),(62977,'Mestre de fabricação e montagem de caixas (papelão)',18522),(62978,'Refinador de pasta/celulose  para fabricação de papel',18523),(62979,'Condutor de máquina de secagem na fabricação de pasta/celulose',18523),(62980,'Preparador de massa para fabricação de papel',18523),(62981,'Branqueador de pasta  de celulose para fabricação de papel',18524),(62982,'Operador de processos de semibranqueamento de pasta/celulose',18524),(62983,'Operador de sdcd',18524),(62984,'Ajudante de fabricação de celulose',18527),(62985,'Condutor de máquina de secagem de celulose',18527),(62986,'Operador de supercalandra',18528),(62987,'Condutor de máquina de papel (fase úmida)',18530),(62988,'Condutor  em fábrica de papel',18532),(62989,'Operador de máquina de fabricar papel',18532),(62990,'Operador de onduladora de papel',18532),(62991,'Condutor de máquina de fabricar papel e papelão',18532),(62992,'Rebobinador na fabricação de papel e papelão',18533),(62993,'Operador de máquina de cartonagem',18534),(62994,'Confeccionador de caixas de papelão',18534),(62995,'Confeccionador de caixas de papelão, a máquina',18534),(62996,'Cartonageiro - nas indústrias gráficas',18534),(62997,'Caroneiro - em cartonagem',18534),(62998,'Cartonageiro - em cartonagem',18534),(62999,'Confeccionador de artigos de papel e papelão',18535),(63000,'Confeccionador de bolsas de papel',18535),(63001,'Confeccionador de produtos de papel e papelão',18535),(63002,'Confeccionador de sacolas de papel',18535),(63003,'Confeccionador de sacos de papel',18535),(63004,'Operador de máquina de cortar, colar e dobrar papel',18535),(63005,'Operador de máquina de cortar, colar e dobrar celofane e similar',18536),(63006,'Operador de prensa a fabricação de papel',18538),(63007,'Confeccionador de caixas de papelão, a mão',18539),(63008,'Mestre chocolateiro',18540),(63009,'Mestre de massas alimentícias',18540),(63010,'Mestre de conservas',18540),(63011,'Encarregado de moinho',18540),(63012,'Mestre da indústria de produtos alimentícios',18540),(63013,'Chefe de fabricação de chocolate',18540),(63014,'Mestre padeiro',18540),(63015,'Mestre cervejeiro',18541),(63016,'Mestre de engarrafamento (bebidas)',18541),(63017,'Mestre da indústria de bebidas',18541),(63018,'Encarregado de abridores (fumo)',18542),(63019,'Encarregado de fumo desfiado',18542),(63020,'Encarregado de qualidade de fumo',18542),(63021,'Encarregado de preparação de talo (indústria de fumo)',18542),(63022,'Encarregado fabricação de cigarros',18542),(63023,'Mestre de preparação de fumo',18542),(63024,'Mestre da indústria de fumo',18542),(63025,'Mestre doceiro',18543),(63026,'Moendeiro (farinheiro)',18544),(63027,'Operador de moinho de farinha crua',18544),(63028,'Moedor de condimento',18545),(63029,'Moedor de especiarias',18545),(63030,'Operador de moinho de especiarias',18545),(63031,'Operador de moinho (processo de moagem)',18546),(63032,'Operador de moinho e mistura',18546),(63033,'Ralador de mandioca',18546),(63034,'Moendeiro',18546),(63035,'Moageiro',18546),(63036,'Moedor de farinha',18546),(63037,'Operador de refinaria de sal',18548),(63038,'Beneficiador de sal',18548),(63039,'Forneiro na refrigeração de sal',18548),(63040,'Operador braçal do refino de sal',18548),(63041,'Operador de fábrica de  refino de sal',18548),(63042,'Auxiliares de produção de refinação de sal',18548),(63043,'Encarregado de armazenagem de sal',18548),(63044,'Operador de máquinas de embalagem de sal',18548),(63045,'Operador de evaporador para concentração do xarope na refinação de açúcar',18549),(63046,'Operador de secador na fabricação e refino de açúcar',18549),(63047,'Operador de turbina a vapor na fabricação e refino de açúcar',18549),(63048,'Controlador da velocidade de equipamentos na refinação de açúcar',18550),(63049,'Operador de turbina a vapor na refinação de açúcar',18550),(63050,'Turbineiro na refinação de açúcar',18550),(63051,'Operador de caleadeira na refinação de açúcar',18550),(63052,'Operador de cozedor a vácuo na refinação de açúcar',18550),(63053,'Operador de decantador na refinação de açúcar',18550),(63054,'Operador de enxofreira na refinação de açúcar',18550),(63055,'Operador de filtro na refinação de açúcar',18550),(63056,'Operador de flotador na refinação de açúcar',18550),(63057,'Operador de mexedeira na refinação de açúcar',18550),(63058,'Parozeiro',18551),(63059,'Operador de secador na fabricação de açúcar',18551),(63060,'Preparador de guarnições',18553),(63061,'Preparador de ingredientes (conservação de alimentos)',18553),(63062,'Assistente de cozinhador',18553),(63063,'Cozinhador de alimentos',18553),(63064,'Cozinhador de conservas',18553),(63065,'Cozinhador de molhos e condimentos',18553),(63066,'Cozinheiro salgador',18553),(63067,'Limpador de frutas e legumes para conserva',18555),(63068,'Operador de máquina - na industrialização do pescado',18556),(63069,'Ajudante de esterilização (indústria alimentícia)',18558),(63070,'Operador de autoclave (conservação de alimentos)',18558),(63071,'Operador de instalação para produção de resfriamento de banha',18559),(63072,'Operador de hidrogenação',18559),(63073,'Ajudante de produção de óleos vegetais - na ind. Alimentar',18560),(63074,'Auxiliar de produção de gorduras vegetais comestiveis',18560),(63075,'Operador de extração de oleos e gorduras vegetais',18560),(63076,'Operador de câmaras frigoríficas',18561),(63077,'Prensador de sementes e frutas oleaginosas',18562),(63078,'Graneador',18562),(63079,'Operador de prensadora de frutas',18563),(63080,'Controlador de dosadores de rações',18564),(63081,'Operador de fábrica de rações',18564),(63082,'Trabalhador de limpeza de pescado - na industrialização',18567),(63083,'Operador de desnatadeira (fabricação de laticínios e afins)',18568),(63084,'Operador de máquina de laticínios',18568),(63085,'Operador de pasteurizador',18568),(63086,'Trabalhador da fabricação de laticinio',18568),(63087,'Trabalhador de tratamento de leite',18568),(63088,'Operador de máquina de torrefação de cacau',18573),(63089,'Operador de soque',18574),(63090,'Operador de secador de mate',18574),(63091,'Torrador de chá',18574),(63092,'Aguardenteiro (fabricação)',18575),(63093,'Destilador de bebidas',18575),(63094,'Destilador de licores',18575),(63095,'Filtrador na indústria de bebidas',18576),(63096,'Operador de filtro (cerveja)',18576),(63097,'Cervejeiro (fabricação)',18576),(63098,'Chopeiro',18576),(63099,'Serpenteador',18576),(63100,'Operador de adegas',18577),(63101,'Auxiliar de fermentação',18577),(63102,'Fermentador de cerveja',18577),(63103,'Fermentador de vinho',18577),(63104,'Clarificador de vinhos',18578),(63105,'Fundidor de vinheta',18578),(63106,'Licorista',18578),(63107,'Manipulador de misturas (vinhos)',18578),(63108,'Misturador de vinhos',18578),(63109,'Trabalhador de vinhos achampanhados',18578),(63110,'Vinhateiro',18578),(63111,'Cantineiro (fabricação de vidros)',18578),(63112,'Operador de germinação',18579),(63113,'Cozinhador de extrato de cerveja',18580),(63114,'Cozinheiro de cerveja',18580),(63115,'Operador de sala de brassagem',18580),(63116,'Operador de estufa de secagem de malte',18581),(63117,'Secador de malte',18581),(63118,'Operador de forno de secagem (malte)',18581),(63119,'Misturador de vinagre',18582),(63120,'Ajudante de fabricação - na indústria de bebidas',18583),(63121,'Ajudante de tratamento de preparo de xarope',18583),(63122,'Ajudante xaropeiro',18583),(63123,'Dosador de xaropes',18583),(63124,'Xaropeiro - na indústria de bebidas',18583),(63125,'Ajudante de produção - na indústria de bebidas',18583),(63126,'Forneiro de padaria',18584),(63127,'Enfornador de pão',18584),(63128,'Bolacheiro',18585),(63129,'Laminador de massas alimentícias',18585),(63130,'Preparador de massas alimentícias - na fabricação',18585),(63131,'Misturador de massas alimentícias',18585),(63132,'Operador de preparo de massas (alimentícias)',18585),(63133,'Baleiro (fabricação)',18585),(63134,'Operador de máquina na fabricação de macarrão.',18585),(63156,'Enrolador de charutos',18598),(63157,'Capeador de charutos',18598),(63158,'Charqueador',18600),(63159,'Defumador de pescados',18600),(63160,'Salgador - em charqueada',18601),(63161,'Salgador de pescados',18601),(63162,'Salgador de tripas',18601),(63163,'Salmorador na conservação de alimentos',18601),(63164,'Toucinheiro na conservação de alimentos',18601),(63165,'Manteador na conservação de alimentos',18601),(63166,'Auxiliar de salsicheiro',18602),(63167,'Lingüiceiros na conservação de alimentos',18602),(63168,'Salameiro na conservação de alimentos',18602),(63169,'Salsicheiros na conservação de alimentos',18602),(63170,'Cortador de salsichas',18602),(63171,'Cozedor de salsichas',18602),(63172,'Enchedor de lingüiças',18602),(63173,'Enchedor de salame',18602),(63174,'Fiambreiro na conservação de alimentos',18602),(63175,'Encarregado de frios',18602),(63176,'Operador de máquina de pasteurizar',18603),(63177,'Ajudante de queijeiro',18604),(63178,'Moldeador de queijo',18604),(63179,'Operador de queijeira',18604),(63180,'Operador de batedeira na fabricação de laticínio',18605),(63181,'Operador de máquina de manteiga',18605),(63182,'Ajudante de padeiro',18606),(63183,'Masseiro (padeiro)',18606),(63184,'Panificador',18606),(63185,'Encarregado de padaria',18606),(63186,'Auxiliar de confeitaria',18607),(63187,'Auxiliar de doceiro',18607),(63188,'Padeiro confeiteiro',18607),(63189,'Alfeloeiro',18607),(63190,'Carameleiro',18607),(63191,'Bomboneiro',18607),(63192,'Compoteiro',18607),(63193,'Aprendiz de macarroneiro',18608),(63194,'Cilindreiro de preparação de massa alimentícia',18608),(63195,'Macarroneiro',18608),(63196,'Masseiro de biscoito, macarrão e pão',18608),(63197,'Pasteleiro',18608),(63198,'Pizzaiolo',18608),(63199,'Patisseiro',18608),(63200,'Ajudante de pizzaiolo',18608),(63201,'Ajudante de pasteleiro',18608),(63202,'Sorveteiro',18609),(63203,'Classificador de café',18610),(63204,'Provador de café',18610),(63205,'Selecionador de café',18610),(63206,'Provador de chá',18611),(63207,'Provador de cacau',18612),(63208,'Classificador de vinhos',18613),(63209,'Degustador de bebidas',18613),(63210,'Provador de bebidas',18613),(63211,'Provador de licores',18613),(63212,'Provador de vinhos',18613),(63213,'Classificador de bebida',18613),(63214,'Classificador de licores',18613),(63215,'Degolador em matadouro',18615),(63216,'Encarregado de matadouro',18615),(63217,'Esfolador em matadouro',18615),(63218,'Frangueiro em matadouro',18615),(63219,'Marreteiro em matadouro',18615),(63220,'Marreteiro (indústria alimentar)',18615),(63221,'Matador (magarefe)',18615),(63222,'Operador de abate em matadouro',18615),(63223,'Operador de setor de matanças de gado',18615),(63224,'Abatedor  em matadouro',18615),(63225,'Sangrador (magarefe)',18615),(63226,'Talhador em matadouro',18615),(63227,'Marchante',18615),(63228,'Abatedor de animais',18615),(63229,'Abatedor de aves',18615),(63230,'Abatedor de gado',18615),(63231,'Abatedor de galinha',18615),(63232,'Abatedor de porco',18615),(63233,'Picador em açougue',18616),(63234,'Açougueiro retalhista',18616),(63235,'Supervisor de açougue',18616),(63236,'Talhador em açougue',18616),(63237,'Ajudante de açougueiro (comércio)',18616),(63238,'Cortador de carne em açougue',18616),(63239,'Balconista de açougue',18616),(63240,'Encarregado de açougue',18616),(63241,'Desnucador em matadouro',18617),(63242,'Açougueiro desossador',18617),(63243,'Desqueixador em matadouro',18617),(63244,'Dessebador em matadouro e açougues',18617),(63245,'Escarnador em matadouro e açougue',18617),(63246,'Operador de máquina de escarnar',18617),(63247,'Fateiro em matadouro',18617),(63248,'Auxiliar de desossador',18617),(63249,'Cabeceiro  em matadouro',18617),(63250,'Desorelhador em matadouro',18617),(63251,'Despansador em matadouro',18618),(63252,'Açougueiro classificador (exclusive comércio)',18618),(63253,'Coxãozeiro em matadouro',18618),(63254,'Pescoceiro em matadouro',18618),(63255,'Quarteador em matadouro',18618),(63256,'Lombador em matadouro',18618),(63257,'Arrancador em matadouro',18618),(63258,'Arreador em matadouro',18618),(63259,'Auxiliar de magarefe',18618),(63260,'Classificador de carnes',18618),(63261,'Classificador de carnes em matadouro',18618),(63262,'Cangoteiro em matadouro',18618),(63263,'Açougueiro cortador (exclusive comércio)',18619),(63264,'Estripador (matadouro)',18619),(63265,'Eviscerador em matadouro',18619),(63266,'Extrator de miolos em matadouro',18619),(63267,'Limpador de aves',18619),(63268,'Limpador de carne',18619),(63269,'Limpador de tripas',18619),(63270,'Garreador de mocotó',18619),(63271,'Auxiliar de classificador de carne',18619),(63272,'Miudeiro em matadouro',18619),(63273,'Mocotozeiro em matadouro',18619),(63274,'Picador de carne em matadouro',18619),(63275,'Quarteiro em matadouro',18619),(63276,'Raspador de tripas em matadouro',18619),(63277,'Separador de carnes em matadouro',18619),(63278,'Serrador de chifres',18619),(63279,'Serrador de mocotó',18619),(63280,'Carneador em matadouro e açougue',18619),(63281,'Serrador de parte dianteira',18619),(63282,'Serrador de parte traseira',18619),(63283,'Serrador de peito',18619),(63284,'Serrador de ponta-de-agulha',18619),(63285,'Serrador de porcos',18619),(63286,'Servente de limpeza e desossa em açougue',18619),(63287,'Talhador de carne',18619),(63288,'Trabalhador da extração de tripas e demais vísceras',18619),(63289,'Cortador de carne em matadouro',18619),(63290,'Tripeiro em matadouro',18619),(63291,'Virador em matadouro',18619),(63292,'Descarnador em matadouro',18619),(63293,'Desmanchador  em matadouro',18619),(63294,'Desmanchador exclusive em matadouro',18619),(63295,'Desmembrador de mocotó dianteiro',18619),(63296,'Divisor de cortes em matadouro',18619),(63297,'Preparador de fumo',18620),(63298,'Fermentador de fumo',18620),(63299,'Contramestre de manutenção (serviço de esgotos sanitários)',18621),(63300,'Primeiro oficial de  manutenção eletromecânica (utilidades)',18621),(63301,'Contramestre de manutenção de serviço de esgoto',18621),(63302,'Mestre e contramestre de manutenção de serviço de esgoto',18621),(63303,'Chefe de seção de manutenção eletromecânica (utilidades)',18621),(63304,'Contramestre (distribuição de energia elétrica, gás e água)',18622),(63305,'Supervisor técnico de operação de água e esgoto',18622),(63306,'Supervisor técnico de aplicação e distribuição de gás',18622),(63307,'Contramestre de produção e distribuição de energia elétrica',18622),(63308,'Mestre e contramestre de produção e distribuição de água',18623),(63309,'Supervisor técnico de operação de sistema de geração, transmissão e distribuição de energia elétrica',18623),(63310,'Supervisor técnico de manutenção elétrica (distribuição de energia)',18623),(63311,'Fiscal técnico na geração, transmissão e distribuição de energia elétrica',18623),(63312,'Primeiro oficial de manutenção na geração, transmissão e distribuição de energia elétrica',18623),(63313,'Supervisor de área de operação elétrica',18623),(63314,'Supervisor de manutenção na geração ,transmissão e distribuição de energia elétrica',18623),(63315,'Contramestre (produção de energia elétrica, gás e captação de água)',18623),(63316,'Contramestre de abastecimento, captação e distribuição de água',18623),(63317,'Operador de hidrelétrica e subestações',18624),(63318,'Operador de instalação de produção de energia elétrica',18624),(63319,'Operador de turbinas de central elétrica',18624),(63320,'Operador de usina elétrica',18624),(63321,'Operador de usina hidrelétrica',18624),(63322,'Operador de quadro de alimentação (subestação de distribuição de energia elétrica)',18625),(63323,'Maquinista de usina termoelétrica',18626),(63324,'Operador de usina térmica',18626),(63325,'Operador de usina termogás',18626),(63326,'Operador de usina termonuclear',18627),(63327,'Operador de central termonuclear',18627),(63328,'Operador de usina nuclear',18628),(63329,'Operador de usina hidroelétrica',18628),(63330,'Operador de eclusa',18628),(63331,'Operador de usina termoelétrica',18628),(63332,'Carvoeiro - no transporte ferroviário',18629),(63333,'Foguista de caldeira de trem',18629),(63334,'Foguista de locomotiva',18629),(63335,'Foguista de trem',18629),(63336,'Maquinista foguista',18629),(63337,'Chefe de máquina - no transporte marítimo',18630),(63338,'Controlador de motores - no transporte marítimo',18630),(63339,'Operador de sala de máquinas (embarcações)',18630),(63340,'Operador de gaseificação de carvão',18631),(63341,'Controlador de caldeira',18632),(63342,'Operador de caldeira a vapor',18632),(63343,'Caldeirista',18632),(63344,'Abastecedor de caldeira',18632),(63345,'Compressorista de ar',18633),(63346,'Operador de equipamento de compressor de ar',18633),(63347,'Operador de máquina de compressão de ar',18633),(63348,'Operador de sistema de ar comprimido',18633),(63349,'Operador de casa de bomba',18634),(63350,'Operador de bombas (estação de bombeamento)',18634),(63351,'Operador de oleoduto',18634),(63352,'Manipulador de máquinas fixas',18635),(63353,'Maquinista de máquina fixa',18635),(63354,'Operador de casa de máquinas - exceto embarcações',18635),(63355,'Operadores de tratamento e bombeamento de água',18637),(63356,'Operador de hidrogenação e cloroficação da água',18637),(63357,'Operador de instalação de tratamento de água',18637),(63358,'Operador de sistemas de água',18637),(63359,'Agente técnico de operação na captação, tratamento e distribuição de água',18637),(63360,'Operador de estação elevatória',18638),(63361,'Operador de estação de tratamento de esgoto',18638),(63362,'Operador de utilidades no tratamento de água e efluentes',18638),(63363,'Operador de estação de tratamento de esgotos e resíduos indústriais',18638),(63364,'Operador de estação de tratamento de resíduos indústriais',18638),(63365,'Operador de tratamento de água e esgoto',18638),(63366,'Operador de tratamento de esgoto',18638),(63367,'Operador de estação de tratamento de água',18638),(63368,'Operador de bombas no tratamento de água e efluentes',18638),(63369,'Operador de incinerador',18639),(63370,'Operador de instalação de incineração de resíduos',18639),(63371,'Operador de co-processamento de resíduos',18639),(63372,'Operador de sistema de gás',18640),(63373,'Ajudante de operador de gás',18640),(63374,'Operador de glp',18640),(63375,'Operador mantanedor de compressores de gases',18640),(63376,'Operador de instalação de transferência de gases',18640),(63377,'Operador mecânico de gás',18640),(63378,'Operador de gás',18640),(63379,'Operador de central de refrigeração',18641),(63380,'Operador de compressor de refrigeração',18641),(63381,'Operador de máquina de fabricar gelo',18641),(63382,'Operador de sistema de refrigeração',18641),(63383,'Operador de sistema de climatização',18643),(63384,'Encarregado de turma de manutenção mecânica de sistemas operacionais',18644),(63385,'Mestre de manutenção industrial de máquinas',18644),(63386,'Mestre de manutenção mecânica de sistemas operacionais',18644),(63387,'Supervisores de manutenção de máquinas e equipamentos comerciais e residenciais',18644),(63388,'Chefe de manutenção mecânica de sistemas operacionais',18644),(63389,'Supervisor de manutenção mecânica de sistemas operacionais',18644),(63390,'Coordenador de manutenção mecânica de sistemas operacionais',18644),(63391,'Mestre de manutenção de máquinas de sistemas operacionais',18644),(63392,'Coordenador de manutenção eletrônica',18646),(63393,'Mestre de manutenção de máquinas de estampar tecidos',18648),(63394,'Mestre de manutenção de máquinas de fiação',18648),(63395,'Mestre de manutenção de máquinas de cardas',18648),(63396,'Mestre de manutenção de tecelagem',18648),(63397,'Mestre mecânico de conicaleira',18648),(63398,'Mestre de manutenção de máquinas operatrizes',18649),(63399,'Supervisor de manutenção de veículos de passeio',18650),(63400,'Supervisor de manutenção de veículos de carga',18651),(63401,'Lider de conservação de vias permanentes',18652),(63402,'Contramestre de conservação de vias permanentes',18652),(63403,'Encarregado de conservação de vias permanentes',18652),(63404,'Encarregado de lubrificação de vias permanentes',18653),(63405,'Supervisor de manutenção em lubrificação de vias permanentes',18653),(63406,'Líder de lubrificação de vias permanentes',18653),(63407,'Mecânico de bombas diesel (exceto de veículos automotores)',18654),(63408,'Mecânico de bomba injetora (exceto de veículos automotores)',18654),(63409,'Mecânico de bombas hidráulicas',18655),(63410,'Mecânico de manutenção de bombas centrífugas',18655),(63411,'Mecânico reparador de bombas hidráulicas',18655),(63412,'Mecânico de manutenção de bombas hidráulicas',18655),(63413,'Mecânico de regulagem de motores diesel (exceto de veículos automotores)',18657),(63414,'Mecânico diesel (exceto de veículos automotores)',18657),(63415,'Inspetor de manutenção de motores diesel (exceto de veículos automotores)',18657),(63416,'Afinador de motores diesel  (exceto de veículos automotores)',18657),(63417,'Auxiliar de mecânico diesel (exceto de veículos automotores)',18657),(63418,'Mecânico de afinação de motores diesel (exceto de veículos automotores)',18657),(63419,'Mecânico de manutenção de transmissão',18658),(63420,'Mecânicos de turbinas a vapor e gás',18659),(63421,'Mecânico de turbinas exclusive de avião',18659),(63422,'Mecânico de turbinas e caldeiras',18659),(63423,'Auxiliar mecânico de refrigeração',18661),(63424,'Meio oficial mecânico de ar condicionado',18661),(63425,'Mecânico de manutenção de refrigerador',18661),(63426,'Mecânico de ar-condicionado e refrigeração',18661),(63427,'Mecânico de manutenção de aparelhos de refrigeração',18661),(63428,'Mecânico de manutenção de ar condicionado',18661),(63429,'Auxiliar mecânico de ar condicionado',18661),(63430,'Meio oficial de mecânico de refrigeração',18661),(63431,'Mecânico de máquina de ventilação',18661),(63432,'Ajustador de máquinas de embalagem',18662),(63433,'Mecânico de manutenção (máquinas hidráulicas)',18662),(63434,'Mecânico de manutenção de equipamentos hidropneumáticos',18662),(63435,'Mecânico de manutenção de máquina de calçado',18662),(63436,'Mecânico de manutenção de máquina de curtume',18662),(63437,'Mecânico de manutenção de máquina de embalagem',18662),(63438,'Mecânico de manutenção de máquina de rotular',18662),(63439,'Mecânico de manutenção de máquina industrial',18662),(63440,'Mecânico de manutenção de máquinas de acondicionar',18662),(63441,'Mecânico de manutenção de máquinas de embalagem',18662),(63442,'Mecânico de manutenção hidráulica',18662),(63443,'Mecânico de máquinas de pasteurização',18662),(63444,'Mecânico de máquinas operatrizes (manutenção)',18662),(63445,'Mecânico reparador de máquinas',18662),(63446,'Mestre de manutenção de equipamento de solda',18662),(63447,'Mecânico de fundição (manutenção)',18662),(63448,'Aprendiz de mecânica de manutenção',18662),(63449,'Mecânico de equipamentos industriais',18662),(63450,'Mecânico de gerador',18662),(63451,'Mecânico de instalações industriais (manutenção)',18662),(63452,'Mecânico de manutenção de bombas de refrigeração e hidráulicas',18662),(63453,'Líder de manutenção mecânica',18662),(63454,'Mecânico de manutenção de máquinas industriais',18662),(63455,'Mecânico de manutenção e instalação elétrica',18662),(63456,'Reparador de máquinas',18662),(63457,'Mecânico de caldeiras',18662),(63458,'Mecânico de equipamento pneumático',18662),(63459,'Mecânico de laminação (manutenção)',18662),(63460,'Mecânico de rotativa (indústria gráfica)',18663),(63461,'Mecânico de manutenção de máquinas maçaroqueiras',18665),(63462,'Mecânico de manutenção de teares',18665),(63463,'Mecânico de penteadeiras (máquinas têxteis)',18665),(63464,'Mecânico de urdideira e engomadeira',18665),(63465,'Mecânico de manutenção de espuladeira',18665),(63466,'Mecânico de manutenção de máquinas de costura',18665),(63467,'Reformador de pentes (máquinas têxteis)',18665),(63468,'Mecânico de estamparia (máquinas têxteis)',18665),(63469,'Mecânico de máquinas de fiação',18665),(63470,'Mecânico de malharia (máquinas)',18665),(63471,'Mecânico de manutenção de bobinadeira (indústria têxtil)',18665),(63472,'Mecânico de manutenção de cardas',18665),(63473,'Mecânico de usinagem (manutenção)',18666),(63474,'Mecânico de manutenção de máquinas operatrizes',18666),(63475,'Mecânico de prensas',18666),(63476,'Mecânico de manutenção de máquinas de fundição (usinagem de metais)',18666),(63477,'Mecânico de manutenção de guindaste',18667),(63478,'Mecânico de estiva',18667),(63479,'Mecânico de manutenção de pontes-rolantes',18667),(63480,'Mecânico de ponte-rolante',18667),(63481,'Mecânico de manutenção de empilhadeiras',18667),(63482,'Mecânico de manutenção de britagem',18668),(63483,'Mecânico de mineração',18668),(63484,'Mecânico de máquina para trabalho de minas',18668),(63485,'Mecânico de recravadeira',18668),(63486,'Mecânico de campo',18669),(63487,'Mecânico de máquina agrícola',18669),(63488,'Mecânico de motores agrícolas',18669),(63489,'Mecânico de manutenção de implementos agrícolas',18669),(63490,'Mecânico de equipamento pesado',18670),(63491,'Mecânico de máquinas pesadas (manutenção)',18670),(63492,'Mecânico de perfuratrizes',18670),(63493,'Mecânico de escavadeira',18670),(63494,'Mecânico de manutenção de máquinas de construção civil',18670),(63495,'Ajudante de manutenção de aeronave',18671),(63496,'Técnico em manutenção de aeronaves',18671),(63497,'Ajudante, auxiliar de mecânico de avião',18671),(63498,'Mecânico de aeronaves',18671),(63499,'Mecânico de manutenção de aviões',18671),(63500,'Mecânico de manutenção de helicópteros',18671),(63501,'Mecânico encarregado de manutenção de aeronave',18671),(63502,'Técnico em manutenção de sistema hidráulico de aeronaves',18672),(63503,'Mecânico naval',18673),(63504,'Mecânico de manutenção mariner',18673),(63505,'Operador de produção metroferroviária',18674),(63506,'Artífice de manutenção',18674),(63507,'Agente de manutenção de veículos ferroviários',18674),(63508,'Mecânico de locomotivas e vagões',18674),(63509,'Mecânico de manutenção de locomotiva',18674),(63510,'Mecânico ferroviário',18674),(63511,'Mecânico reparador de vagões',18674),(63512,'Truqueiro (ferrovias)',18674),(63513,'Mecânico de manutenção de motores a álcool',18675),(63514,'Mecânico de radiadores',18675),(63515,'Afinador de motores de automóveis',18675),(63516,'Encarregado de montagem de caixa diferencial',18675),(63517,'Mecânico de automóvel',18675),(63518,'Mecânico de câmbio',18675),(63519,'Mecânico de chassis',18675),(63520,'Mecânico de direção e freios de automóveis',18675),(63521,'Mecânico de freios de automóveis',18675),(63522,'Mecânico de manutenção de automóveis',18675),(63523,'Mecânico de motor de explosão',18675),(63524,'Mecânico de motor a gasolina',18675),(63525,'Mecânico de socorro',18675),(63526,'Mecânico de suspensão',18675),(63527,'Mecânico de testes de automotores',18675),(63528,'Mecânico de veículos',18675),(63529,'Mecânicos de veículos automotores',18675),(63530,'Oficial mecânico de veículos',18675),(63531,'Retificador de motores a diesel',18675),(63532,'Retificador de motores de explosão',18675),(63533,'Retificador de motores a gasolina',18675),(63534,'Retificador de motores de automóveis',18675),(63535,'Retificador de motores de carros',18675),(63536,'Retificador de motores de veículos',18675),(63537,'Reparador de veículos automotores',18675),(63538,'Alinhador de direção',18675),(63539,'Alinhador de rodas',18675),(63540,'Mecânico de amortecedores',18675),(63541,'Mecânico de instalação de freios',18675),(63542,'Retificador de motores a álcool',18675),(63543,'Mecânico de injeção eletrônica',18675),(63544,'Mecânico de auto em geral',18675),(63545,'Auxiliar de mecânico de autos',18675),(63546,'Mecânico de empilhadeira',18676),(63547,'Reparador de empilhadeiras',18676),(63548,'Mecânico de manutenção de máquinas agrícolas (tratores)',18676),(63549,'Mecânico de motocicletas',18677),(63550,'Mecânico de motonetas',18677),(63551,'Reparador de tratores',18678),(63552,'Afinador de motores a diesel',18679),(63553,'Mecânico eletricista de diesel (veículos automotores)',18679),(63554,'Mecânico de automóveis e caminhões',18679),(63555,'Mecânico de diesel e eletricidade',18679),(63556,'Mecânico de manutenção de caminhão a diesel',18679),(63557,'Mecânico de manutenção de ônibus',18679),(63558,'Mecânico de motor a diesel',18679),(63559,'Técnico instrumentista (manutenção de instrumentos de medição e precisão)',18680),(63560,'Instrumentista de laboratório (manutenção)',18680),(63561,'Afinador de piano',18684),(63562,'Técnico em teclado musical',18684),(63563,'Técnico em instrumentos de sopro',18684),(63564,'Mecânico de máquinas fotográficas',18687),(63565,'Técnico em reparação de máquinas fotográficas',18687),(63566,'Auxiliar técnico na reparação de equipamentos fotográficos',18687),(63567,'Técnico em reparação de equipamentos fotográficos',18687),(63568,'Lubrificador de máquinas',18688),(63569,'Mecânico lubrificador de manutenção industrial',18688),(63570,'Lubrificador auxiliar mecânico',18688),(63571,'Mecânico lubrificador industrial',18688),(63572,'Ajudante de lubrificação (indústria)',18688),(63573,'Engraxador de máquinas',18688),(63574,'Auxiliar de lubrificador de veículos',18689),(63575,'Lubrificador de automóveis',18689),(63576,'Lubrificador de máquinas de terraplenagem',18689),(63577,'Mecânico lubrificador (embarcações)',18690),(63578,'Mecânico de manutenção (embarcações)',18690),(63579,'Lubrificador naval',18690),(63580,'Técnico de máquinas (a explosão)',18691),(63581,'Mecânico de motosserra',18691),(63582,'Mecânico',18691),(63583,'Mecânico de manutenção de roçadeiras, motosserras e similares',18691),(63584,'Mecânico de bicicletas',18693),(63585,'Mecânico de manutenção de bicicletas',18693),(63586,'Reparador de bicicletas',18693),(63587,'Mestre de manutenção elétrica (alta tensão)',18695),(63588,'Mestre de manutenção elétrica e equipamentos',18695),(63589,'Encarregado eletricista de instalações',18695),(63590,'Mestre eletricista de manutenção',18695),(63591,'Chefe de manutenção eletromecânica',18696),(63592,'Mestre de manutenção eletromecânica',18696),(63593,'Coordenador técnico de eletromecânica',18696),(63594,'Encarregado de turmas de eletromecânicos',18696),(63595,'Encarregado de turno de manutenção eletromecânica',18696),(63596,'Encarregado eletromecânico de instalações',18696),(63597,'Mestre de manutenção eletromecânica de equipamentos',18696),(63598,'Líder produtivo de manutenção eletroeletrônica veicular',18697),(63599,'Chefe de manutenção eletroeletrônica veicular',18697),(63600,'Supervisor de manutenção industrial',18698),(63601,'Eletricista',18699),(63602,'Eletricista de manutenção em geral',18699),(63603,'Eletricista de manutenção industrial',18699),(63604,'Instalador de alarme',18700),(63605,'Instalador de alarmes residenciais',18700),(63606,'Montador de sistemas eletroeletrônicos de segurança',18700),(63607,'Rastreador de satélite',18701),(63608,'Mecânico eletricista de aviões',18702),(63609,'Especialista em sistema elétrico de aviões',18702),(63610,'Instrumentista de aviões',18702),(63611,'Eletricista de embarcações',18703),(63612,'Mecânico eletricista de automóveis',18704),(63613,'Mecânico eletricista de veículos automotores',18704),(63614,'Eletricista de instalações de veículos automotores',18704),(63615,'Eletricista de veículos de máquinas operatrizes',18704),(63616,'Mecânico de manutenção (equipamento de edifícios)',18708),(63617,'Mecânico de manutenção e eletricista',18709),(63618,'Operador de equipamentos elétricos',18709),(63619,'Operador de manutenção eletromecânica',18709),(63620,'Mecânico de aparelhos domésticos',18710),(63621,'Mecânico de lavadora e secadora',18710),(63622,'Mecânico de refrigeração doméstica',18710),(63623,'Mecânico de fogão',18710),(63624,'Eletrotécnico reparador de aparelhos de som',18711),(63625,'Consertador de rádio',18711),(63626,'Radiotécnico',18711),(63627,'Técnico de rádio (reparo)',18711),(63628,'Antenista',18711),(63629,'Técnico de televisão',18711),(63630,'Mecanógrafo  (mecânico de máquina de escrever)',18712),(63631,'Técnico de calculadora eletrônica',18712),(63632,'Técnico de máquina de escrever elétrica e manual',18712),(63633,'Técnico de máquina de escrever eletrônica',18712),(63634,'Técnico de máquina autenticadora',18712),(63635,'Técnico de máquinas eletrônicas',18712),(63636,'Técnico de impressora (matricial)',18712),(63637,'Técnico de copiadora',18712),(63638,'Mecânico de máquinas de escrever',18712),(63639,'Mecânico de máquinas de escrever e calcular',18712),(63640,'Auxiliar de manutenção de linha férrea',18713),(63641,'Trabalhador de linha férrea',18713),(63642,'Operador de veículos especiais na conservação de vias permanentes (trilhos)',18715),(63643,'Operador de máquinas e veículos especiais na conservação de vias permanentes (trilhos)',18715),(63644,'Mecânico de manutenção de parques de diversões',18717),(63645,'Eletricista de manutenção de parques de diversões',18717),(63646,'Eletrônico de manutenção de parques de diversões',18717),(63647,'Chapista de veículos',18718),(63648,'Soldador de veículos',18718),(63649,'Lanterneiro de automóveis (reparação)',18718),(63650,'Funileiro de automóveis (reparação)',18718),(63651,'Latoeiro de veículos (reparação)',18718),(63652,'Cabineiro de veículos',18719),(63653,'Tapeceiro de veículos',18719),(63654,'Capoteiro',18719),(63655,'Borracheiro auxiliar',18723),(63656,'Consertador de pneus',18723),(63657,'Montador de pneus',18723),(63658,'Emendador de câmaras de ar',18723),(63659,'Auxiliar de jardinagem na conservação de vias permanentes',18729),(63660,'Varredor na conservação de vias permanentes (exceto trilhos)',18729),(63661,'Servente de serviços gerais na conservação de vias permanentes (exceto trilhos)',18729),(63662,'Buerista na conservação de vias permanentes',18729),(63663,'Podador de árvores na conservação de vias permanentes',18729),(63664,'Servente de pedreiro na conservação de vias permanentes (exceto trilhos)',18729),(63665,'Asfaltador na conservação de vias permanentes (exceto trilhos)',18729),(63677,'Auxiliar de cozinha',18738),(63678,'Ajudante de churrasqueiro',18738),(63679,'Auxiliar de pizzaiolo',18738),(63680,'Ajudante de pizzaiolo',18738),(63681,'Ajudante de sushiman',18738),(63682,'Forneiro(pizzaria)',18738),(63683,'Lavador de pratos',18738),(63684,'Ajudante de cozinha',18738),(63685,'Auxiliar de confeiteiro',18738),(63686,'Ajudante de confeiteiro',18738),(63687,'Auxiliar de padeiro',18738),(63688,'Ajudante de padeiro',18738),(63689,'Auxiliar de churrasqueiro',18738),(63690,'Auxiliar de sushiman',18738),(63691,'Salgadeiro',18738),(63692,'Educador de rua',18739),(63693,'Arte educador',18739),(63694,'Instrutor educacional',18739),(63695,'Educador social de rua',18739),(63696,'Orientador sócio educativo',18739),(63697,'Agente de proteção social',18740),(63698,'Agente de proteção social de rua',18740),(63699,'Agente social',18740),(63700,'Conselheiro de dependente químico',18741),(63701,'Consultor em dependência química',18741),(63711,'Preparador de essência de fumo',18748),(63712,'Manipulador de essência e melado (fumo)',18748),(63713,'Melaceador (cultura do fumo)',18748),(63714,'Misturador de essência (fumo)',18748),(63715,'Operador de conjunto de secador de fumo',18749),(63716,'Operador de umidificação',18749),(63717,'Operador de debulhador de fumo',18749),(63718,'Operador de prensa',18749),(63719,'Comprador de fumo',18750),(63720,'Blender de fumo',18750),(63721,'Auxiliar de produção de fumo',18751),(63722,'Operador de máquina de cigarros',18752),(63723,'Operador de máquina de filtros (cigarros)',18752),(63724,'Operador de máquina de encarteiramento (cigarros)',18752),(63725,'Operador de máquina de fabricar cigarros',18752),(63726,'Operador mecânico (cigarros)',18753),(63727,'Mecânico-operador (cigarros)',18753),(63728,'Operador junior (cigarros)',18753),(63729,'Operador malto (cigarros)',18753),(63730,'Operador de linha de produção de preparação de matéria prima para produção de cigarros',18753),(63731,'Operador de equipamentos (cigarros)',18753),(63732,'Marinheiro de convés',18763),(63733,'Contramestre fluvial',18763),(63734,'Moço de convés',18765),(63735,'Marinheiro fluvial de convés',18765),(63736,'Moço de máquinas',18766),(63737,'Marinheiro fluvial de máquinas',18766),(64836,'Acupunturista',19054),(64837,'Acupuntor',19054),(64838,'Técnico corporal em medicina tradicional chinesa',19054),(64839,'Técnico em podologia',19055),(64840,'Quiropráctico',19056),(64841,'Quiropata',19056),(64842,'Quiropraxista',19056),(64843,'Massagista',19057),(64844,'Naturopata',19058),(64845,'Terapeuta alternativo',19058),(64846,'Terapeuta naturalista',19058),(64847,'Homeopata (não médico)',19058);
/*!40000 ALTER TABLE `cbo_synonyms` ENABLE KEYS */;
UNLOCK TABLES;

--
-- Table structure for table `celery_taskmeta`
--

DROP TABLE IF EXISTS `celery_taskmeta`;
/*!40101 SET @saved_cs_client     = @@character_set_client */;
/*!40101 SET character_set_client = utf8 */;
CREATE TABLE `celery_taskmeta` (
  `id` int(11) NOT NULL AUTO_INCREMENT,
  `task_id` varchar(255) NOT NULL,
  `status` varchar(50) NOT NULL DEFAULT 'PENDING',
  `result` longtext,
  `date_done` datetime NOT NULL,
  `traceback` longtext,
  `hidden` tinyint(1) NOT NULL,
  PRIMARY KEY (`id`),
  UNIQUE KEY `task_id` (`task_id`),
  KEY `celery_taskmeta_c91f1bf` (`hidden`)
) ENGINE=MyISAM DEFAULT CHARSET=latin1;
/*!40101 SET character_set_client = @saved_cs_client */;

--
-- Dumping data for table `celery_taskmeta`
--

LOCK TABLES `celery_taskmeta` WRITE;
/*!40000 ALTER TABLE `celery_taskmeta` DISABLE KEYS */;
/*!40000 ALTER TABLE `celery_taskmeta` ENABLE KEYS */;
UNLOCK TABLES;

--
-- Table structure for table `celery_tasksetmeta`
--

DROP TABLE IF EXISTS `celery_tasksetmeta`;
/*!40101 SET @saved_cs_client     = @@character_set_client */;
/*!40101 SET character_set_client = utf8 */;
CREATE TABLE `celery_tasksetmeta` (
  `id` int(11) NOT NULL AUTO_INCREMENT,
  `taskset_id` varchar(255) NOT NULL,
  `result` longtext NOT NULL,
  `date_done` datetime NOT NULL,
  `hidden` tinyint(1) NOT NULL,
  PRIMARY KEY (`id`),
  UNIQUE KEY `taskset_id` (`taskset_id`),
  KEY `celery_tasksetmeta_c91f1bf` (`hidden`)
) ENGINE=MyISAM DEFAULT CHARSET=latin1;
/*!40101 SET character_set_client = @saved_cs_client */;

--
-- Dumping data for table `celery_tasksetmeta`
--

LOCK TABLES `celery_tasksetmeta` WRITE;
/*!40000 ALTER TABLE `celery_tasksetmeta` DISABLE KEYS */;
/*!40000 ALTER TABLE `celery_tasksetmeta` ENABLE KEYS */;
UNLOCK TABLES;

--
-- Table structure for table `client_client`
--

DROP TABLE IF EXISTS `client_client`;
/*!40101 SET @saved_cs_client     = @@character_set_client */;
/*!40101 SET character_set_client = utf8 */;
CREATE TABLE `client_client` (
  `id` varchar(36) NOT NULL,
  `person_id` varchar(36) NOT NULL,
  `idRecord` int(10) unsigned NOT NULL,
  `legacyRecord` varchar(15) NOT NULL,
  `admission_date` date DEFAULT NULL,
  `active` tinyint(1) NOT NULL,
  `comments` longtext NOT NULL,
  PRIMARY KEY (`id`),
  UNIQUE KEY `person_id` (`person_id`)
) ENGINE=MyISAM DEFAULT CHARSET=latin1;
/*!40101 SET character_set_client = @saved_cs_client */;

--
-- Dumping data for table `client_client`
--

LOCK TABLES `client_client` WRITE;
/*!40000 ALTER TABLE `client_client` DISABLE KEYS */;
/*!40000 ALTER TABLE `client_client` ENABLE KEYS */;
UNLOCK TABLES;

--
-- Table structure for table `client_family`
--

DROP TABLE IF EXISTS `client_family`;
/*!40101 SET @saved_cs_client     = @@character_set_client */;
/*!40101 SET character_set_client = utf8 */;
CREATE TABLE `client_family` (
  `id` int(11) NOT NULL AUTO_INCREMENT,
  `client_id` varchar(36) DEFAULT NULL,
  `client_related_id` varchar(36) DEFAULT NULL,
  `relation_level` int(11) DEFAULT NULL,
  `responsible` tinyint(1) NOT NULL,
  `active` tinyint(1) NOT NULL,
  `comment` longtext,
  PRIMARY KEY (`id`),
  KEY `client_family_4a4e8ffb` (`client_id`),
  KEY `client_family_abba5861` (`client_related_id`)
) ENGINE=MyISAM DEFAULT CHARSET=latin1;
/*!40101 SET character_set_client = @saved_cs_client */;

--
-- Dumping data for table `client_family`
--

LOCK TABLES `client_family` WRITE;
/*!40000 ALTER TABLE `client_family` DISABLE KEYS */;
/*!40000 ALTER TABLE `client_family` ENABLE KEYS */;
UNLOCK TABLES;

--
-- Table structure for table `client_maritalstatus`
--

DROP TABLE IF EXISTS `client_maritalstatus`;
/*!40101 SET @saved_cs_client     = @@character_set_client */;
/*!40101 SET character_set_client = utf8 */;
CREATE TABLE `client_maritalstatus` (
  `id` int(11) NOT NULL AUTO_INCREMENT,
  `description` varchar(20) NOT NULL,
  PRIMARY KEY (`id`)
) ENGINE=MyISAM DEFAULT CHARSET=latin1;
/*!40101 SET character_set_client = @saved_cs_client */;

--
-- Dumping data for table `client_maritalstatus`
--

LOCK TABLES `client_maritalstatus` WRITE;
/*!40000 ALTER TABLE `client_maritalstatus` DISABLE KEYS */;
/*!40000 ALTER TABLE `client_maritalstatus` ENABLE KEYS */;
UNLOCK TABLES;

--
-- Table structure for table `client_personlink`
--

DROP TABLE IF EXISTS `client_personlink`;
/*!40101 SET @saved_cs_client     = @@character_set_client */;
/*!40101 SET character_set_client = utf8 */;
CREATE TABLE `client_personlink` (
  `id` varchar(36) NOT NULL,
  `person_id` varchar(36) NOT NULL,
  `relation_id` int(11) NOT NULL,
  `responsible` tinyint(1) NOT NULL,
  PRIMARY KEY (`id`),
  UNIQUE KEY `person_id` (`person_id`),
  KEY `client_personlink_b9eab798` (`relation_id`)
) ENGINE=MyISAM DEFAULT CHARSET=latin1;
/*!40101 SET character_set_client = @saved_cs_client */;

--
-- Dumping data for table `client_personlink`
--

LOCK TABLES `client_personlink` WRITE;
/*!40000 ALTER TABLE `client_personlink` DISABLE KEYS */;
/*!40000 ALTER TABLE `client_personlink` ENABLE KEYS */;
UNLOCK TABLES;

--
-- Table structure for table `client_relation`
--

DROP TABLE IF EXISTS `client_relation`;
/*!40101 SET @saved_cs_client     = @@character_set_client */;
/*!40101 SET character_set_client = utf8 */;
CREATE TABLE `client_relation` (
  `id` int(11) NOT NULL AUTO_INCREMENT,
  `description` varchar(30) NOT NULL,
  PRIMARY KEY (`id`)
) ENGINE=MyISAM AUTO_INCREMENT=9 DEFAULT CHARSET=latin1;
/*!40101 SET character_set_client = @saved_cs_client */;

--
-- Dumping data for table `client_relation`
--

LOCK TABLES `client_relation` WRITE;
/*!40000 ALTER TABLE `client_relation` DISABLE KEYS */;
INSERT INTO `client_relation` VALUES (1,'Pai'),(2,'Mãe'),(3,'Filho'),(4,'Filha'),(5,'Irmão'),(6,'Irmã'),(7,'Primo'),(8,'Prima');
/*!40000 ALTER TABLE `client_relation` ENABLE KEYS */;
UNLOCK TABLES;

--
-- Table structure for table `cnae`
--

DROP TABLE IF EXISTS `cnae`;
/*!40101 SET @saved_cs_client     = @@character_set_client */;
/*!40101 SET character_set_client = utf8 */;
CREATE TABLE `cnae` (
  `id` varchar(30) NOT NULL,
  `cnae_class` varchar(765) NOT NULL,
  PRIMARY KEY (`id`)
) ENGINE=MyISAM DEFAULT CHARSET=latin1;
/*!40101 SET character_set_client = @saved_cs_client */;

--
-- Dumping data for table `cnae`
--

LOCK TABLES `cnae` WRITE;
/*!40000 ALTER TABLE `cnae` DISABLE KEYS */;
INSERT INTO `cnae` VALUES ('0111-3/01','Cultivo de arroz'),('0111-3/02','Cultivo de milho'),('0111-3/03','Cultivo de trigo'),('0111-3/99','Cultivo de outros cereais não especificados anteriormente'),('0112-1/01','Cultivo de algodão herbáceo'),('0112-1/02','Cultivo de juta'),('0112-1/99','Cultivo de outras fibras de lavoura temporária não especificadas anteriormente'),('0113-0/00','Cultivo de cana-de-açúcar'),('0114-8/00','Cultivo de fumo'),('0115-6/00','Cultivo de soja'),('0116-4/01','Cultivo de amendoim'),('0116-4/02','Cultivo de girassol'),('0116-4/03','Cultivo de mamona'),('0116-4/99','Cultivo de outras oleaginosas de lavoura temporária não especificadas anteriormente'),('0119-9/01','Cultivo de abacaxi'),('0119-9/02','Cultivo de alho'),('0119-9/03','Cultivo de batata-inglesa'),('0119-9/04','Cultivo de cebola'),('0119-9/05','Cultivo de feijão'),('0119-9/06','Cultivo de mandioca'),('0119-9/07','Cultivo de melão'),('0119-9/08','Cultivo de melancia'),('0119-9/09','Cultivo de tomate rasteiro'),('0119-9/99','Cultivo de outras plantas de lavoura temporária não especificadas anteriormente'),('0121-1/01','Horticultura, exceto morango'),('0121-1/02','Cultivo de morango'),('0122-9/00','Cultivo de flores e plantas ornamentais'),('0131-8/00','Cultivo de laranja'),('0132-6/00','Cultivo de uva'),('0133-4/01','Cultivo de açaí'),('0133-4/02','Cultivo de banana'),('0133-4/03','Cultivo de caju'),('0133-4/04','Cultivo de cítricos, exceto laranja'),('0133-4/05','Cultivo de coco-da-baía'),('0133-4/06','Cultivo de guaraná'),('0133-4/07','Cultivo de maçã'),('0133-4/08','Cultivo de mamão'),('0133-4/09','Cultivo de maracujá'),('0133-4/10','Cultivo de manga'),('0133-4/11','Cultivo de pêssego'),('0133-4/99','Cultivo de frutas de lavoura permanente não especificadas anteriormente'),('0134-2/00','Cultivo de café'),('0135-1/00','Cultivo de cacau'),('0139-3/01','Cultivo de chá-da-índia'),('0139-3/02','Cultivo de erva-mate'),('0139-3/03','Cultivo de pimenta-do-reino'),('0139-3/04','Cultivo de plantas para condimento, exceto pimenta-do-reino'),('0139-3/05','Cultivo de dendê'),('0139-3/06','Cultivo de seringueira'),('0139-3/99','Cultivo de outras plantas de lavoura permanente não especificadas anteriormente'),('0141-5/01','Produção de sementes certificadas, exceto de forrageiras para pasto'),('0141-5/02','Produção de sementes certificadas de forrageiras para formação de pasto'),('0142-3/00','Produção de mudas e outras formas de propagação vegetal, certificadas'),('0151-2/01','Criação de bovinos para corte'),('0151-2/02','Criação de bovinos para leite'),('0151-2/03','Criação de bovinos, exceto para corte e leite'),('0152-1/01','Criação de bufalinos'),('0152-1/02','Criação de eqüinos'),('0152-1/03','Criação de asininos e muares'),('0153-9/01','Criação de caprinos'),('0153-9/02','Criação de ovinos, inclusive para produção de lã'),('0154-7/00','Criação de suínos'),('0155-5/01','Criação de frangos para corte'),('0155-5/02','Produção de pintos de um dia'),('0155-5/03','Criação de outros galináceos, exceto para corte'),('0155-5/04','Criação de aves, exceto galináceos'),('0155-5/05','Produção de ovos'),('0159-8/01','Apicultura'),('0159-8/02','Criação de animais de estimação'),('0159-8/03','Criação de escargô'),('0159-8/04','Criação de bicho-da-seda'),('0159-8/99','Criação de outros animais não especificados anteriormente'),('0161-0/01','Serviço de pulverização e controle de pragas agrícolas'),('0161-0/02','Serviço de poda de árvores para lavouras'),('0161-0/03','Serviço de preparação de terreno, cultivo e colheita'),('0161-0/99','Atividades de apoio à agricultura não especificadas anteriormente'),('0162-8/01','Serviço de inseminação artificial em animais'),('0162-8/02','Serviço de tosquiamento de ovinos'),('0162-8/03','Serviço de manejo de animais'),('0162-8/99','Atividades de apoio à pecuária não especificadas anteriormente'),('0163-6/00','Atividades de pós-colheita'),('0170-9/00','Caça e serviços relacionados'),('0210-1/01','Cultivo de eucalipto'),('0210-1/02','Cultivo de acácia-negra'),('0210-1/03','Cultivo de pinus'),('0210-1/04','Cultivo de teca'),('0210-1/05','Cultivo de espécies madeireiras, exceto eucalipto, acácia-negra, pinus e teca'),('0210-1/06','Cultivo de mudas em viveiros florestais'),('0210-1/07','Extração de madeira em florestas plantadas'),('0210-1/08','Produção de carvão vegetal - florestas plantadas'),('0210-1/09','Produção de casca de acácia-negra - florestas plantadas'),('0210-1/99','Produção de produtos não-madeireiros não especificados anteriormente em florestas plantadas'),('0220-9/01','Extração de madeira em florestas nativas'),('0220-9/02','Produção de carvão vegetal - florestas nativas'),('0220-9/03','Coleta de castanha-do-pará em florestas nativas'),('0220-9/04','Coleta de látex em florestas nativas'),('0220-9/05','Coleta de palmito em florestas nativas'),('0220-9/06','Conservação de florestas nativas'),('0220-9/99','Coleta de produtos não-madeireiros não especificados anteriormente em florestas nativas'),('0230-6/00','Atividades de apoio à produção florestal'),('0311-6/01','Pesca de peixes em água salgada'),('0311-6/02','Pesca de crustáceos e moluscos em água salgada'),('0311-6/03','Coleta de outros produtos marinhos'),('0311-6/04','Atividades de apoio à pesca em água salgada'),('0312-4/01','Pesca de peixes em água doce'),('0312-4/02','Pesca de crustáceos e moluscos em água doce'),('0312-4/03','Coleta de outros produtos aquáticos de água doce'),('0312-4/04','Atividades de apoio à pesca em água doce'),('0321-3/01','Criação de peixes em água salgada e salobra'),('0321-3/02','Criação de camarões em água salgada e salobra'),('0321-3/03','Criação de ostras e mexilhões em água salgada e salobra'),('0321-3/04','Criação de peixes ornamentais em água salgada e salobra'),('0321-3/05','Atividades de apoio à aqüicultura em água salgada e salobra'),('0321-3/99','Cultivos e semicultivos da aqüicultura em água salgada e salobra não especificados anteriormente'),('0322-1/01','Criação de peixes em água doce'),('0322-1/02','Criação de camarões em água doce'),('0322-1/03','Criação de ostras e mexilhões em água doce'),('0322-1/04','Criação de peixes ornamentais em água doce'),('0322-1/05','Ranicultura'),('0322-1/06','Criação de jacaré'),('0322-1/07','Atividades de apoio à aqüicultura em água doce'),('0322-1/99','Cultivos e semicultivos da aqüicultura em água doce não especificados anteriormente'),('0500-3/01','Extração de carvão mineral'),('0500-3/02','Beneficiamento de carvão mineral'),('0600-0/01','Extração de petróleo e gás natural'),('0600-0/02','Extração e beneficiamento de xisto'),('0600-0/03','Extração e beneficiamento de areias betuminosas'),('0710-3/01','Extração de minério de ferro'),('0710-3/02','Pelotização, sinterização e outros beneficiamentos de minério de ferro'),('0721-9/01','Extração de minério de alumínio'),('0721-9/02','Beneficiamento de minério de alumínio'),('0722-7/01','Extração de minério de estanho'),('0722-7/02','Beneficiamento de minério de estanho'),('0723-5/01','Extração de minério de manganês'),('0723-5/02','Beneficiamento de minério de manganês'),('0724-3/01','Extração de minério de metais preciosos'),('0724-3/02','Beneficiamento de minério de metais preciosos'),('0725-1/00','Extração de minerais radioativos'),('0729-4/01','Extração de minérios de nióbio e titânio'),('0729-4/02','Extração de minério de tungstênio'),('0729-4/03','Extração de minério de níquel'),('0729-4/04','Extração de minérios de cobre, chumbo, zinco e outros minerais metálicos não-ferrosos não especificados anteriormente'),('0729-4/05','Beneficiamento de minérios de cobre, chumbo, zinco e outros minerais metálicos não-ferrosos não especificados anteriormente'),('0810-0/01','Extração de ardósia e beneficiamento associado'),('0810-0/02','Extração de granito e beneficiamento associado'),('0810-0/03','Extração de mármore e beneficiamento associado'),('0810-0/04','Extração de calcário e dolomita e beneficiamento associado'),('0810-0/05','Extração de gesso e caulim'),('0810-0/06','Extração de areia, cascalho ou pedregulho e beneficiamento associado'),('0810-0/07','Extração de argila e beneficiamento associado'),('0810-0/08','Extração de saibro e beneficiamento associado'),('0810-0/09','Extração de basalto e beneficiamento associado'),('0810-0/10','Beneficiamento de gesso e caulim associado à extração'),('0810-0/99','Extração e britamento de pedras e outros materiais para construção e beneficiamento associado'),('0891-6/00','Extração de minerais para fabricação de adubos, fertilizantes e outros produtos químicos'),('0892-4/01','Extração de sal marinho'),('0892-4/02','Extração de sal-gema'),('0892-4/03','Refino e outros tratamentos do sal'),('0893-2/00','Extração de gemas (pedras preciosas e semipreciosas)'),('0899-1/01','Extração de grafita'),('0899-1/02','Extração de quartzo'),('0899-1/03','Extração de amianto'),('0899-1/99','Extração de outros minerais não-metálicos não especificados anteriormente'),('0910-6/00','Atividades de apoio à extração de petróleo e gás natural'),('0990-4/01','Atividades de apoio à extração de minério de ferro'),('0990-4/02','Atividades de apoio à extração de minerais metálicos não-ferrosos'),('0990-4/03','Atividades de apoio à extração de minerais não-metálicos'),('1011-2/01','Frigorífico - abate de bovinos'),('1011-2/02','Frigorífico - abate de eqüinos'),('1011-2/03','Frigorífico - abate de ovinos e caprinos'),('1011-2/04','Frigorífico - abate de bufalinos'),('1011-2/05','Matadouro - abate de reses sob contrato, exceto abate de suínos'),('1012-1/01','Abate de aves'),('1012-1/02','Abate de pequenos animais'),('1012-1/03','Frigorífico - abate de suínos'),('1012-1/04','Matadouro - abate de suínos sob contrato'),('1013-9/01','Fabricação de produtos de carne'),('1013-9/02','Preparação de subprodutos do abate'),('1020-1/01','Preservação de peixes, crustáceos e moluscos'),('1020-1/02','Fabricação de conservas de peixes, crustáceos e moluscos'),('1031-7/00','Fabricação de conservas de frutas'),('1032-5/01','Fabricação de conservas de palmito'),('1032-5/99','Fabricação de conservas de legumes e outros vegetais, exceto palmito'),('1033-3/01','Fabricação de sucos concentrados de frutas, hortaliças e legumes'),('1033-3/02','Fabricação de sucos de frutas, hortaliças e legumes, exceto concentrados'),('1041-4/00','Fabricação de óleos vegetais em bruto, exceto óleo de milho'),('1042-2/00','Fabricação de óleos vegetais refinados, exceto óleo de milho'),('1043-1/00','Fabricação de margarina e outras gorduras vegetais e de óleos não-comestíveis de animais'),('1051-1/00','Preparação do leite'),('1052-0/00','Fabricação de laticínios'),('1053-8/00','Fabricação de sorvetes e outros gelados comestíveis'),('1061-9/01','Beneficiamento de arroz'),('1061-9/02','Fabricação de produtos do arroz'),('1062-7/00','Moagem de trigo e fabricação de derivados'),('1063-5/00','Fabricação de farinha de mandioca e derivados'),('1064-3/00','Fabricação de farinha de milho e derivados, exceto óleos de milho'),('1065-1/01','Fabricação de amidos e féculas de vegetais'),('1065-1/02','Fabricação de óleo de milho em bruto'),('1065-1/03','Fabricação de óleo de milho refinado'),('1066-0/00','Fabricação de alimentos para animais'),('1069-4/00','Moagem e fabricação de produtos de origem vegetal não especificados anteriormente'),('1071-6/00','Fabricação de açúcar em bruto'),('1072-4/01','Fabricação de açúcar de cana refinado'),('1072-4/02','Fabricação de açúcar de cereais (dextrose) e de beterraba'),('1081-3/01','Beneficiamento de café'),('1081-3/02','Torrefação e moagem de café'),('1082-1/00','Fabricação de produtos à base de café'),('1091-1/00','Fabricação de produtos de panificação'),('1092-9/00','Fabricação de biscoitos e bolachas'),('1093-7/01','Fabricação de produtos derivados do cacau e de chocolates'),('1093-7/02','Fabricação de frutas cristalizadas, balas e semelhantes'),('1094-5/00','Fabricação de massas alimentícias'),('1095-3/00','Fabricação de especiarias, molhos, temperos e condimentos'),('1096-1/00','Fabricação de alimentos e pratos prontos'),('1099-6/01','Fabricação de vinagres'),('1099-6/02','Fabricação de pós alimentícios'),('1099-6/03','Fabricação de fermentos e leveduras'),('1099-6/04','Fabricação de gelo comum'),('1099-6/05','Fabricação de produtos para infusão (chá, mate, etc.)'),('1099-6/06','Fabricação de adoçantes naturais e artificiais'),('1099-6/99','Fabricação de outros produtos alimentícios não especificados anteriormente'),('1111-9/01','Fabricação de aguardente de cana-de-açúcar'),('1111-9/02','Fabricação de outras aguardentes e bebidas destiladas'),('1112-7/00','Fabricação de vinho'),('1113-5/01','Fabricação de malte, inclusive malte uísque'),('1113-5/02','Fabricação de cervejas e chopes'),('1121-6/00','Fabricação de águas envasadas'),('1122-4/01','Fabricação de refrigerantes'),('1122-4/02','Fabricação de chá mate e outros chás prontos para consumo'),('1122-4/03','Fabricação de refrescos, xaropes e pós para refrescos, exceto refrescos de frutas'),('1122-4/99','Fabricação de outras bebidas não-alcoólicas não especificadas anteriormente'),('1210-7/00','Processamento industrial do fumo'),('1220-4/01','Fabricação de cigarros'),('1220-4/02','Fabricação de cigarrilhas e charutos'),('1220-4/03','Fabricação de filtros para cigarros'),('1220-4/99','Fabricação de outros produtos do fumo, exceto cigarros, cigarrilhas e charutos'),('1311-1/00','Preparação e fiação de fibras de algodão'),('1312-0/00','Preparação e fiação de fibras têxteis naturais, exceto algodão'),('1313-8/00','Fiação de fibras artificiais e sintéticas'),('1314-6/00','Fabricação de linhas para costurar e bordar'),('1321-9/00','Tecelagem de fios de algodão'),('1322-7/00','Tecelagem de fios de fibras têxteis naturais, exceto algodão'),('1323-5/00','Tecelagem de fios de fibras artificiais e sintéticas'),('1330-8/00','Fabricação de tecidos de malha'),('1340-5/01','Estamparia e texturização em fios, tecidos, artefatos têxteis e peças do vestuário'),('1340-5/02','Alvejamento, tingimento e torção em fios, tecidos, artefatos têxteis e peças do vestuário'),('1340-5/99','Outros serviços de acabamento em fios, tecidos, artefatos têxteis e peças do vestuário'),('1351-1/00','Fabricação de artefatos têxteis para uso doméstico'),('1352-9/00','Fabricação de artefatos de tapeçaria'),('1353-7/00','Fabricação de artefatos de cordoaria'),('1354-5/00','Fabricação de tecidos especiais, inclusive artefatos'),('1359-6/00','Fabricação de outros produtos têxteis não especificados anteriormente'),('1411-8/01','Confecção de roupas íntimas'),('1411-8/02','Facção de roupas íntimas'),('1412-6/01','Confecção de peças do vestuário, exceto roupas íntimas e as confeccionadas sob medida'),('1412-6/02','Confecção, sob medida, de peças do vestuário, exceto roupas íntimas'),('1412-6/03','Facção de peças do vestuário, exceto roupas íntimas'),('1413-4/01','Confecção de roupas profissionais, exceto sob medida'),('1413-4/02','Confecção, sob medida, de roupas profissionais'),('1413-4/03','Facção de roupas profissionais'),('1414-2/00','Fabricação de acessórios do vestuário, exceto para segurança e proteção'),('1421-5/00','Fabricação de meias'),('1422-3/00','Fabricação de artigos do vestuário, produzidos em malharias e tricotagens, exceto meias'),('1510-6/00','Curtimento e outras preparações de couro'),('1521-1/00','Fabricação de artigos para viagem, bolsas e semelhantes de qualquer material'),('1529-7/00','Fabricação de artefatos de couro não especificados anteriormente'),('1531-9/01','Fabricação de calçados de couro'),('1531-9/02','Acabamento de calçados de couro sob contrato'),('1532-7/00','Fabricação de tênis de qualquer material'),('1533-5/00','Fabricação de calçados de material sintético'),('1539-4/00','Fabricação de calçados de materiais não especificados anteriormente'),('1540-8/00','Fabricação de partes para calçados, de qualquer material'),('1610-2/01','Serrarias com desdobramento de madeira'),('1610-2/02','Serrarias sem desdobramento de madeira'),('1621-8/00','Fabricação de madeira laminada e de chapas de madeira compensada, prensada e aglomerada'),('1622-6/01','Fabricação de casas de madeira pré-fabricadas'),('1622-6/02','Fabricação de esquadrias de madeira e de peças de madeira para instalações industriais e comerciais'),('1622-6/99','Fabricação de outros artigos de carpintaria para construção'),('1623-4/00','Fabricação de artefatos de tanoaria e de embalagens de madeira'),('1629-3/01','Fabricação de artefatos diversos de madeira, exceto móveis'),('1629-3/02','Fabricação de artefatos diversos de cortiça, bambu, palha, vime e outros materiais trançados, exceto móveis'),('1710-9/00','Fabricação de celulose e outras pastas para a fabricação de papel'),('1721-4/00','Fabricação de papel'),('1722-2/00','Fabricação de cartolina e papel-cartão'),('1731-1/00','Fabricação de embalagens de papel'),('1732-0/00','Fabricação de embalagens de cartolina e papel-cartão'),('1733-8/00','Fabricação de chapas e de embalagens de papelão ondulado'),('1741-9/01','Fabricação de formulários contínuos'),('1741-9/02','Fabricação de produtos de papel, cartolina, papel-cartão e papelão ondulado para uso comercial e de escritório'),('1742-7/01','Fabricação de fraldas descartáveis'),('1742-7/02','Fabricação de absorventes higiênicos'),('1742-7/99','Fabricação de produtos de papel para uso doméstico e higiênico-sanitário não especificados anteriormente'),('1749-4/00','Fabricação de produtos de pastas celulósicas, papel, cartolina, papel-cartão e papelão ondulado não especificados anteriormente'),('1811-3/01','Impressão de jornais'),('1811-3/02','Impressão de livros, revistas e outras publicações periódicas'),('1812-1/00','Impressão de material de segurança'),('1813-0/01','Impressão de material para uso publicitário'),('1813-0/99','Impressão de material para outros usos'),('1821-1/00','Serviços de pré-impressão'),('1822-9/00','Serviços de acabamentos gráficos'),('1830-0/01','Reprodução de som em qualquer suporte'),('1830-0/02','Reprodução de vídeo em qualquer suporte'),('1830-0/03','Reprodução de software em qualquer suporte'),('1910-1/00','Coquerias'),('1921-7/00','Fabricação de produtos do refino de petróleo'),('1922-5/01','Formulação de combustíveis'),('1922-5/02','Rerrefino de óleos lubrificantes'),('1922-5/99','Fabricação de outros produtos derivados do petróleo, exceto produtos do refino'),('1931-4/00','Fabricação de álcool'),('1932-2/00','Fabricação de biocombustíveis, exceto álcool'),('2011-8/00','Fabricação de cloro e álcalis'),('2012-6/00','Fabricação de intermediários para fertilizantes'),('2013-4/00','Fabricação de adubos e fertilizantes'),('2014-2/00','Fabricação de gases industriais'),('2019-3/01','Elaboração de combustíveis nucleares'),('2019-3/99','Fabricação de outros produtos químicos inorgânicos não especificados anteriormente'),('2021-5/00','Fabricação de produtos petroquímicos básicos'),('2022-3/00','Fabricação de intermediários para plastificantes, resinas e fibras'),('2029-1/00','Fabricação de produtos químicos orgânicos não especificados anteriormente'),('2031-2/00','Fabricação de resinas termoplásticas'),('2032-1/00','Fabricação de resinas termofixas'),('2033-9/00','Fabricação de elastômeros'),('2040-1/00','Fabricação de fibras artificiais e sintéticas'),('2051-7/00','Fabricação de defensivos agrícolas'),('2052-5/00','Fabricação de desinfestantes domissanitários'),('2061-4/00','Fabricação de sabões e detergentes sintéticos'),('2062-2/00','Fabricação de produtos de limpeza e polimento'),('2063-1/00','Fabricação de cosméticos, produtos de perfumaria e de higiene pessoal'),('2071-1/00','Fabricação de tintas, vernizes, esmaltes e lacas'),('2072-0/00','Fabricação de tintas de impressão'),('2073-8/00','Fabricação de impermeabilizantes, solventes e produtos afins'),('2091-6/00','Fabricação de adesivos e selantes'),('2092-4/01','Fabricação de pólvoras, explosivos e detonantes'),('2092-4/02','Fabricação de artigos pirotécnicos'),('2092-4/03','Fabricação de fósforos de segurança'),('2093-2/00','Fabricação de aditivos de uso industrial'),('2094-1/00','Fabricação de catalisadores'),('2099-1/01','Fabricação de chapas, filmes, papéis e outros materiais e produtos químicos para fotografia'),('2099-1/99','Fabricação de outros produtos químicos não especificados anteriormente'),('2110-6/00','Fabricação de produtos farmoquímicos'),('2121-1/01','Fabricação de medicamentos alopáticos para uso humano'),('2121-1/02','Fabricação de medicamentos homeopáticos para uso humano'),('2121-1/03','Fabricação de medicamentos fitoterápicos para uso humano'),('2122-0/00','Fabricação de medicamentos para uso veterinário'),('2123-8/00','Fabricação de preparações farmacêuticas'),('2211-1/00','Fabricação de pneumáticos e de câmaras-de-ar'),('2212-9/00','Reforma de pneumáticos usados'),('2219-6/00','Fabricação de artefatos de borracha não especificados anteriormente'),('2221-8/00','Fabricação de laminados planos e tubulares de material plástico'),('2222-6/00','Fabricação de embalagens de material plástico'),('2223-4/00','Fabricação de tubos e acessórios de material plástico para uso na construção'),('2229-3/01','Fabricação de artefatos de material plástico para uso pessoal e doméstico'),('2229-3/02','Fabricação de artefatos de material plástico para usos industriais'),('2229-3/03','Fabricação de artefatos de material plástico para uso na construção, exceto tubos e acessórios'),('2229-3/99','Fabricação de artefatos de material plástico para outros usos não especificados anteriormente'),('2311-7/00','Fabricação de vidro plano e de segurança'),('2312-5/00','Fabricação de embalagens de vidro'),('2319-2/00','Fabricação de artigos de vidro'),('2320-6/00','Fabricação de cimento'),('2330-3/01','Fabricação de estruturas pré-moldadas de concreto armado, em série e sob encomenda'),('2330-3/02','Fabricação de artefatos de cimento para uso na construção'),('2330-3/03','Fabricação de artefatos de fibrocimento para uso na construção'),('2330-3/04','Fabricação de casas pré-moldadas de concreto'),('2330-3/05','Preparação de massa de concreto e argamassa para construção'),('2330-3/99','Fabricação de outros artefatos e produtos de concreto, cimento, fibrocimento, gesso e materiais semelhantes'),('2341-9/00','Fabricação de produtos cerâmicos refratários'),('2342-7/01','Fabricação de azulejos e pisos'),('2342-7/02','Fabricação de artefatos de cerâmica e barro cozido para uso na construção, exceto azulejos e pisos'),('2349-4/01','Fabricação de material sanitário de cerâmica'),('2349-4/99','Fabricação de produtos cerâmicos não-refratários não especificados anteriormente'),('2391-5/01','Britamento de pedras, exceto associado à extração'),('2391-5/02','Aparelhamento de pedras para construção, exceto associado à extração'),('2391-5/03','Aparelhamento de placas e execução de trabalhos em mármore, granito, ardósia e outras pedras'),('2392-3/00','Fabricação de cal e gesso'),('2399-1/01','Decoração, lapidação, gravação, vitrificação e outros trabalhos em cerâmica, louça, vidro e cristal'),('2399-1/99','Fabricação de outros produtos de minerais não-metálicos não especificados anteriormente'),('2411-3/00','Produção de ferro-gusa'),('2412-1/00','Produção de ferroligas'),('2421-1/00','Produção de semi-acabados de aço'),('2422-9/01','Produção de laminados planos de aço ao carbono, revestidos ou não'),('2422-9/02','Produção de laminados planos de aços especiais'),('2423-7/01','Produção de tubos de aço sem costura'),('2423-7/02','Produção de laminados longos de aço, exceto tubos'),('2424-5/01','Produção de arames de aço'),('2424-5/02','Produção de relaminados, trefilados e perfilados de aço, exceto arames'),('2431-8/00','Produção de tubos de aço com costura'),('2439-3/00','Produção de outros tubos de ferro e aço'),('2441-5/01','Produção de alumínio e suas ligas em formas primárias'),('2441-5/02','Produção de laminados de alumínio'),('2442-3/00','Metalurgia dos metais preciosos'),('2443-1/00','Metalurgia do cobre'),('2449-1/01','Produção de zinco em formas primárias'),('2449-1/02','Produção de laminados de zinco'),('2449-1/03','Produção de soldas e ânodos para galvanoplastia'),('2449-1/99','Metalurgia de outros metais não-ferrosos e suas ligas não especificados anteriormente'),('2451-2/00','Fundição de ferro e aço'),('2452-1/00','Fundição de metais não-ferrosos e suas ligas'),('2511-0/00','Fabricação de estruturas metálicas'),('2512-8/00','Fabricação de esquadrias de metal'),('2513-6/00','Fabricação de obras de caldeiraria pesada'),('2521-7/00','Fabricação de tanques, reservatórios metálicos e caldeiras para aquecimento central'),('2522-5/00','Fabricação de caldeiras geradoras de vapor, exceto para aquecimento central e para veículos'),('2531-4/01','Produção de forjados de aço'),('2531-4/02','Produção de forjados de metais não-ferrosos e suas ligas'),('2532-2/01','Produção de artefatos estampados de metal'),('2532-2/02','Metalurgia do pó'),('2539-0/00','Serviços de usinagem, solda, tratamento e revestimento em metais'),('2541-1/00','Fabricação de artigos de cutelaria'),('2542-0/00','Fabricação de artigos de serralheria, exceto esquadrias'),('2543-8/00','Fabricação de ferramentas'),('2550-1/01','Fabricação de equipamento bélico pesado, exceto veículos militares de combate'),('2550-1/02','Fabricação de armas de fogo e munições'),('2591-8/00','Fabricação de embalagens metálicas'),('2592-6/01','Fabricação de produtos de trefilados de metal padronizados'),('2592-6/02','Fabricação de produtos de trefilados de metal, exceto padronizados'),('2593-4/00','Fabricação de artigos de metal para uso doméstico e pessoal'),('2599-3/01','Serviços de confecção de armações metálicas para a construção'),('2599-3/99','Fabricação de outros produtos de metal não especificados anteriormente'),('2610-8/00','Fabricação de componentes eletrônicos'),('2621-3/00','Fabricação de equipamentos de informática'),('2622-1/00','Fabricação de periféricos para equipamentos de informática'),('2631-1/00','Fabricação de equipamentos transmissores de comunicação, peças e acessórios'),('2632-9/00','Fabricação de aparelhos telefônicos e de outros equipamentos de comunicação, peças e acessórios'),('2640-0/00','Fabricação de aparelhos de recepção, reprodução, gravação e amplificação de áudio e vídeo'),('2651-5/00','Fabricação de aparelhos e equipamentos de medida, teste e controle'),('2652-3/00','Fabricação de cronômetros e relógios'),('2660-4/00','Fabricação de aparelhos eletromédicos e eletroterapêuticos e equipamentos de irradiação'),('2670-1/01','Fabricação de equipamentos e instrumentos ópticos, peças e acessórios'),('2670-1/02','Fabricação de aparelhos fotográficos e cinematográficos, peças e acessórios'),('2680-9/00','Fabricação de mídias virgens, magnéticas e ópticas'),('2710-4/01','Fabricação de geradores de corrente contínua e alternada, peças e acessórios'),('2710-4/02','Fabricação de transformadores, indutores, conversores, sincronizadores e semelhantes, peças e acessórios'),('2710-4/03','Fabricação de motores elétricos, peças e acessórios'),('2721-0/00','Fabricação de pilhas, baterias e acumuladores elétricos, exceto para veículos automotores'),('2722-8/01','Fabricação de baterias e acumuladores para veículos automotores'),('2722-8/02','Recondicionamento de baterias e acumuladores para veículos automotores'),('2731-7/00','Fabricação de aparelhos e equipamentos para distribuição e controle de energia elétrica'),('2732-5/00','Fabricação de material elétrico para instalações em circuito de consumo'),('2733-3/00','Fabricação de fios, cabos e condutores elétricos isolados'),('2740-6/01','Fabricação de lâmpadas'),('2740-6/02','Fabricação de luminárias e outros equipamentos de iluminação'),('2751-1/00','Fabricação de fogões, refrigeradores e máquinas de lavar e secar para uso doméstico, peças e acessórios'),('2759-7/01','Fabricação de aparelhos elétricos de uso pessoal, peças e acessórios'),('2759-7/99','Fabricação de outros aparelhos eletrodomésticos não especificados anteriormente, peças e acessórios'),('2790-2/01','Fabricação de eletrodos, contatos e outros artigos de carvão e grafita para uso elétrico, eletroímãs e isoladores'),('2790-2/02','Fabricação de equipamentos para sinalização e alarme'),('2790-2/99','Fabricação de outros equipamentos e aparelhos elétricos não especificados anteriormente'),('2811-9/00','Fabricação de motores e turbinas, peças e acessórios, exceto para aviões e veículos rodoviários'),('2812-7/00','Fabricação de equipamentos hidráulicos e pneumáticos, peças e acessórios, exceto válvulas'),('2813-5/00','Fabricação de válvulas, registros e dispositivos semelhantes, peças e acessórios'),('2814-3/01','Fabricação de compressores para uso industrial, peças e acessórios'),('2814-3/02','Fabricação de compressores para uso não-industrial, peças e acessórios'),('2815-1/01','Fabricação de rolamentos para fins industriais'),('2815-1/02','Fabricação de equipamentos de transmissão para fins industriais, exceto rolamentos'),('2821-6/01','Fabricação de fornos industriais, aparelhos e equipamentos não-elétricos para instalações térmicas, peças e acessórios'),('2821-6/02','Fabricação de estufas e fornos elétricos para fins industriais, peças e acessórios'),('2822-4/01','Fabricação de máquinas, equipamentos e aparelhos para transporte e elevação de pessoas, peças e acessórios'),('2822-4/02','Fabricação de máquinas, equipamentos e aparelhos para transporte e elevação de cargas, peças e acessórios'),('2823-2/00','Fabricação de máquinas e aparelhos de refrigeração e ventilação para uso industrial e comercial, peças e acessórios'),('2824-1/01','Fabricação de aparelhos e equipamentos de ar condicionado para uso industrial'),('2824-1/02','Fabricação de aparelhos e equipamentos de ar condicionado para uso não-industrial'),('2825-9/00','Fabricação de máquinas e equipamentos para saneamento básico e ambiental, peças e acessórios'),('2829-1/01','Fabricação de máquinas de escrever, calcular e outros equipamentos não-eletrônicos para escritório, peças e acessórios'),('2829-1/99','Fabricação de outras máquinas e equipamentos de uso geral não especificados anteriormente, peças e acessórios'),('2831-3/00','Fabricação de tratores agrícolas, peças e acessórios'),('2832-1/00','Fabricação de equipamentos para irrigação agrícola, peças e acessórios'),('2833-0/00','Fabricação de máquinas e equipamentos para a agricultura e pecuária, peças e acessórios, exceto para irrigação'),('2840-2/00','Fabricação de máquinas-ferramenta, peças e acessórios'),('2851-8/00','Fabricação de máquinas e equipamentos para a prospecção e extração de petróleo, peças e acessórios'),('2852-6/00','Fabricação de outras máquinas e equipamentos para uso na extração mineral, peças e acessórios, exceto na extração de petróleo'),('2853-4/00','Fabricação de tratores, peças e acessórios, exceto agrícolas'),('2854-2/00','Fabricação de máquinas e equipamentos para terraplenagem, pavimentação e construção, peças e acessórios, exceto tratores'),('2861-5/00','Fabricação de máquinas para a indústria metalúrgica, peças e acessórios, exceto máquinas-ferramenta'),('2862-3/00','Fabricação de máquinas e equipamentos para as indústrias de alimentos, bebidas e fumo, peças e acessórios'),('2863-1/00','Fabricação de máquinas e equipamentos para a indústria têxtil, peças e acessórios'),('2864-0/00','Fabricação de máquinas e equipamentos para as indústrias do vestuário, do couro e de calçados, peças e acessórios'),('2865-8/00','Fabricação de máquinas e equipamentos para as indústrias de celulose, papel e papelão e artefatos, peças e acessórios'),('2866-6/00','Fabricação de máquinas e equipamentos para a indústria do plástico, peças e acessórios'),('2869-1/00','Fabricação de máquinas e equipamentos para uso industrial específico não especificados anteriormente, peças e acessórios'),('2910-7/01','Fabricação de automóveis, camionetas e utilitários'),('2910-7/02','Fabricação de chassis com motor para automóveis, camionetas e utilitários'),('2910-7/03','Fabricação de motores para automóveis, camionetas e utilitários'),('2920-4/01','Fabricação de caminhões e ônibus'),('2920-4/02','Fabricação de motores para caminhões e ônibus'),('2930-1/01','Fabricação de cabines, carrocerias e reboques para caminhões'),('2930-1/02','Fabricação de carrocerias para ônibus'),('2930-1/03','Fabricação de cabines, carrocerias e reboques para outros veículos automotores, exceto caminhões e ônibus'),('2941-7/00','Fabricação de peças e acessórios para o sistema motor de veículos automotores'),('2942-5/00','Fabricação de peças e acessórios para os sistemas de marcha e transmissão de veículos automotores'),('2943-3/00','Fabricação de peças e acessórios para o sistema de freios de veículos automotores'),('2944-1/00','Fabricação de peças e acessórios para o sistema de direção e suspensão de veículos automotores'),('2945-0/00','Fabricação de material elétrico e eletrônico para veículos automotores, exceto baterias'),('2949-2/01','Fabricação de bancos e estofados para veículos automotores'),('2949-2/99','Fabricação de outras peças e acessórios para veículos automotores não especificadas anteriormente'),('2950-6/00','Recondicionamento e recuperação de motores para veículos automotores'),('3011-3/01','Construção de embarcações de grande porte'),('3011-3/02','Construção de embarcações para uso comercial e para usos especiais, exceto de grande porte'),('3012-1/00','Construção de embarcações para esporte e lazer'),('3031-8/00','Fabricação de locomotivas, vagões e outros materiais rodantes'),('3032-6/00','Fabricação de peças e acessórios para veículos ferroviários'),('3041-5/00','Fabricação de aeronaves'),('3042-3/00','Fabricação de turbinas, motores e outros componentes e peças para aeronaves'),('3050-4/00','Fabricação de veículos militares de combate'),('3091-1/00','Fabricação de motocicletas, peças e acessórios'),('3092-0/00','Fabricação de bicicletas e triciclos não-motorizados, peças e acessórios'),('3099-7/00','Fabricação de equipamentos de transporte não especificados anteriormente'),('3101-2/00','Fabricação de móveis com predominância de madeira'),('3102-1/00','Fabricação de móveis com predominância de metal'),('3103-9/00','Fabricação de móveis de outros materiais, exceto madeira e metal'),('3104-7/00','Fabricação de colchões'),('3211-6/01','Lapidação de gemas'),('3211-6/02','Fabricação de artefatos de joalheria e ourivesaria'),('3211-6/03','Cunhagem de moedas e medalhas'),('3212-4/00','Fabricação de bijuterias e artefatos semelhantes'),('3220-5/00','Fabricação de instrumentos musicais, peças e acessórios'),('3230-2/00','Fabricação de artefatos para pesca e esporte'),('3240-0/01','Fabricação de jogos eletrônicos'),('3240-0/02','Fabricação de mesas de bilhar, de sinuca e acessórios não associada à locação'),('3240-0/03','Fabricação de mesas de bilhar, de sinuca e acessórios associada à locação'),('3240-0/99','Fabricação de outros brinquedos e jogos recreativos não especificados anteriormente'),('3250-7/01','Fabricação de instrumentos não-eletrônicos e utensílios para uso médico, cirúrgico, odontológico e de laboratório'),('3250-7/02','Fabricação de mobiliário para uso médico, cirúrgico, odontológico e de laboratório'),('3250-7/03','Fabricação de aparelhos e utensílios para correção de defeitos físicos e aparelhos ortopédicos em geral sob encomenda'),('3250-7/04','Fabricação de aparelhos e utensílios para correção de defeitos físicos e aparelhos ortopédicos em geral, exceto sob encomenda'),('3250-7/05','Fabricação de materiais para medicina e odontologia'),('3250-7/06','Serviços de prótese dentária'),('3250-7/07','Fabricação de artigos ópticos'),('3250-7/08','Fabricação de artefatos de tecido não tecido para uso odonto-médico-hospitalar'),('3291-4/00','Fabricação de escovas, pincéis e vassouras'),('3292-2/01','Fabricação de roupas de proteção e segurança e resistentes a fogo'),('3292-2/02','Fabricação de equipamentos e acessórios para segurança pessoal e profissional'),('3299-0/01','Fabricação de guarda-chuvas e similares'),('3299-0/02','Fabricação de canetas, lápis e outros artigos para escritório'),('3299-0/03','Fabricação de letras, letreiros e placas de qualquer material, exceto luminosos'),('3299-0/04','Fabricação de painéis e letreiros luminosos'),('3299-0/05','Fabricação de aviamentos para costura'),('3299-0/99','Fabricação de produtos diversos não especificados anteriormente'),('3311-2/00','Manutenção e reparação de tanques, reservatórios metálicos e caldeiras, exceto para veículos'),('3312-1/02','Manutenção e reparação de aparelhos e instrumentos de medida, teste e controle'),('3312-1/03','Manutenção e reparação de aparelhos eletromédicos e eletroterapêuticos e equipamentos de irradiação'),('3312-1/04','Manutenção e reparação de equipamentos e instrumentos ópticos'),('3313-9/01','Manutenção e reparação de geradores, transformadores e motores elétricos'),('3313-9/02','Manutenção e reparação de baterias e acumuladores elétricos, exceto para veículos'),('3313-9/99','Manutenção e reparação de máquinas, aparelhos e materiais elétricos não especificados anteriormente'),('3314-7/01','Manutenção e reparação de máquinas motrizes não-elétricas'),('3314-7/02','Manutenção e reparação de equipamentos hidráulicos e pneumáticos, exceto válvulas'),('3314-7/03','Manutenção e reparação de válvulas industriais'),('3314-7/04','Manutenção e reparação de compressores'),('3314-7/05','Manutenção e reparação de equipamentos de transmissão para fins industriais'),('3314-7/06','Manutenção e reparação de máquinas, aparelhos e equipamentos para instalações térmicas'),('3314-7/07','Manutenção e reparação de máquinas e aparelhos de refrigeração e ventilação para uso industrial e comercial'),('3314-7/08','Manutenção e reparação de máquinas, equipamentos e aparelhos para transporte e elevação de cargas'),('3314-7/09','Manutenção e reparação de máquinas de escrever, calcular e de outros equipamentos não-eletrônicos para escritório'),('3314-7/10','Manutenção e reparação de máquinas e equipamentos para uso geral não especificados anteriormente'),('3314-7/11','Manutenção e reparação de máquinas e equipamentos para agricultura e pecuária'),('3314-7/12','Manutenção e reparação de tratores agrícolas'),('3314-7/13','Manutenção e reparação de máquinas-ferramenta'),('3314-7/14','Manutenção e reparação de máquinas e equipamentos para a prospecção e extração de petróleo'),('3314-7/15','Manutenção e reparação de máquinas e equipamentos para uso na extração mineral, exceto na extração de petróleo'),('3314-7/16','Manutenção e reparação de tratores, exceto agrícolas'),('3314-7/17','Manutenção e reparação de máquinas e equipamentos de terraplenagem, pavimentação e construção, exceto tratores'),('3314-7/18','Manutenção e reparação de máquinas para a indústria metalúrgica, exceto máquinas-ferramenta'),('3314-7/19','Manutenção e reparação de máquinas e equipamentos para as indústrias de alimentos, bebidas e fumo'),('3314-7/20','Manutenção e reparação de máquinas e equipamentos para a indústria têxtil, do vestuário, do couro e calçados'),('3314-7/21','Manutenção e reparação de máquinas e aparelhos para a indústria de celulose, papel e papelão e artefatos'),('3314-7/22','Manutenção e reparação de máquinas e aparelhos para a indústria do plástico'),('3314-7/99','Manutenção e reparação de outras máquinas e equipamentos para usos industriais não especificados anteriormente'),('3315-5/00','Manutenção e reparação de veículos ferroviários'),('3316-3/01','Manutenção e reparação de aeronaves, exceto a manutenção na pista'),('3316-3/02','Manutenção de aeronaves na pista'),('3317-1/01','Manutenção e reparação de embarcações e estruturas flutuantes'),('3317-1/02','Manutenção e reparação de embarcações para esporte e lazer'),('3319-8/00','Manutenção e reparação de equipamentos e produtos não especificados anteriormente'),('3321-0/00','Instalação de máquinas e equipamentos industriais'),('3329-5/01','Serviços de montagem de móveis de qualquer material'),('3329-5/99','Instalação de outros equipamentos não especificados anteriormente'),('3511-5/00','Geração de energia elétrica'),('3512-3/00','Transmissão de energia elétrica'),('3513-1/00','Comércio atacadista de energia elétrica'),('3514-0/00','Distribuição de energia elétrica'),('3520-4/01','Produção de gás; processamento de gás natural'),('3520-4/02','Distribuição de combustíveis gasosos por redes urbanas'),('3530-1/00','Produção e distribuição de vapor, água quente e ar condicionado'),('3600-6/01','Captação, tratamento e distribuição de água'),('3600-6/02','Distribuição de água por caminhões'),('3701-1/00','Gestão de redes de esgoto'),('3702-9/00','Atividades relacionadas a esgoto, exceto a gestão de redes'),('3811-4/00','Coleta de resíduos não-perigosos'),('3812-2/00','Coleta de resíduos perigosos'),('3821-1/00','Tratamento e disposição de resíduos não-perigosos'),('3822-0/00','Tratamento e disposição de resíduos perigosos'),('3831-9/01','Recuperação de sucatas de alumínio'),('3831-9/99','Recuperação de materiais metálicos, exceto alumínio'),('3832-7/00','Recuperação de materiais plásticos'),('3839-4/01','Usinas de compostagem'),('3839-4/99','Recuperação de materiais não especificados anteriormente'),('3900-5/00','Descontaminação e outros serviços de gestão de resíduos'),('4110-7/00','Incorporação de empreendimentos imobiliários'),('4120-4/00','Construção de edifícios'),('4211-1/01','Construção de rodovias e ferrovias'),('4211-1/02','Pintura para sinalização em pistas rodoviárias e aeroportos'),('4212-0/00','Construção de obras-de-arte especiais'),('4213-8/00','Obras de urbanização - ruas, praças e calçadas'),('4221-9/01','Construção de barragens e represas para geração de energia elétrica'),('4221-9/02','Construção de estações e redes de distribuição de energia elétrica'),('4221-9/03','Manutenção de redes de distribuição de energia elétrica'),('4221-9/04','Construção de estações e redes de telecomunicações'),('4221-9/05','Manutenção de estações e redes de telecomunicações'),('4222-7/01','Construção de redes de abastecimento de água, coleta de esgoto e construções correlatas, exceto obras de irrigação'),('4222-7/02','Obras de irrigação'),('4223-5/00','Construção de redes de transportes por dutos, exceto para água e esgoto'),('4291-0/00','Obras portuárias, marítimas e fluviais'),('4292-8/01','Montagem de estruturas metálicas'),('4292-8/02','Obras de montagem industrial'),('4299-5/01','Construção de instalações esportivas e recreativas'),('4299-5/99','Outras obras de engenharia civil não especificadas anteriormente'),('4311-8/01','Demolição de edifícios e outras estruturas'),('4311-8/02','Preparação de canteiro e limpeza de terreno'),('4312-6/00','Perfurações e sondagens'),('4313-4/00','Obras de terraplenagem'),('4319-3/00','Serviços de preparação do terreno não especificados anteriormente'),('4321-5/00','Instalação e manutenção elétrica'),('4322-3/01','Instalações hidráulicas, sanitárias e de gás'),('4322-3/02','Instalação e manutenção de sistemas centrais de ar condicionado, de ventilação e refrigeração'),('4322-3/03','Instalações de sistema de prevenção contra incêndio'),('4329-1/01','Instalação de painéis publicitários'),('4329-1/02','Instalação de equipamentos para orientação à navegação marítima, fluvial e lacustre'),('4329-1/03','Instalação, manutenção e reparação de elevadores, escadas e esteiras rolantes, exceto de fabricação própria'),('4329-1/04','Montagem e instalação de sistemas e equipamentos de iluminação e sinalização em vias públicas, portos e aeroportos'),('4329-1/05','Tratamentos térmicos, acústicos ou de vibração'),('4329-1/99','Outras obras de instalações em construções não especificadas anteriormente'),('4330-4/01','Impermeabilização em obras de engenharia civil'),('4330-4/02','Instalação de portas, janelas, tetos, divisórias e armários embutidos de qualquer material'),('4330-4/03','Obras de acabamento em gesso e estuque'),('4330-4/04','Serviços de pintura de edifícios em geral'),('4330-4/05','Aplicação de revestimentos e de resinas em interiores e exteriores'),('4330-4/99','Outras obras de acabamento da construção'),('4391-6/00','Obras de fundações'),('4399-1/01','Administração de obras'),('4399-1/02','Montagem e desmontagem de andaimes e outras estruturas temporárias'),('4399-1/03','Obras de alvenaria'),('4399-1/04','Serviços de operação e fornecimento de equipamentos para transporte e elevação de cargas e pessoas para uso em obras'),('4399-1/05','Perfuração e construção de poços de água'),('4399-1/99','Serviços especializados para construção não especificados anteriormente'),('4511-1/01','Comércio a varejo de automóveis, camionetas e utilitários novos'),('4511-1/02','Comércio a varejo de automóveis, camionetas e utilitários usados'),('4511-1/03','Comércio por atacado de automóveis, camionetas e utilitários novos e usados'),('4511-1/04','Comércio por atacado de caminhões novos e usados'),('4511-1/05','Comércio por atacado de reboques e semi-reboques novos e usados'),('4511-1/06','Comércio por atacado de ônibus e microônibus novos e usados'),('4512-9/01','Representantes comerciais e agentes do comércio de veículos automotores'),('4512-9/02','Comércio sob consignação de veículos automotores'),('4520-0/01','Serviços de manutenção e reparação mecânica de veículos automotores'),('4520-0/02','Serviços de lanternagem ou funilaria e pintura de veículos automotores'),('4520-0/03','Serviços de manutenção e reparação elétrica de veículos automotores'),('4520-0/04','Serviços de alinhamento e balanceamento de veículos automotores'),('4520-0/05','Serviços de lavagem, lubrificação e polimento de veículos automotores'),('4520-0/06','Serviços de borracharia para veículos automotores'),('4520-0/07','Serviços de instalação, manutenção e reparação de acessórios para veículos automotores'),('4530-7/01','Comércio por atacado de peças e acessórios novos para veículos automotores'),('4530-7/02','Comércio por atacado de pneumáticos e câmaras-de-ar'),('4530-7/03','Comércio a varejo de peças e acessórios novos para veículos automotores'),('4530-7/04','Comércio a varejo de peças e acessórios usados para veículos automotores'),('4530-7/05','Comércio a varejo de pneumáticos e câmaras-de-ar'),('4530-7/06','Representantes comerciais e agentes do comércio de peças e acessórios novos e usados para veículos automotores'),('4541-2/01','Comércio por atacado de motocicletas e motonetas'),('4541-2/02','Comércio por atacado de peças e acessórios para motocicletas e motonetas'),('4541-2/03','Comércio a varejo de motocicletas e motonetas novas'),('4541-2/04','Comércio a varejo de motocicletas e motonetas usadas'),('4541-2/05','Comércio a varejo de peças e acessórios para motocicletas e motonetas'),('4542-1/01','Representantes comerciais e agentes do comércio de motocicletas e motonetas, peças e acessórios'),('4542-1/02','Comércio sob consignação de motocicletas e motonetas'),('4543-9/00','Manutenção e reparação de motocicletas e motonetas'),('4611-7/00','Representantes comerciais e agentes do comércio de matérias-primas agrícolas e animais vivos'),('4612-5/00','Representantes comerciais e agentes do comércio de combustíveis, minerais, produtos siderúrgicos e químicos'),('4613-3/00','Representantes comerciais e agentes do comércio de madeira, material de construção e ferragens'),('4614-1/00','Representantes comerciais e agentes do comércio de máquinas, equipamentos, embarcações e aeronaves'),('4615-0/00','Representantes comerciais e agentes do comércio de eletrodomésticos, móveis e artigos de uso doméstico'),('4616-8/00','Representantes comerciais e agentes do comércio de têxteis, vestuário, calçados e artigos de viagem'),('4617-6/00','Representantes comerciais e agentes do comércio de produtos alimentícios, bebidas e fumo'),('4618-4/01','Representantes comerciais e agentes do comércio de medicamentos, cosméticos e produtos de perfumaria'),('4618-4/02','Representantes comerciais e agentes do comércio de instrumentos e materiais odonto-médico-hospitalares'),('4618-4/03','Representantes comerciais e agentes do comércio de jornais, revistas e outras publicações'),('4618-4/99','Outros representantes comerciais e agentes do comércio especializado em produtos não especificados anteriormente'),('4619-2/00','Representantes comerciais e agentes do comércio de mercadorias em geral não especializado'),('4621-4/00','Comércio atacadista de café em grão'),('4622-2/00','Comércio atacadista de soja'),('4623-1/01','Comércio atacadista de animais vivos'),('4623-1/02','Comércio atacadista de couros, lãs, peles e outros subprodutos não-comestíveis de origem animal'),('4623-1/03','Comércio atacadista de algodão'),('4623-1/04','Comércio atacadista de fumo em folha não beneficiado'),('4623-1/05','Comércio atacadista de cacau'),('4623-1/06','Comércio atacadista de sementes, flores, plantas e gramas'),('4623-1/07','Comércio atacadista de sisal'),('4623-1/08','Comércio atacadista de matérias-primas agrícolas com atividade de fracionamento e acondicionamento associada'),('4623-1/09','Comércio atacadista de alimentos para animais'),('4623-1/99','Comércio atacadista de matérias-primas agrícolas não especificadas anteriormente'),('4631-1/00','Comércio atacadista de leite e laticínios'),('4632-0/01','Comércio atacadista de cereais e leguminosas beneficiados'),('4632-0/02','Comércio atacadista de farinhas, amidos e féculas'),('4632-0/03','Comércio atacadista de cereais e leguminosas beneficiados, farinhas, amidos e féculas, com atividade de fracionamento e acondicionamento associada'),('4633-8/01','Comércio atacadista de frutas, verduras, raízes, tubérculos, hortaliças e legumes frescos'),('4633-8/02','Comércio atacadista de aves vivas e ovos'),('4633-8/03','Comércio atacadista de coelhos e outros pequenos animais vivos para alimentação'),('4634-6/01','Comércio atacadista de carnes bovinas e suínas e derivados'),('4634-6/02','Comércio atacadista de aves abatidas e derivados'),('4634-6/03','Comércio atacadista de pescados e frutos do mar'),('4634-6/99','Comércio atacadista de carnes e derivados de outros animais'),('4635-4/01','Comércio atacadista de água mineral'),('4635-4/02','Comércio atacadista de cerveja, chope e refrigerante'),('4635-4/03','Comércio atacadista de bebidas com atividade de fracionamento e acondicionamento associada'),('4635-4/99','Comércio atacadista de bebidas não especificadas anteriormente'),('4636-2/01','Comércio atacadista de fumo beneficiado'),('4636-2/02','Comércio atacadista de cigarros, cigarrilhas e charutos'),('4637-1/01','Comércio atacadista de café torrado, moído e solúvel'),('4637-1/02','Comércio atacadista de açúcar'),('4637-1/03','Comércio atacadista de óleos e gorduras'),('4637-1/04','Comércio atacadista de pães, bolos, biscoitos e similares'),('4637-1/05','Comércio atacadista de massas alimentícias'),('4637-1/06','Comércio atacadista de sorvetes'),('4637-1/07','Comércio atacadista de chocolates, confeitos, balas, bombons e semelhantes'),('4637-1/99','Comércio atacadista especializado em outros produtos alimentícios não especificados anteriormente'),('4639-7/01','Comércio atacadista de produtos alimentícios em geral'),('4639-7/02','Comércio atacadista de produtos alimentícios em geral, com atividade de fracionamento e acondicionamento associada'),('4641-9/01','Comércio atacadista de tecidos'),('4641-9/02','Comércio atacadista de artigos de cama, mesa e banho'),('4641-9/03','Comércio atacadista de artigos de armarinho'),('4642-7/01','Comércio atacadista de artigos do vestuário e acessórios, exceto profissionais e de segurança'),('4642-7/02','Comércio atacadista de roupas e acessórios para uso profissional e de segurança do trabalho'),('4643-5/01','Comércio atacadista de calçados'),('4643-5/02','Comércio atacadista de bolsas, malas e artigos de viagem'),('4644-3/01','Comércio atacadista de medicamentos e drogas de uso humano'),('4644-3/02','Comércio atacadista de medicamentos e drogas de uso veterinário'),('4645-1/01','Comércio atacadista de instrumentos e materiais para uso médico, cirúrgico, hospitalar e de laboratórios'),('4645-1/02','Comércio atacadista de próteses e artigos de ortopedia'),('4645-1/03','Comércio atacadista de produtos odontológicos'),('4646-0/01','Comércio atacadista de cosméticos e produtos de perfumaria'),('4646-0/02','Comércio atacadista de produtos de higiene pessoal'),('4647-8/01','Comércio atacadista de artigos de escritório e de papelaria'),('4647-8/02','Comércio atacadista de livros, jornais e outras publicações'),('4649-4/01','Comércio atacadista de equipamentos elétricos de uso pessoal e doméstico'),('4649-4/02','Comércio atacadista de aparelhos eletrônicos de uso pessoal e doméstico'),('4649-4/03','Comércio atacadista de bicicletas, triciclos e outros veículos recreativos'),('4649-4/04','Comércio atacadista de móveis e artigos de colchoaria'),('4649-4/05','Comércio atacadista de artigos de tapeçaria; persianas e cortinas'),('4649-4/06','Comércio atacadista de lustres, luminárias e abajures'),('4649-4/07','Comércio atacadista de filmes, CDs, DVDs, fitas e discos'),('4649-4/08','Comércio atacadista de produtos de higiene, limpeza e conservação domiciliar'),('4649-4/09','Comércio atacadista de produtos de higiene, limpeza e conservação domiciliar, com atividade de fracionamento e acondicionamento associada'),('4649-4/10','Comércio atacadista de jóias, relógios e bijuterias, inclusive pedras preciosas e semipreciosas lapidadas'),('4649-4/99','Comércio atacadista de outros equipamentos e artigos de uso pessoal e doméstico não especificados anteriormente'),('4651-6/01','Comércio atacadista de equipamentos de informática'),('4651-6/02','Comércio atacadista de suprimentos para informática'),('4652-4/00','Comércio atacadista de componentes eletrônicos e equipamentos de telefonia e comunicação'),('4661-3/00','Comércio atacadista de máquinas, aparelhos e equipamentos para uso agropecuário; partes e peças'),('4662-1/00','Comércio atacadista de máquinas, equipamentos para terraplenagem, mineração e construção; partes e peças'),('4663-0/00','Comércio atacadista de máquinas e equipamentos para uso industrial; partes e peças'),('4664-8/00','Comércio atacadista de máquinas, aparelhos e equipamentos para uso odonto-médico-hospitalar; partes e peças'),('4665-6/00','Comércio atacadista de máquinas e equipamentos para uso comercial; partes e peças'),('4669-9/01','Comércio atacadista de bombas e compressores; partes e peças'),('4669-9/99','Comércio atacadista de outras máquinas e equipamentos não especificados anteriormente; partes e peças'),('4671-1/00','Comércio atacadista de madeira e produtos derivados'),('4672-9/00','Comércio atacadista de ferragens e ferramentas'),('4673-7/00','Comércio atacadista de material elétrico'),('4674-5/00','Comércio atacadista de cimento'),('4679-6/01','Comércio atacadista de tintas, vernizes e similares'),('4679-6/02','Comércio atacadista de mármores e granitos'),('4679-6/03','Comércio atacadista de vidros, espelhos e vitrais'),('4679-6/04','Comércio atacadista especializado de materiais de construção não especificados anteriormente'),('4679-6/99','Comércio atacadista de materiais de construção em geral'),('4681-8/01','Comércio atacadista de álcool carburante, biodiesel, gasolina e demais derivados de petróleo, exceto lubrificantes, não realizado por transportador retalhista (TRR)'),('4681-8/02','Comércio atacadista de combustíveis realizado por transportador retalhista (TRR)'),('4681-8/03','Comércio atacadista de combustíveis de origem vegetal, exceto álcool carburante'),('4681-8/04','Comércio atacadista de combustíveis de origem mineral em bruto'),('4681-8/05','Comércio atacadista de lubrificantes'),('4682-6/00','Comércio atacadista de gás liqüefeito de petróleo (GLP)'),('4683-4/00','Comércio atacadista de defensivos agrícolas, adubos, fertilizantes e corretivos do solo'),('4684-2/01','Comércio atacadista de resinas e elastômeros'),('4684-2/02','Comércio atacadista de solventes'),('4684-2/99','Comércio atacadista de outros produtos químicos e petroquímicos não especificados anteriormente'),('4685-1/00','Comércio atacadista de produtos siderúrgicos e metalúrgicos, exceto para construção'),('4686-9/01','Comércio atacadista de papel e papelão em bruto'),('4686-9/02','Comércio atacadista de embalagens'),('4687-7/01','Comércio atacadista de resíduos de papel e papelão'),('4687-7/02','Comércio atacadista de resíduos e sucatas não-metálicos, exceto de papel e papelão'),('4687-7/03','Comércio atacadista de resíduos e sucatas metálicos'),('4689-3/01','Comércio atacadista de produtos da extração mineral, exceto combustíveis'),('4689-3/02','Comércio atacadista de fios e fibras beneficiados'),('4689-3/99','Comércio atacadista especializado em outros produtos intermediários não especificados anteriormente'),('4691-5/00','Comércio atacadista de mercadorias em geral, com predominância de produtos alimentícios'),('4692-3/00','Comércio atacadista de mercadorias em geral, com predominância de insumos agropecuários'),('4693-1/00','Comércio atacadista de mercadorias em geral, sem predominância de alimentos ou de insumos agropecuários'),('4711-3/01','Comércio varejista de mercadorias em geral, com predominância de produtos alimentícios - hipermercados'),('4711-3/02','Comércio varejista de mercadorias em geral, com predominância de produtos alimentícios - supermercados'),('4712-1/00','Comércio varejista de mercadorias em geral, com predominância de produtos alimentícios - minimercados, mercearias e armazéns'),('4713-0/01','Lojas de departamentos ou magazines'),('4713-0/02','Lojas de variedades, exceto lojas de departamentos ou magazines'),('4713-0/03','Lojas duty free de aeroportos internacionais'),('4721-1/01','Padaria e confeitaria com predominância de produção própria'),('4721-1/02','Padaria e confeitaria com predominância de revenda'),('4721-1/03','Comércio varejista de laticínios e frios'),('4721-1/04','Comércio varejista de doces, balas, bombons e semelhantes'),('4722-9/01','Comércio varejista de carnes - açougues'),('4722-9/02','Peixaria'),('4723-7/00','Comércio varejista de bebidas'),('4724-5/00','Comércio varejista de hortifrutigranjeiros'),('4729-6/01','Tabacaria'),('4729-6/99','Comércio varejista de produtos alimentícios em geral ou especializado em produtos alimentícios não especificados anteriormente'),('4731-8/00','Comércio varejista de combustíveis para veículos automotores'),('4732-6/00','Comércio varejista de lubrificantes'),('4741-5/00','Comércio varejista de tintas e materiais para pintura'),('4742-3/00','Comércio varejista de material elétrico'),('4743-1/00','Comércio varejista de vidros'),('4744-0/01','Comércio varejista de ferragens e ferramentas'),('4744-0/02','Comércio varejista de madeira e artefatos'),('4744-0/03','Comércio varejista de materiais hidráulicos'),('4744-0/04','Comércio varejista de cal, areia, pedra britada, tijolos e telhas'),('4744-0/05','Comércio varejista de materiais de construção não especificados anteriormente'),('4744-0/99','Comércio varejista de materiais de construção em geral'),('4751-2/00','Comércio varejista especializado de equipamentos e suprimentos de informática'),('4752-1/00','Comércio varejista especializado de equipamentos de telefonia e comunicação'),('4753-9/00','Comércio varejista especializado de eletrodomésticos e equipamentos de áudio e vídeo'),('4754-7/01','Comércio varejista de móveis'),('4754-7/02','Comércio varejista de artigos de colchoaria'),('4754-7/03','Comércio varejista de artigos de iluminação'),('4755-5/01','Comércio varejista de tecidos'),('4755-5/02','Comercio varejista de artigos de armarinho'),('4755-5/03','Comercio varejista de artigos de cama, mesa e banho'),('4756-3/00','Comércio varejista especializado de instrumentos musicais e acessórios'),('4757-1/00','Comércio varejista especializado de peças e acessórios para aparelhos eletroeletrônicos para uso doméstico, exceto informática e comunicação'),('4759-8/01','Comércio varejista de artigos de tapeçaria, cortinas e persianas'),('4759-8/99','Comércio varejista de outros artigos de uso doméstico não especificados anteriormente'),('4761-0/01','Comércio varejista de livros'),('4761-0/02','Comércio varejista de jornais e revistas'),('4761-0/03','Comércio varejista de artigos de papelaria'),('4762-8/00','Comércio varejista de discos, CDs, DVDs e fitas'),('4763-6/01','Comércio varejista de brinquedos e artigos recreativos'),('4763-6/02','Comércio varejista de artigos esportivos'),('4763-6/03','Comércio varejista de bicicletas e triciclos; peças e acessórios'),('4763-6/04','Comércio varejista de artigos de caça, pesca e camping'),('4763-6/05','Comércio varejista de embarcações e outros veículos recreativos; peças e acessórios'),('4771-7/01','Comércio varejista de produtos farmacêuticos, sem manipulação de fórmulas'),('4771-7/02','Comércio varejista de produtos farmacêuticos, com manipulação de fórmulas'),('4771-7/03','Comércio varejista de produtos farmacêuticos homeopáticos'),('4771-7/04','Comércio varejista de medicamentos veterinários'),('4772-5/00','Comércio varejista de cosméticos, produtos de perfumaria e de higiene pessoal'),('4773-3/00','Comércio varejista de artigos médicos e ortopédicos'),('4774-1/00','Comércio varejista de artigos de óptica'),('4781-4/00','Comércio varejista de artigos do vestuário e acessórios'),('4782-2/01','Comércio varejista de calçados'),('4782-2/02','Comércio varejista de artigos de viagem'),('4783-1/01','Comércio varejista de artigos de joalheria'),('4783-1/02','Comércio varejista de artigos de relojoaria'),('4784-9/00','Comércio varejista de gás liqüefeito de petróleo (GLP)'),('4785-7/01','Comércio varejista de antigüidades'),('4785-7/99','Comércio varejista de outros artigos usados'),('4789-0/01','Comércio varejista de suvenires, bijuterias e artesanatos'),('4789-0/02','Comércio varejista de plantas e flores naturais'),('4789-0/03','Comércio varejista de objetos de arte'),('4789-0/04','Comércio varejista de animais vivos e de artigos e alimentos para animais de estimação'),('4789-0/05','Comércio varejista de produtos saneantes domissanitários'),('4789-0/06','Comércio varejista de fogos de artifício e artigos pirotécnicos'),('4789-0/07','Comércio varejista de equipamentos para escritório'),('4789-0/08','Comércio varejista de artigos fotográficos e para filmagem'),('4789-0/09','Comércio varejista de armas e munições'),('4789-0/99','Comércio varejista de outros produtos não especificados anteriormente'),('4911-6/00','Transporte ferroviário de carga'),('4912-4/01','Transporte ferroviário de passageiros intermunicipal e interestadual'),('4912-4/02','Transporte ferroviário de passageiros municipal e em região metropolitana'),('4912-4/03','Transporte metroviário'),('4921-3/01','Transporte rodoviário coletivo de passageiros, com itinerário fixo, municipal'),('4921-3/02','Transporte rodoviário coletivo de passageiros, com itinerário fixo, intermunicipal em região metropolitana'),('4922-1/01','Transporte rodoviário coletivo de passageiros, com itinerário fixo, intermunicipal, exceto em região metropolitana'),('4922-1/02','Transporte rodoviário coletivo de passageiros, com itinerário fixo, interestadual'),('4922-1/03','Transporte rodoviário coletivo de passageiros, com itinerário fixo, internacional'),('4923-0/01','Serviço de táxi'),('4923-0/02','Serviço de transporte de passageiros - locação de automóveis com motorista'),('4924-8/00','Transporte escolar'),('4929-9/01','Transporte rodoviário coletivo de passageiros, sob regime de fretamento, municipal'),('4929-9/02','Transporte rodoviário coletivo de passageiros, sob regime de fretamento, intermunicipal, interestadual e internacional'),('4929-9/03','Organização de excursões em veículos rodoviários próprios, municipal'),('4929-9/04','Organização de excursões em veículos rodoviários próprios, intermunicipal, interestadual e internacional'),('4929-9/99','Outros transportes rodoviários de passageiros não especificados anteriormente'),('4930-2/01','Transporte rodoviário de carga, exceto produtos perigosos e mudanças, municipal'),('4930-2/02','Transporte rodoviário de carga, exceto produtos perigosos e mudanças, intermunicipal, interestadual e internacional'),('4930-2/03','Transporte rodoviário de produtos perigosos'),('4930-2/04','Transporte rodoviário de mudanças'),('4940-0/00','Transporte dutoviário'),('4950-7/00','Trens turísticos, teleféricos e similares'),('5011-4/01','Transporte marítimo de cabotagem - Carga'),('5011-4/02','Transporte marítimo de cabotagem - passageiros'),('5012-2/01','Transporte marítimo de longo curso - Carga'),('5012-2/02','Transporte marítimo de longo curso - Passageiros'),('5021-1/01','Transporte por navegação interior de carga, municipal, exceto travessia'),('5021-1/02','Transporte por navegação interior de carga, intermunicipal, interestadual e internacional, exceto travessia'),('5022-0/01','Transporte por navegação interior de passageiros em linhas regulares, municipal, exceto travessia'),('5022-0/02','Transporte por navegação interior de passageiros em linhas regulares, intermunicipal, interestadual e internacional, exceto travessia'),('5030-1/01','Navegação de apoio marítimo'),('5030-1/02','Navegação de apoio portuário'),('5091-2/01','Transporte por navegação de travessia, municipal'),('5091-2/02','Transporte por navegação de travessia, intermunicipal'),('5099-8/01','Transporte aquaviário para passeios turísticos'),('5099-8/99','Outros transportes aquaviários não especificados anteriormente'),('5111-1/00','Transporte aéreo de passageiros regular'),('5112-9/01','Serviço de táxi aéreo e locação de aeronaves com tripulação'),('5112-9/99','Outros serviços de transporte aéreo de passageiros não-regular'),('5120-0/00','Transporte aéreo de carga'),('5130-7/00','Transporte espacial'),('5211-7/01','Armazéns gerais - emissão de warrant'),('5211-7/02','Guarda-móveis'),('5211-7/99','Depósitos de mercadorias para terceiros, exceto armazéns gerais e guarda-móveis'),('5212-5/00','Carga e descarga'),('5221-4/00','Concessionárias de rodovias, pontes, túneis e serviços relacionados'),('5222-2/00','Terminais rodoviários e ferroviários'),('5223-1/00','Estacionamento de veículos'),('5229-0/01','Serviços de apoio ao transporte por táxi, inclusive centrais de chamada'),('5229-0/02','Serviços de reboque de veículos'),('5229-0/99','Outras atividades auxiliares dos transportes terrestres não especificadas anteriormente'),('5231-1/01','Administração da infra-estrutura portuária'),('5231-1/02','Operações de terminais'),('5232-0/00','Atividades de agenciamento marítimo'),('5239-7/00','Atividades auxiliares dos transportes aquaviários não especificadas anteriormente'),('5240-1/01','Operação dos aeroportos e campos de aterrissagem'),('5240-1/99','Atividades auxiliares dos transportes aéreos, exceto operação dos aeroportos e campos de aterrissagem'),('5250-8/01','Comissaria de despachos'),('5250-8/02','Atividades de despachantes aduaneiros'),('5250-8/03','Agenciamento de cargas, exceto para o transporte marítimo'),('5250-8/04','Organização logística do transporte de carga'),('5250-8/05','Operador de transporte multimodal - OTM'),('5310-5/01','Atividades do Correio Nacional'),('5310-5/02','Atividades de franqueadas e permissionárias do Correio Nacional'),('5320-2/01','Serviços de malote não realizados pelo Correio Nacional'),('5320-2/02','Serviços de entrega rápida'),('5510-8/01','Hotéis'),('5510-8/02','Apart-hotéis'),('5510-8/03','Motéis'),('5590-6/01','Albergues, exceto assistenciais'),('5590-6/02','Campings'),('5590-6/03','Pensões (alojamento)'),('5590-6/99','Outros alojamentos não especificados anteriormente'),('5611-2/01','Restaurantes e similares'),('5611-2/02','Bares e outros estabelecimentos especializados em servir bebidas'),('5611-2/03','Lanchonetes, casas de chá, de sucos e similares'),('5612-1/00','Serviços ambulantes de alimentação'),('5620-1/01','Fornecimento de alimentos preparados preponderantemente para empresas'),('5620-1/02','Serviços de alimentação para eventos e recepções - bufê'),('5620-1/03','Cantinas - serviços de alimentação privativos'),('5620-1/04','Fornecimento de alimentos preparados preponderantemente para consumo domiciliar'),('5811-5/00','Edição de livros'),('5812-3/00','Edição de jornais'),('5813-1/00','Edição de revistas'),('5819-1/00','Edição de cadastros, listas e outros produtos gráficos'),('5821-2/00','Edição integrada à impressão de livros'),('5822-1/00','Edição integrada à impressão de jornais'),('5823-9/00','Edição integrada à impressão de revistas'),('5829-8/00','Edição integrada à impressão de cadastros, listas e outros produtos gráficos'),('5911-1/01','Estúdios cinematográficos'),('5911-1/02','Produção de filmes para publicidade'),('5911-1/99','Atividades de produção cinematográfica, de vídeos e de programas de televisão não especificadas anteriormente'),('5912-0/01','Serviços de dublagem'),('5912-0/02','Serviços de mixagem sonora em produção audiovisual'),('5912-0/99','Atividades de pós-produção cinematográfica, de vídeos e de programas de televisão não especificadas anteriormente'),('5913-8/00','Distribuição cinematográfica, de vídeo e de programas de televisão'),('5914-6/00','Atividades de exibição cinematográfica'),('5920-1/00','Atividades de gravação de som e de edição de música'),('6010-1/00','Atividades de rádio'),('6021-7/00','Atividades de televisão aberta'),('6022-5/01','Programadoras'),('6022-5/02','Atividades relacionadas à televisão por assinatura, exceto programadoras'),('6110-8/01','Serviços de telefonia fixa comutada - STFC'),('6110-8/02','Serviços de redes de transporte de telecomunicações - SRTT'),('6110-8/03','Serviços de comunicação multimídia - SCM'),('6110-8/99','Serviços de telecomunicações por fio não especificados anteriormente'),('6120-5/01','Telefonia móvel celular'),('6120-5/02','Serviço móvel especializado - SME'),('6120-5/99','Serviços de telecomunicações sem fio não especificados anteriormente'),('6130-2/00','Telecomunicações por satélite'),('6141-8/00','Operadoras de televisão por assinatura por cabo'),('6142-6/00','Operadoras de televisão por assinatura por microondas'),('6143-4/00','Operadoras de televisão por assinatura por satélite'),('6190-6/01','Provedores de acesso às redes de comunicações'),('6190-6/02','Provedores de voz sobre protocolo internet - VOIP'),('6190-6/99','Outras atividades de telecomunicações não especificadas anteriormente'),('6201-5/00','Desenvolvimento de programas de computador sob encomenda'),('6202-3/00','Desenvolvimento e licenciamento de programas de computador customizáveis'),('6203-1/00','Desenvolvimento e licenciamento de programas de computador não-customizáveis'),('6204-0/00','Consultoria em tecnologia da informação'),('6209-1/00','Suporte técnico, manutenção e outros serviços em tecnologia da informação'),('6311-9/00','Tratamento de dados, provedores de serviços de aplicação e serviços de hospedagem na internet'),('6319-4/00','Portais, provedores de conteúdo e outros serviços de informação na internet'),('6391-7/00','Agências de notícias'),('6399-2/00','Outras atividades de prestação de serviços de informação não especificadas anteriormente'),('6410-7/00','Banco Central'),('6421-2/00','Bancos comerciais'),('6422-1/00','Bancos múltiplos, com carteira comercial'),('6423-9/00','Caixas econômicas'),('6424-7/01','Bancos cooperativos'),('6424-7/02','Cooperativas centrais de crédito'),('6424-7/03','Cooperativas de crédito mútuo'),('6424-7/04','Cooperativas de crédito rural'),('6431-0/00','Bancos múltiplos, sem carteira comercial'),('6432-8/00','Bancos de investimento'),('6433-6/00','Bancos de desenvolvimento'),('6434-4/00','Agências de fomento'),('6435-2/01','Sociedades de crédito imobiliário'),('6435-2/02','Associações de poupança e empréstimo'),('6435-2/03','Companhias hipotecárias'),('6436-1/00','Sociedades de crédito, financiamento e investimento - financeiras'),('6437-9/00','Sociedades de crédito ao microempreendedor'),('6438-7/01','Bancos de câmbio'),('6438-7/99','Outras instituições de intermediação não-monetária não especificadas anteriormente'),('6440-9/00','Arrendamento mercantil'),('6450-6/00','Sociedades de capitalização'),('6461-1/00','Holdings de instituições financeiras'),('6462-0/00','Holdings de instituições não-financeiras'),('6463-8/00','Outras sociedades de participação, exceto holdings'),('6470-1/01','Fundos de investimento, exceto previdenciários e imobiliários'),('6470-1/02','Fundos de investimento previdenciários'),('6470-1/03','Fundos de investimento imobiliários'),('6491-3/00','Sociedades de fomento mercantil - factoring'),('6492-1/00','Securitização de créditos'),('6493-0/00','Administração de consórcios para aquisição de bens e direitos'),('6499-9/01','Clubes de investimento'),('6499-9/02','Sociedades de investimento'),('6499-9/03','Fundo garantidor de crédito'),('6499-9/04','Caixas de financiamento de corporações'),('6499-9/05','Concessão de crédito pelas OSCIP'),('6499-9/99','Outras atividades de serviços financeiros não especificadas anteriormente'),('6511-1/01','Seguros de vida'),('6511-1/02','Planos de auxílio-funeral'),('6512-0/00','Seguros não-vida'),('6520-1/00','Seguros-saúde'),('6530-8/00','Resseguros'),('6541-3/00','Previdência complementar fechada'),('6542-1/00','Previdência complementar aberta'),('6550-2/00','Planos de saúde'),('6611-8/01','Bolsa de valores'),('6611-8/02','Bolsa de mercadorias'),('6611-8/03','Bolsa de mercadorias e futuros'),('6611-8/04','Administração de mercados de balcão organizados'),('6612-6/01','Corretoras de títulos e valores mobiliários'),('6612-6/02','Distribuidoras de títulos e valores mobiliários'),('6612-6/03','Corretoras de câmbio'),('6612-6/04','Corretoras de contratos de mercadorias'),('6612-6/05','Agentes de investimentos em aplicações financeiras'),('6613-4/00','Administração de cartões de crédito'),('6619-3/01','Serviços de liquidação e custódia'),('6619-3/02','Correspondentes de instituições financeiras'),('6619-3/03','Representações de bancos estrangeiros'),('6619-3/04','Caixas eletrônicos'),('6619-3/05','Operadoras de cartões de débito'),('6619-3/99','Outras atividades auxiliares dos serviços financeiros não especificadas anteriormente'),('6621-5/01','Peritos e avaliadores de seguros'),('6621-5/02','Auditoria e consultoria atuarial'),('6622-3/00','Corretores e agentes de seguros, de planos de previdência complementar e de saúde'),('6629-1/00','Atividades auxiliares dos seguros, da previdência complementar e dos planos de saúde não especificadas anteriormente'),('6630-4/00','Atividades de administração de fundos por contrato ou comissão'),('6810-2/01','Compra e venda de imóveis próprios'),('6810-2/02','Aluguel de imóveis próprios'),('6821-8/01','Corretagem na compra e venda e avaliação de imóveis'),('6821-8/02','Corretagem no aluguel de imóveis'),('6822-6/00','Gestão e administração da propriedade imobiliária'),('6911-7/01','Serviços advocatícios'),('6911-7/02','Atividades auxiliares da justiça'),('6911-7/03','Agente de propriedade industrial'),('6912-5/00','Cartórios'),('6920-6/01','Atividades de contabilidade'),('6920-6/02','Atividades de consultoria e auditoria contábil e tributária'),('7020-4/00','Atividades de consultoria em gestão empresarial, exceto consultoria técnica específica'),('7111-1/00','Serviços de arquitetura'),('7112-0/00','Serviços de engenharia'),('7119-7/01','Serviços de cartografia, topografia e geodésia'),('7119-7/02','Atividades de estudos geológicos'),('7119-7/03','Serviços de desenho técnico relacionados à arquitetura e engenharia'),('7119-7/04','Serviços de perícia técnica relacionados à segurança do trabalho'),('7119-7/99','Atividades técnicas relacionadas à engenharia e arquitetura não especificadas anteriormente'),('7120-1/00','Testes e análises técnicas'),('7210-0/00','Pesquisa e desenvolvimento experimental em ciências físicas e naturais'),('7220-7/00','Pesquisa e desenvolvimento experimental em ciências sociais e humanas'),('7311-4/00','Agências de publicidade'),('7312-2/00','Agenciamento de espaços para publicidade, exceto em veículos de comunicação'),('7319-0/01','Criação de estandes para feiras e exposições'),('7319-0/02','Promoção de vendas'),('7319-0/03','Marketing direto'),('7319-0/04','Consultoria em publicidade'),('7319-0/99','Outras atividades de publicidade não especificadas anteriormente'),('7320-3/00','Pesquisas de mercado e de opinião pública'),('7410-2/01','Design'),('7410-2/02','Decoração de interiores'),('7420-0/01','Atividades de produção de fotografias, exceto aérea e submarina'),('7420-0/02','Atividades de produção de fotografias aéreas e submarinas'),('7420-0/03','Laboratórios fotográficos'),('7420-0/04','Filmagem de festas e eventos'),('7420-0/05','Serviços de microfilmagem'),('7490-1/01','Serviços de tradução, interpretação e similares'),('7490-1/02','Escafandria e mergulho'),('7490-1/03','Serviços de agronomia e de consultoria às atividades agrícolas e pecuárias'),('7490-1/04','Atividades de intermediação e agenciamento de serviços e negócios em geral, exceto imobiliários'),('7490-1/05','Agenciamento de profissionais para atividades esportivas, culturais e artísticas'),('7490-1/99','Outras atividades profissionais, científicas e técnicas não especificadas anteriormente'),('7500-1/00','Atividades veterinárias'),('7711-0/00','Locação de automóveis sem condutor'),('7719-5/01','Locação de embarcações sem tripulação, exceto para fins recreativos'),('7719-5/02','Locação de aeronaves sem tripulação'),('7719-5/99','Locação de outros meios de transporte não especificados anteriormente, sem condutor'),('7721-7/00','Aluguel de equipamentos recreativos e esportivos'),('7722-5/00','Aluguel de fitas de vídeo, DVDs e similares'),('7723-3/00','Aluguel de objetos do vestuário, jóias e acessórios'),('7729-2/01','Aluguel de aparelhos de jogos eletrônicos'),('7729-2/02','Aluguel de móveis, utensílios e aparelhos de uso doméstico e pessoal; instrumentos musicais'),('7729-2/03','Aluguel de material médico'),('7729-2/99','Aluguel de outros objetos pessoais e domésticos não especificados anteriormente'),('7731-4/00','Aluguel de máquinas e equipamentos agrícolas sem operador'),('7732-2/01','Aluguel de máquinas e equipamentos para construção sem operador, exceto andaimes'),('7732-2/02','Aluguel de andaimes'),('7733-1/00','Aluguel de máquinas e equipamentos para escritório'),('7739-0/01','Aluguel de máquinas e equipamentos para extração de minérios e petróleo, sem operador'),('7739-0/02','Aluguel de equipamentos científicos, médicos e hospitalares, sem operador'),('7739-0/03','Aluguel de palcos, coberturas e outras estruturas de uso temporário, exceto andaimes'),('7739-0/99','Aluguel de outras máquinas e equipamentos comerciais e industriais não especificados anteriormente, sem operador'),('7740-3/00','Gestão de ativos intangíveis não-financeiros'),('7810-8/00','Seleção e agenciamento de mão-de-obra'),('7820-5/00','Locação de mão-de-obra temporária'),('7830-2/00','Fornecimento e gestão de recursos humanos para terceiros'),('7911-2/00','Agências de viagens'),('7912-1/00','Operadores turísticos'),('7990-2/00','Serviços de reservas e outros serviços de turismo não especificados anteriormente'),('8011-1/01','Atividades de vigilância e segurança privada'),('8011-1/02','Serviços de adestramento de cães de guarda'),('8012-9/00','Atividades de transporte de valores'),('8020-0/00','Atividades de monitoramento de sistemas de segurança'),('8030-7/00','Atividades de investigação particular'),('8111-7/00','Serviços combinados para apoio a edifícios, exceto condomínios prediais'),('8112-5/00','Condomínios prediais'),('8121-4/00','Limpeza em prédios e em domicílios'),('8122-2/00','Imunização e controle de pragas urbanas'),('8129-0/00','Atividades de limpeza não especificadas anteriormente'),('8130-3/00','Atividades paisagísticas'),('8211-3/00','Serviços combinados de escritório e apoio administrativo'),('8219-9/01','Fotocópias'),('8219-9/99','Preparação de documentos e serviços especializados de apoio administrativo não especificados anteriormente'),('8220-2/00','Atividades de teleatendimento'),('8230-0/01','Serviços de organização de feiras, congressos, exposições e festas'),('8230-0/02','Casas de festas e eventos'),('8291-1/00','Atividades de cobrança e informações cadastrais'),('8292-0/00','Envasamento e empacotamento sob contrato'),('8299-7/01','Medição de consumo de energia elétrica, gás e água'),('8299-7/02','Emissão de vales-alimentação, vales-transporte e similares'),('8299-7/03','Serviços de gravação de carimbos, exceto confecção'),('8299-7/04','Leiloeiros independentes'),('8299-7/05','Serviços de levantamento de fundos sob contrato'),('8299-7/06','Casas lotéricas'),('8299-7/07','Salas de acesso à internet'),('8299-7/99','Outras atividades de serviços prestados principalmente às empresas não especificadas anteriormente'),('8411-6/00','Administração pública em geral'),('8412-4/00','Regulação das atividades de saúde, educação, serviços culturais e outros serviços sociais'),('8413-2/00','Regulação das atividades econômicas'),('8421-3/00','Relações exteriores'),('8422-1/00','Defesa'),('8423-0/00','Justiça'),('8424-8/00','Segurança e ordem pública'),('8425-6/00','Defesa Civil'),('8430-2/00','Seguridade social obrigatória'),('8511-2/00','Educação infantil - creche'),('8512-1/00','Educação infantil - pré-escola'),('8513-9/00','Ensino fundamental'),('8520-1/00','Ensino médio'),('8531-7/00','Educação superior - graduação'),('8532-5/00','Educação superior - graduação e pós-graduação'),('8533-3/00','Educação superior - pós-graduação e extensão'),('8541-4/00','Educação profissional de nível técnico'),('8542-2/00','Educação profissional de nível tecnológico'),('8550-3/01','Administração de caixas escolares'),('8550-3/02','Atividades de apoio à educação, exceto caixas escolares'),('8591-1/00','Ensino de esportes'),('8592-9/01','Ensino de dança'),('8592-9/02','Ensino de artes cênicas, exceto dança'),('8592-9/03','Ensino de música'),('8592-9/99','Ensino de arte e cultura não especificado anteriormente'),('8593-7/00','Ensino de idiomas'),('8599-6/01','Formação de condutores'),('8599-6/02','Cursos de pilotagem'),('8599-6/03','Treinamento em informática'),('8599-6/04','Treinamento em desenvolvimento profissional e gerencial'),('8599-6/05','Cursos preparatórios para concursos'),('8599-6/99','Outras atividades de ensino não especificadas anteriormente'),('8610-1/01','Atividades de atendimento hospitalar, exceto pronto-socorro e unidades para atendimento a urgências'),('8610-1/02','Atividades de atendimento em pronto-socorro e unidades hospitalares para atendimento a urgências'),('8621-6/01','UTI móvel'),('8621-6/02','Serviços móveis de atendimento a urgências, exceto por UTI móvel'),('8622-4/00','Serviços de remoção de pacientes, exceto os serviços móveis de atendimento a urgências'),('8630-5/01','Atividade médica ambulatorial com recursos para realização de procedimentos cirúrgicos'),('8630-5/02','Atividade médica ambulatorial com recursos para realização de exames complementares'),('8630-5/03','Atividade médica ambulatorial restrita a consultas'),('8630-5/04','Atividade odontológica'),('8630-5/06','Serviços de vacinação e imunização humana'),('8630-5/07','Atividades de reprodução humana assistida'),('8630-5/99','Atividades de atenção ambulatorial não especificadas anteriormente'),('8640-2/01','Laboratórios de anatomia patológica e citológica'),('8640-2/02','Laboratórios clínicos'),('8640-2/03','Serviços de diálise e nefrologia'),('8640-2/04','Serviços de tomografia'),('8640-2/05','Serviços de diagnóstico por imagem com uso de radiação ionizante, exceto tomografia'),('8640-2/06','Serviços de ressonância magnética'),('8640-2/07','Serviços de diagnóstico por imagem sem uso de radiação ionizante, exceto ressonância magnética'),('8640-2/08','Serviços de diagnóstico por registro gráfico - ECG, EEG e outros exames análogos'),('8640-2/09','Serviços de diagnóstico por métodos ópticos - endoscopia e outros exames análogos'),('8640-2/10','Serviços de quimioterapia'),('8640-2/11','Serviços de radioterapia'),('8640-2/12','Serviços de hemoterapia'),('8640-2/13','Serviços de litotripsia'),('8640-2/14','Serviços de bancos de células e tecidos humanos'),('8640-2/99','Atividades de serviços de complementação diagnóstica e terapêutica não especificadas anteriormente'),('8650-0/01','Atividades de enfermagem'),('8650-0/02','Atividades de profissionais da nutrição'),('8650-0/03','Atividades de psicologia e psicanálise'),('8650-0/04','Atividades de fisioterapia'),('8650-0/05','Atividades de terapia ocupacional'),('8650-0/06','Atividades de fonoaudiologia'),('8650-0/07','Atividades de terapia de nutrição enteral e parenteral'),('8650-0/99','Atividades de profissionais da área de saúde não especificadas anteriormente'),('8660-7/00','Atividades de apoio à gestão de saúde'),('8690-9/01','Atividades de práticas integrativas e complementares em saúde humana'),('8690-9/02','Atividades de bancos de leite humano'),('8690-9/99','Outras atividades de atenção à saúde humana não especificadas anteriormente'),('8711-5/01','Clínicas e residências geriátricas'),('8711-5/02','Instituições de longa permanência para idosos'),('8711-5/03','Atividades de assistência a deficientes físicos, imunodeprimidos e convalescentes'),('8711-5/04','Centros de apoio a pacientes com câncer e com AIDS'),('8711-5/05','Condomínios residenciais para idosos'),('8712-3/00','Atividades de fornecimento de infra-estrutura de apoio e assistência a paciente no domicílio'),('8720-4/01','Atividades de centros de assistência psicossocial'),('8720-4/99','Atividades de assistência psicossocial e à saúde a portadores de distúrbios psíquicos, deficiência mental e dependência química não especificadas anteriormente'),('8730-1/01','Orfanatos'),('8730-1/02','Albergues assistenciais'),('8730-1/99','Atividades de assistência social prestadas em residências coletivas e particulares não especificadas anteriormente'),('8800-6/00','Serviços de assistência social sem alojamento'),('9001-9/01','Produção teatral'),('9001-9/02','Produção musical'),('9001-9/03','Produção de espetáculos de dança'),('9001-9/04','Produção de espetáculos circenses, de marionetes e similares'),('9001-9/05','Produção de espetáculos de rodeios, vaquejadas e similares'),('9001-9/06','Atividades de sonorização e de iluminação'),('9001-9/99','Artes cênicas, espetáculos e atividades complementares não especificados anteriormente'),('9002-7/01','Atividades de artistas plásticos, jornalistas independentes e escritores'),('9002-7/02','Restauração de obras de arte'),('9003-5/00','Gestão de espaços para artes cênicas, espetáculos e outras atividades artísticas'),('9101-5/00','Atividades de bibliotecas e arquivos'),('9102-3/01','Atividades de museus e de exploração de lugares e prédios históricos e atrações similares'),('9102-3/02','Restauração e conservação de lugares e prédios históricos'),('9103-1/00','Atividades de jardins botânicos, zoológicos, parques nacionais, reservas ecológicas e áreas de proteção ambiental'),('9200-3/01','Casas de bingo'),('9200-3/02','Exploração de apostas em corridas de cavalos'),('9200-3/99','Exploração de jogos de azar e apostas não especificados anteriormente'),('9311-5/00','Gestão de instalações de esportes'),('9312-3/00','Clubes sociais, esportivos e similares'),('9313-1/00','Atividades de condicionamento físico'),('9319-1/01','Produção e promoção de eventos esportivos'),('9319-1/99','Outras atividades esportivas não especificadas anteriormente'),('9321-2/00','Parques de diversão e parques temáticos'),('9329-8/01','Discotecas, danceterias, salões de dança e similares'),('9329-8/02','Exploração de boliches'),('9329-8/03','Exploração de jogos de sinuca, bilhar e similares'),('9329-8/04','Exploração de jogos eletrônicos recreativos'),('9329-8/99','Outras atividades de recreação e lazer não especificadas anteriormente'),('9411-1/00','Atividades de organizações associativas patronais e empresariais'),('9412-0/00','Atividades de organizações associativas profissionais'),('9420-1/00','Atividades de organizações sindicais'),('9430-8/00','Atividades de associações de defesa de direitos sociais'),('9491-0/00','Atividades de organizações religiosas'),('9492-8/00','Atividades de organizações políticas'),('9493-6/00','Atividades de organizações associativas ligadas à cultura e à arte'),('9499-5/00','Atividades associativas não especificadas anteriormente'),('9511-8/00','Reparação e manutenção de computadores e de equipamentos periféricos'),('9512-6/00','Reparação e manutenção de equipamentos de comunicação'),('9521-5/00','Reparação e manutenção de equipamentos eletroeletrônicos de uso pessoal e doméstico'),('9529-1/01','Reparação de calçados, bolsas e artigos de viagem'),('9529-1/02','Chaveiros'),('9529-1/03','Reparação de relógios'),('9529-1/04','Reparação de bicicletas, triciclos e outros veículos não-motorizados'),('9529-1/05','Reparação de artigos do mobiliário'),('9529-1/06','Reparação de jóias'),('9529-1/99','Reparação e manutenção de outros objetos e equipamentos pessoais e domésticos não especificados anteriormente'),('9601-7/01','Lavanderias'),('9601-7/02','Tinturarias'),('9601-7/03','Toalheiros'),('9602-5/01','Cabeleireiros'),('9602-5/02','Outras atividades de tratamento de beleza'),('9603-3/01','Gestão e manutenção de cemitérios'),('9603-3/02','Serviços de cremação'),('9603-3/03','Serviços de sepultamento'),('9603-3/04','Serviços de funerárias'),('9603-3/05','Serviços de somatoconservação'),('9603-3/99','Atividades funerárias e serviços relacionados não especificados anteriormente'),('9609-2/01','Clínicas de estética e similares'),('9609-2/02','Agências matrimoniais'),('9609-2/03','Alojamento, higiene e embelezamento de animais'),('9609-2/04','Exploração de máquinas de serviços pessoais acionadas por moeda'),('9609-2/99','Outras atividades de serviços pessoais não especificadas anteriormente'),('9700-5/00','Serviços domésticos'),('9900-8/00','Organismos internacionais e outras instituições extraterritoriais');
/*!40000 ALTER TABLE `cnae` ENABLE KEYS */;
UNLOCK TABLES;

--
-- Table structure for table `demographic_educationallevel`
--

DROP TABLE IF EXISTS `demographic_educationallevel`;
/*!40101 SET @saved_cs_client     = @@character_set_client */;
/*!40101 SET character_set_client = utf8 */;
CREATE TABLE `demographic_educationallevel` (
  `id` int(11) NOT NULL AUTO_INCREMENT,
  `school_grade` varchar(2) NOT NULL,
  `comments` longtext NOT NULL,
  `client_id` varchar(36) DEFAULT NULL,
  PRIMARY KEY (`id`),
  UNIQUE KEY `client_id` (`client_id`)
) ENGINE=MyISAM DEFAULT CHARSET=latin1;
/*!40101 SET character_set_client = @saved_cs_client */;

--
-- Dumping data for table `demographic_educationallevel`
--

LOCK TABLES `demographic_educationallevel` WRITE;
/*!40000 ALTER TABLE `demographic_educationallevel` DISABLE KEYS */;
/*!40000 ALTER TABLE `demographic_educationallevel` ENABLE KEYS */;
UNLOCK TABLES;

--
-- Table structure for table `demographic_profession`
--

DROP TABLE IF EXISTS `demographic_profession`;
/*!40101 SET @saved_cs_client     = @@character_set_client */;
/*!40101 SET character_set_client = utf8 */;
CREATE TABLE `demographic_profession` (
  `id` int(11) NOT NULL AUTO_INCREMENT,
  `profession_id` int(11) DEFAULT NULL,
  `synonyms` varchar(999) DEFAULT NULL,
  `labor_market_status` varchar(2) NOT NULL,
  `workplace` longtext NOT NULL,
  `working_hours` longtext NOT NULL,
  `status` tinyint(1) NOT NULL,
  `comments` longtext NOT NULL,
  `client_id` varchar(36) DEFAULT NULL,
  PRIMARY KEY (`id`),
  KEY `demographic_profession_9b5c6ac` (`profession_id`),
  KEY `demographic_profession_4a4e8ffb` (`client_id`)
) ENGINE=MyISAM DEFAULT CHARSET=latin1;
/*!40101 SET character_set_client = @saved_cs_client */;

--
-- Dumping data for table `demographic_profession`
--

LOCK TABLES `demographic_profession` WRITE;
/*!40000 ALTER TABLE `demographic_profession` DISABLE KEYS */;
/*!40000 ALTER TABLE `demographic_profession` ENABLE KEYS */;
UNLOCK TABLES;

--
-- Table structure for table `device_device`
--

DROP TABLE IF EXISTS `device_device`;
/*!40101 SET @saved_cs_client     = @@character_set_client */;
/*!40101 SET character_set_client = utf8 */;
CREATE TABLE `device_device` (
  `id` varchar(36) NOT NULL,
  `description` varchar(80) NOT NULL,
  `organization_id` varchar(36) DEFAULT NULL,
  PRIMARY KEY (`id`),
  KEY `device_device_97d7cd8d` (`organization_id`)
) ENGINE=MyISAM DEFAULT CHARSET=latin1;
/*!40101 SET character_set_client = @saved_cs_client */;

--
-- Dumping data for table `device_device`
--

LOCK TABLES `device_device` WRITE;
/*!40000 ALTER TABLE `device_device` DISABLE KEYS */;
/*!40000 ALTER TABLE `device_device` ENABLE KEYS */;
UNLOCK TABLES;

--
-- Table structure for table `device_devicedetails`
--

DROP TABLE IF EXISTS `device_devicedetails`;
/*!40101 SET @saved_cs_client     = @@character_set_client */;
/*!40101 SET character_set_client = utf8 */;
CREATE TABLE `device_devicedetails` (
  `id` varchar(36) NOT NULL,
  `brand` varchar(80) NOT NULL,
  `model` varchar(80) NOT NULL,
  `part_number` varchar(45) NOT NULL,
  `lendable` tinyint(1) NOT NULL,
  `comments` varchar(200) NOT NULL,
  `durability` varchar(1) NOT NULL,
  `prof_restriction_id` int(11) DEFAULT NULL,
  `mobility` varchar(1) NOT NULL,
  `place_id` varchar(36) DEFAULT NULL,
  `room_id` varchar(36) DEFAULT NULL,
  `device_id` varchar(36) NOT NULL,
  `active` tinyint(1) NOT NULL,
  PRIMARY KEY (`id`),
  KEY `device_devicedetails_c7d4a62a` (`prof_restriction_id`),
  KEY `device_devicedetails_c4391d6c` (`place_id`),
  KEY `device_devicedetails_109d8a5f` (`room_id`),
  KEY `device_devicedetails_5b7abc50` (`device_id`)
) ENGINE=MyISAM DEFAULT CHARSET=latin1;
/*!40101 SET character_set_client = @saved_cs_client */;

--
-- Dumping data for table `device_devicedetails`
--

LOCK TABLES `device_devicedetails` WRITE;
/*!40000 ALTER TABLE `device_devicedetails` DISABLE KEYS */;
/*!40000 ALTER TABLE `device_devicedetails` ENABLE KEYS */;
UNLOCK TABLES;

--
-- Table structure for table `django_admin_log`
--

DROP TABLE IF EXISTS `django_admin_log`;
/*!40101 SET @saved_cs_client     = @@character_set_client */;
/*!40101 SET character_set_client = utf8 */;
CREATE TABLE `django_admin_log` (
  `id` int(11) NOT NULL AUTO_INCREMENT,
  `action_time` datetime NOT NULL,
  `user_id` int(11) NOT NULL,
  `content_type_id` int(11) DEFAULT NULL,
  `object_id` longtext,
  `object_repr` varchar(200) NOT NULL,
  `action_flag` smallint(5) unsigned NOT NULL,
  `change_message` longtext NOT NULL,
  PRIMARY KEY (`id`),
  KEY `django_admin_log_fbfc09f1` (`user_id`),
  KEY `django_admin_log_e4470c6e` (`content_type_id`)
) ENGINE=MyISAM AUTO_INCREMENT=62 DEFAULT CHARSET=latin1;
/*!40101 SET character_set_client = @saved_cs_client */;

--
-- Dumping data for table `django_admin_log`
--

LOCK TABLES `django_admin_log` WRITE;
/*!40000 ALTER TABLE `django_admin_log` DISABLE KEYS */;
INSERT INTO `django_admin_log` VALUES (1,'2012-05-16 15:15:02',1,23,'9317c9a0-a2f9-45a8-a425-3b8ff4ffac26','teste',3,''),(2,'2012-05-16 15:15:51',1,7,'2','jayme',3,''),(3,'2012-05-16 15:18:07',1,23,'50e8021d-9031-4f9c-b2fc-40dd32422200','teste',3,''),(4,'2012-05-16 15:18:12',1,7,'3','jayme',3,''),(5,'2012-05-16 15:29:19',1,80,'419df159-9c33-496b-bfc5-bb38b87ce8d6','Admin',1,''),(6,'2012-05-16 15:29:24',1,9,'4','danielcj',1,''),(7,'2012-05-17 09:02:56',1,7,'4','jayme',2,'Changed is_active.'),(8,'2012-05-17 09:04:51',1,9,'3','jayme',2,'Changed try_login.'),(9,'2012-05-22 14:21:45',1,127,'2','GestorPsi',1,''),(10,'2012-05-22 14:22:05',1,127,'2','GestorPsi',2,'Changed contabancaria_carteira and titulo_nossonumero.'),(11,'2012-05-22 15:18:11',1,127,'1','GestorPsi',1,''),(12,'2012-05-23 10:27:45',1,127,'1','GestorPsi',2,'Changed titulo_nossonumero.'),(13,'2012-05-23 12:15:07',1,127,'1','GestorPsi',2,'No fields changed.'),(14,'2012-05-23 12:18:28',1,127,'1','GestorPsi',2,'Changed cedente_cnpj.'),(15,'2012-05-23 12:19:22',1,127,'1','GestorPsi',2,'Changed sacadoravalista_cnpj.'),(16,'2012-05-23 12:20:09',1,127,'1','GestorPsi',2,'No fields changed.'),(17,'2012-05-24 10:22:00',1,7,'7','jayme2',2,'Changed is_staff.'),(18,'2012-05-24 10:22:41',1,7,'7','jayme2',2,'Changed is_staff.'),(19,'2012-05-24 10:22:57',1,7,'4','jayme',3,''),(20,'2012-05-24 10:22:57',1,7,'8','jayme3',3,''),(21,'2012-05-24 10:22:57',1,7,'9','jayme34',3,''),(22,'2012-05-24 10:22:57',1,7,'10','jayme4',3,''),(23,'2012-05-24 10:22:57',1,7,'11','jayme45',3,''),(24,'2012-05-24 10:22:57',1,7,'12','jayme456',3,''),(25,'2012-05-24 10:22:57',1,7,'13','jayme5',3,''),(26,'2012-05-24 10:22:57',1,7,'14','jayme6',3,''),(27,'2012-05-24 10:22:57',1,7,'15','jayme7',3,''),(28,'2012-05-24 10:22:57',1,7,'16','jayme8',3,''),(29,'2012-05-24 10:22:57',1,7,'5','quack',3,''),(30,'2012-05-24 10:22:57',1,7,'6','tester',3,''),(31,'2012-05-24 10:24:01',1,23,'fac15c0a-856c-4efb-9197-9bdf01bbcb00','.doois.2',3,''),(32,'2012-05-24 10:24:01',1,23,'8c64be50-88c6-443d-aa11-417d580dfdb8','.doois.22',3,''),(33,'2012-05-24 10:24:01',1,23,'e94e9b13-dffa-4c03-a84b-ecaa2100c595','.doois.222',3,''),(34,'2012-05-24 10:24:01',1,23,'5e858154-cf5d-4677-ac57-cbae19b0e27d','.doois.2222',3,''),(35,'2012-05-24 10:24:01',1,23,'2e38694c-1e89-492f-97b1-19d8b12cdac8','teste10',3,''),(36,'2012-05-24 10:24:01',1,23,'c89a6c14-3aa4-42a0-982a-ccc286a376c1','teste24554',3,''),(37,'2012-05-24 10:24:01',1,23,'876c03f6-956e-4369-9485-9c6906dae333','teste245543',3,''),(38,'2012-05-24 10:24:01',1,23,'8c646af4-9270-4b2c-a5d0-c3f2995f1d61','teste26',3,''),(39,'2012-05-24 10:24:01',1,23,'6ad6059f-4cce-4485-930e-d00edf88a72f','teste265',3,''),(40,'2012-05-24 10:24:01',1,23,'f7ebae60-17c3-4ab9-9faa-473977e875b1','teste2656',3,''),(41,'2012-05-24 10:24:01',1,23,'a64baa99-a78a-4729-a85e-70a2c566cc28','tester2',3,''),(42,'2012-05-24 10:24:34',1,23,'721f6e5a-556f-450e-aed1-37f675a8638b','teste_danielcj',2,'Changed name and trade_name.'),(43,'2012-05-24 10:40:31',1,23,'d06ac5d4-f2c9-402a-88f3-8e6e7a11b542','teste',2,'Changed contact_owner.'),(44,'2012-05-24 11:14:52',1,6,'1','Organization Manager',1,''),(45,'2012-05-24 11:15:13',1,7,'7','jayme2',2,'Changed groups.'),(46,'2012-05-24 11:26:25',1,7,'7','jayme2',2,'Changed user_permissions.'),(47,'2012-05-24 11:28:11',1,80,'66969e75-6b2b-4244-a773-d183ca91110d','Jayme',2,'Changed photo, birthDate, birthPlace, gender and maritalStatus.'),(48,'2012-05-24 12:05:28',1,7,'7','jayme2',2,'Changed user_permissions.'),(49,'2012-05-24 13:53:20',1,7,'7','jayme2',2,'Changed user_permissions.'),(50,'2012-05-29 16:07:05',1,7,'19','oliver',1,''),(51,'2012-05-29 16:07:16',1,7,'19','oliver',2,'Modificado is_staff e is_superuser.'),(52,'2012-05-29 16:11:11',19,23,'da20dde2-745d-4cdc-ad14-ba00fd4cc3dd','IPC3',1,''),(53,'2012-05-29 16:11:34',19,80,'d5d78b93-1534-4776-8884-f21c441c4cc2','Oliver',1,''),(54,'2012-05-29 16:12:04',19,9,'19','oliver',1,''),(55,'2012-05-31 09:45:00',1,23,'5c2cd8a6-da08-46ab-90d0-83c5a513291e','.doois.22',2,'Modificado contact_owner.'),(56,'2012-06-06 10:25:39',1,127,'1','GestorPsi',2,'Nenhum campo modificado.'),(57,'2012-06-06 11:46:08',1,133,'2','gestorpsi.async_tasks.tasks.check_and_charge: every 310 seconds',3,''),(58,'2012-06-06 11:52:35',1,133,'3','gestorpsi.async_tasks.tasks.CheckAndCharge: every 60 seconds',3,''),(59,'2012-06-11 10:10:59',1,133,'4','gestorpsi.async_tasks.tasks.CheckAndCharge: every 60 seconds',3,''),(60,'2012-06-22 12:02:09',1,138,'1','arquivos_retorno/retorno-cb030400-bradesco_4.ret importado 2012-06-22 10:56:50',1,''),(61,'2012-06-22 12:02:43',1,138,'1','arquivos_retorno/retorno-cb030400-bradesco_5.ret importado 2012-06-22 10:56:50',2,'Modificado arquivo_retorno.');
/*!40000 ALTER TABLE `django_admin_log` ENABLE KEYS */;
UNLOCK TABLES;

--
-- Table structure for table `django_content_type`
--

DROP TABLE IF EXISTS `django_content_type`;
/*!40101 SET @saved_cs_client     = @@character_set_client */;
/*!40101 SET character_set_client = utf8 */;
CREATE TABLE `django_content_type` (
  `id` int(11) NOT NULL AUTO_INCREMENT,
  `name` varchar(100) NOT NULL,
  `app_label` varchar(100) NOT NULL,
  `model` varchar(100) NOT NULL,
  PRIMARY KEY (`id`),
  UNIQUE KEY `app_label` (`app_label`,`model`)
) ENGINE=MyISAM AUTO_INCREMENT=139 DEFAULT CHARSET=latin1;
/*!40101 SET character_set_client = @saved_cs_client */;

--
-- Dumping data for table `django_content_type`
--

LOCK TABLES `django_content_type` WRITE;
/*!40000 ALTER TABLE `django_content_type` DISABLE KEYS */;
INSERT INTO `django_content_type` VALUES (1,'session','sessions','session'),(2,'content type','contenttypes','contenttype'),(3,'site','sites','site'),(4,'log entry','admin','logentry'),(5,'permission','auth','permission'),(6,'group','auth','group'),(7,'user','auth','user'),(8,'message','auth','message'),(9,'profile','authentication','profile'),(10,'role','authentication','role'),(11,'cnae','util','cnae'),(12,'tax with hold','sponsor','taxwithhold'),(13,'sponsor','sponsor','sponsor'),(14,'professional responsible','organization','professionalresponsible'),(15,'person type','organization','persontype'),(16,'unit type','organization','unittype'),(17,'administration environment','organization','administrationenvironment'),(18,'source','organization','source'),(19,'provided type','organization','providedtype'),(20,'management','organization','management'),(21,'dependence','organization','dependence'),(22,'activitie','organization','activitie'),(23,'organization','organization','organization'),(24,'agreement type','organization','agreementtype'),(25,'agreement','organization','agreement'),(26,'age group','organization','agegroup'),(27,'education level','organization','educationlevel'),(28,'hierarchical level','organization','hierarchicallevel'),(29,'procedure provider','organization','procedureprovider'),(30,'procedure','organization','procedure'),(31,'institution type','careprofessional','institutiontype'),(32,'post graduate','careprofessional','postgraduate'),(33,'academic resume','careprofessional','academicresume'),(34,'profession','careprofessional','profession'),(35,'professional profile','careprofessional','professionalprofile'),(36,'licence board','careprofessional','licenceboard'),(37,'professional identification','careprofessional','professionalidentification'),(38,'student profile','careprofessional','studentprofile'),(39,'care professional','careprofessional','careprofessional'),(40,'place type','place','placetype'),(41,'place','place','place'),(42,'room type','place','roomtype'),(43,'room','place','room'),(44,'device','device','device'),(45,'device details','device','devicedetails'),(46,'service type','service','servicetype'),(47,'modality','service','modality'),(48,'area','service','area'),(49,'service','service','service'),(50,'service group','service','servicegroup'),(51,'group members','service','groupmembers'),(52,'marital status','client','maritalstatus'),(53,'family','client','family'),(54,'relation','client','relation'),(55,'person link','client','personlink'),(56,'client','client','client'),(57,'referral choice','admission','referralchoice'),(58,'admission referral','admission','admissionreferral'),(59,'attach','admission','attach'),(60,'referral priority','referral','referralpriority'),(61,'referral impact','referral','referralimpact'),(62,'queue','referral','queue'),(63,'referral attach','referral','referralattach'),(64,'referral','referral','referral'),(65,'referral discharge','referral','referraldischarge'),(66,'referral discharge reason','referral','referraldischargereason'),(67,'indication choice','referral','indicationchoice'),(68,'indication','referral','indication'),(69,'referral choice','referral','referralchoice'),(70,'referral referral','referral','referralreferral'),(71,'referral external','referral','referralexternal'),(72,'phone type','phone','phonetype'),(73,'phone','phone','phone'),(74,'country','address','country'),(75,'state','address','state'),(76,'city','address','city'),(77,'address type','address','addresstype'),(78,'address','address','address'),(79,'marital status','person','maritalstatus'),(80,'person','person','person'),(81,'company client','person','companyclient'),(82,'company','person','company'),(83,'employee','employee','employee'),(84,'issuer','document','issuer'),(85,'type document','document','typedocument'),(86,'document','document','document'),(87,'email type','internet','emailtype'),(88,'email','internet','email'),(89,'site','internet','site'),(90,'im network','internet','imnetwork'),(91,'instant messenger','internet','instantmessenger'),(92,'ticket','support','ticket'),(93,'ticket iteration','support','ticketiteration'),(94,'documentation','support','documentation'),(95,'occupation','cbo','occupation'),(96,'synonyms','cbo','synonyms'),(97,'profession','demographic','profession'),(98,'educational level','demographic','educationallevel'),(99,'time unit','ehr','timeunit'),(100,'demand','ehr','demand'),(101,'diagnosis','ehr','diagnosis'),(102,'session','ehr','session'),(103,'report','report','report'),(104,'reports saved','report','reportssaved'),(105,'note','swingtime','note'),(106,'event type','swingtime','eventtype'),(107,'event','swingtime','event'),(108,'occurrence','swingtime','occurrence'),(109,'migration history','south','migrationhistory'),(110,'message read','online_messages','messageread'),(111,'Message','online_messages','message'),(112,'message topic','online_messages','messagetopic'),(113,'schedule occurrence','schedule','scheduleoccurrence'),(114,'occurrence confirmation','schedule','occurrenceconfirmation'),(115,'occurrence family','schedule','occurrencefamily'),(116,'occurrence employees','schedule','occurrenceemployees'),(117,'revision','reversion','revision'),(118,'version','reversion','version'),(119,'registration profile','registration','registrationprofile'),(120,'plan','gcm','plan'),(121,'invoice','gcm','invoice'),(122,'notice type','notification','noticetype'),(123,'notice setting','notification','noticesetting'),(124,'notice','notification','notice'),(125,'notice queue batch','notification','noticequeuebatch'),(126,'observed item','notification','observeditem'),(127,'bradesco billet data','boleto','bradescobilletdata'),(128,'task meta','djcelery','taskmeta'),(129,'taskset meta','djcelery','tasksetmeta'),(130,'interval','djcelery','intervalschedule'),(131,'crontab','djcelery','crontabschedule'),(132,'periodic tasks','djcelery','periodictasks'),(133,'periodic task','djcelery','periodictask'),(134,'worker','djcelery','workerstate'),(135,'task','djcelery','taskstate'),(136,'queue','django','queue'),(137,'message','django','message'),(138,'returnFile','boleto','returnfile');
/*!40000 ALTER TABLE `django_content_type` ENABLE KEYS */;
UNLOCK TABLES;

--
-- Table structure for table `django_session`
--

DROP TABLE IF EXISTS `django_session`;
/*!40101 SET @saved_cs_client     = @@character_set_client */;
/*!40101 SET character_set_client = utf8 */;
CREATE TABLE `django_session` (
  `session_key` varchar(40) NOT NULL,
  `session_data` longtext NOT NULL,
  `expire_date` datetime NOT NULL,
  PRIMARY KEY (`session_key`),
  KEY `django_session_c25c2c28` (`expire_date`)
) ENGINE=MyISAM DEFAULT CHARSET=latin1;
/*!40101 SET character_set_client = @saved_cs_client */;

--
-- Dumping data for table `django_session`
--

LOCK TABLES `django_session` WRITE;
/*!40000 ALTER TABLE `django_session` DISABLE KEYS */;
INSERT INTO `django_session` VALUES ('fdff0dda483576e7320d699ef2a90e1c','N2QwNTVkODM4YmY3ZDY0YjVkNDE5MGRiOGQ3MGFkYTNjMDRkODI1YTqAAn1xAShVEl9hdXRoX3Vz\nZXJfYmFja2VuZHECVSlkamFuZ28uY29udHJpYi5hdXRoLmJhY2tlbmRzLk1vZGVsQmFja2VuZHED\nVQ1fYXV0aF91c2VyX2lkcQSKAQF1Lg==\n','2012-06-11 11:16:13'),('86ca1a87de9056e722f2b8e7492f7b31','N2QwNTVkODM4YmY3ZDY0YjVkNDE5MGRiOGQ3MGFkYTNjMDRkODI1YTqAAn1xAShVEl9hdXRoX3Vz\nZXJfYmFja2VuZHECVSlkamFuZ28uY29udHJpYi5hdXRoLmJhY2tlbmRzLk1vZGVsQmFja2VuZHED\nVQ1fYXV0aF91c2VyX2lkcQSKAQF1Lg==\n','2012-06-07 10:42:25'),('3d57fe9dad4aa27d5776c49abc7a6f4a','YTkwMTc1MGU4ZTlmMGRjYmZkMDIxZmM4Y2Q0Nzk0ZGMwNGQ4YjczMDqAAn1xAS4=\n','2012-05-30 10:33:02'),('bfb88732ce1b7e7332475f65d629ef9b','ZmJkODY3NDU5ZGJiNDM4MDc3ZmNhMmIzZTkxMDYyNjg2ZjMyOWUxZDqAAn1xAVULdXNlcl9hdXhf\naWRxAooBF3Mu\n','2012-06-13 13:25:23'),('d91938c5968e1906bad796155f73935a','NjUxYTVlZDRjZTJkMWRhZjNkZWI2ZTUwNTM1M2Q3NDMzOGUxMjIzNjqAAn1xAShVEl9hdXRoX3Vz\nZXJfYmFja2VuZHECVSlkamFuZ28uY29udHJpYi5hdXRoLmJhY2tlbmRzLk1vZGVsQmFja2VuZHED\nVQp0ZXN0Y29va2llcQRVBndvcmtlZHEFVQt1c2VyX2F1eF9pZHEGigEEVQ1fYXV0aF91c2VyX2lk\ncQeKAQR1Lg==\n','2012-06-04 15:38:18'),('1d97f33a281bb5b27b6b211b345692ce','N2QwNTVkODM4YmY3ZDY0YjVkNDE5MGRiOGQ3MGFkYTNjMDRkODI1YTqAAn1xAShVEl9hdXRoX3Vz\nZXJfYmFja2VuZHECVSlkamFuZ28uY29udHJpYi5hdXRoLmJhY2tlbmRzLk1vZGVsQmFja2VuZHED\nVQ1fYXV0aF91c2VyX2lkcQSKAQF1Lg==\n','2012-06-11 11:16:05'),('b63c317a92a84adb8fbd5bd426621eac','NWMxZWYzNzE2MDU1ZjdlYTJkOGVmNTg1NGFiYThjNzk0MjEzNDljYzqAAn1xAVUKdGVzdGNvb2tp\nZXECVQZ3b3JrZWRxA3Mu\n','2012-06-04 15:34:46'),('feca92c5ab37504280e8201ccc9bc650','Njk4MmQ0OTQxYjU3ZTUzMDhkNmQ1NWViMmNlMmI3NjdhMDBlYWMwMDqAAn1xAShVEl9hdXRoX3Vz\nZXJfYmFja2VuZHECVSlkamFuZ28uY29udHJpYi5hdXRoLmJhY2tlbmRzLk1vZGVsQmFja2VuZHED\nVQp0ZXN0Y29va2llcQRVBndvcmtlZHEFVQt1c2VyX2F1eF9pZHEGigEHVQ1fYXV0aF91c2VyX2lk\ncQeKAQd1Lg==\n','2012-06-13 11:36:28'),('e7e9a4e7c60ea682213446092cbe4eb6','YTkwMTc1MGU4ZTlmMGRjYmZkMDIxZmM4Y2Q0Nzk0ZGMwNGQ4YjczMDqAAn1xAS4=\n','2012-06-12 16:12:21'),('cf1409599ddaac459f2813014fdf6767','YjE0OTRmYmVjNWRlMzg3NTgxYTY2NmY0ZmYzZDZkMDdkODc4OWYxNjqAAn1xAShVEl9hdXRoX3Vz\nZXJfYmFja2VuZHECVSlkamFuZ28uY29udHJpYi5hdXRoLmJhY2tlbmRzLk1vZGVsQmFja2VuZHED\nVQ1fYXV0aF91c2VyX2lkcQSKARN1Lg==\n','2012-06-12 16:33:49'),('49cb59b1442c7f829ab7a9ca5d01fadb','N2QwNTVkODM4YmY3ZDY0YjVkNDE5MGRiOGQ3MGFkYTNjMDRkODI1YTqAAn1xAShVEl9hdXRoX3Vz\nZXJfYmFja2VuZHECVSlkamFuZ28uY29udHJpYi5hdXRoLmJhY2tlbmRzLk1vZGVsQmFja2VuZHED\nVQ1fYXV0aF91c2VyX2lkcQSKAQF1Lg==\n','2012-06-26 09:11:03'),('6197ddd14082c31b4745f0b94dd7ea73','N2QwNTVkODM4YmY3ZDY0YjVkNDE5MGRiOGQ3MGFkYTNjMDRkODI1YTqAAn1xAShVEl9hdXRoX3Vz\nZXJfYmFja2VuZHECVSlkamFuZ28uY29udHJpYi5hdXRoLmJhY2tlbmRzLk1vZGVsQmFja2VuZHED\nVQ1fYXV0aF91c2VyX2lkcQSKAQF1Lg==\n','2012-06-14 09:19:06'),('7b4aeebcfd616618c01df8e7709556ad','Njk4MmQ0OTQxYjU3ZTUzMDhkNmQ1NWViMmNlMmI3NjdhMDBlYWMwMDqAAn1xAShVEl9hdXRoX3Vz\nZXJfYmFja2VuZHECVSlkamFuZ28uY29udHJpYi5hdXRoLmJhY2tlbmRzLk1vZGVsQmFja2VuZHED\nVQp0ZXN0Y29va2llcQRVBndvcmtlZHEFVQt1c2VyX2F1eF9pZHEGigEHVQ1fYXV0aF91c2VyX2lk\ncQeKAQd1Lg==\n','2012-06-20 10:24:35'),('8fe623737ec0d1f740ce640a1dee8d36','N2QwNTVkODM4YmY3ZDY0YjVkNDE5MGRiOGQ3MGFkYTNjMDRkODI1YTqAAn1xAShVEl9hdXRoX3Vz\nZXJfYmFja2VuZHECVSlkamFuZ28uY29udHJpYi5hdXRoLmJhY2tlbmRzLk1vZGVsQmFja2VuZHED\nVQ1fYXV0aF91c2VyX2lkcQSKAQF1Lg==\n','2012-06-14 14:51:30'),('5316acee510f1a301a2b51a65334da55','N2QwNTVkODM4YmY3ZDY0YjVkNDE5MGRiOGQ3MGFkYTNjMDRkODI1YTqAAn1xAShVEl9hdXRoX3Vz\nZXJfYmFja2VuZHECVSlkamFuZ28uY29udHJpYi5hdXRoLmJhY2tlbmRzLk1vZGVsQmFja2VuZHED\nVQ1fYXV0aF91c2VyX2lkcQSKAQF1Lg==\n','2012-06-20 10:18:51'),('f6382921b577d5e22bc559b45ed78eb4','N2QwNTVkODM4YmY3ZDY0YjVkNDE5MGRiOGQ3MGFkYTNjMDRkODI1YTqAAn1xAShVEl9hdXRoX3Vz\nZXJfYmFja2VuZHECVSlkamFuZ28uY29udHJpYi5hdXRoLmJhY2tlbmRzLk1vZGVsQmFja2VuZHED\nVQ1fYXV0aF91c2VyX2lkcQSKAQF1Lg==\n','2012-07-06 10:56:37'),('d81d09d3d9c980b461f1a401adebd935','NWMxZWYzNzE2MDU1ZjdlYTJkOGVmNTg1NGFiYThjNzk0MjEzNDljYzqAAn1xAVUKdGVzdGNvb2tp\nZXECVQZ3b3JrZWRxA3Mu\n','2012-06-25 14:07:39'),('014a6240bf89da1e9baee3b84bf0b4f4','N2QwNTVkODM4YmY3ZDY0YjVkNDE5MGRiOGQ3MGFkYTNjMDRkODI1YTqAAn1xAShVEl9hdXRoX3Vz\nZXJfYmFja2VuZHECVSlkamFuZ28uY29udHJpYi5hdXRoLmJhY2tlbmRzLk1vZGVsQmFja2VuZHED\nVQ1fYXV0aF91c2VyX2lkcQSKAQF1Lg==\n','2012-07-05 15:18:40'),('3176fe6e38a18290b1524a7baf6e0eb4','NWMxZWYzNzE2MDU1ZjdlYTJkOGVmNTg1NGFiYThjNzk0MjEzNDljYzqAAn1xAVUKdGVzdGNvb2tp\nZXECVQZ3b3JrZWRxA3Mu\n','2012-07-13 10:03:52'),('699edfee444183239bc2b034aeaa0cf2','N2QwNTVkODM4YmY3ZDY0YjVkNDE5MGRiOGQ3MGFkYTNjMDRkODI1YTqAAn1xAShVEl9hdXRoX3Vz\nZXJfYmFja2VuZHECVSlkamFuZ28uY29udHJpYi5hdXRoLmJhY2tlbmRzLk1vZGVsQmFja2VuZHED\nVQ1fYXV0aF91c2VyX2lkcQSKAQF1Lg==\n','2012-07-10 13:39:38'),('d5334cdcb1b5a034e2a2efe13ad13926','NWMxZWYzNzE2MDU1ZjdlYTJkOGVmNTg1NGFiYThjNzk0MjEzNDljYzqAAn1xAVUKdGVzdGNvb2tp\nZXECVQZ3b3JrZWRxA3Mu\n','2012-07-17 16:37:14'),('5a61aff477065e0da08e0b2dbff99d3f','N2QwNTVkODM4YmY3ZDY0YjVkNDE5MGRiOGQ3MGFkYTNjMDRkODI1YTqAAn1xAShVEl9hdXRoX3Vz\nZXJfYmFja2VuZHECVSlkamFuZ28uY29udHJpYi5hdXRoLmJhY2tlbmRzLk1vZGVsQmFja2VuZHED\nVQ1fYXV0aF91c2VyX2lkcQSKAQF1Lg==\n','2012-07-17 08:40:14'),('af721918bb50876b21e7cfe47bc41b73','Njk4MmQ0OTQxYjU3ZTUzMDhkNmQ1NWViMmNlMmI3NjdhMDBlYWMwMDqAAn1xAShVEl9hdXRoX3Vz\nZXJfYmFja2VuZHECVSlkamFuZ28uY29udHJpYi5hdXRoLmJhY2tlbmRzLk1vZGVsQmFja2VuZHED\nVQp0ZXN0Y29va2llcQRVBndvcmtlZHEFVQt1c2VyX2F1eF9pZHEGigEHVQ1fYXV0aF91c2VyX2lk\ncQeKAQd1Lg==\n','2012-08-06 08:28:23'),('32db6d989771439b0a2ec160be6d3710','YTkwMTc1MGU4ZTlmMGRjYmZkMDIxZmM4Y2Q0Nzk0ZGMwNGQ4YjczMDqAAn1xAS4=\n','2012-08-02 19:08:06'),('555ba9fe7cfa09d7f266797c2462c5f9','N2QwNTVkODM4YmY3ZDY0YjVkNDE5MGRiOGQ3MGFkYTNjMDRkODI1YTqAAn1xAShVEl9hdXRoX3Vz\nZXJfYmFja2VuZHECVSlkamFuZ28uY29udHJpYi5hdXRoLmJhY2tlbmRzLk1vZGVsQmFja2VuZHED\nVQ1fYXV0aF91c2VyX2lkcQSKAQF1Lg==\n','2012-08-02 17:05:42');
/*!40000 ALTER TABLE `django_session` ENABLE KEYS */;
UNLOCK TABLES;

--
-- Table structure for table `django_site`
--

DROP TABLE IF EXISTS `django_site`;
/*!40101 SET @saved_cs_client     = @@character_set_client */;
/*!40101 SET character_set_client = utf8 */;
CREATE TABLE `django_site` (
  `id` int(11) NOT NULL AUTO_INCREMENT,
  `domain` varchar(100) NOT NULL,
  `name` varchar(50) NOT NULL,
  PRIMARY KEY (`id`)
) ENGINE=MyISAM AUTO_INCREMENT=2 DEFAULT CHARSET=latin1;
/*!40101 SET character_set_client = @saved_cs_client */;

--
-- Dumping data for table `django_site`
--

LOCK TABLES `django_site` WRITE;
/*!40000 ALTER TABLE `django_site` DISABLE KEYS */;
INSERT INTO `django_site` VALUES (1,'example.com','example.com');
/*!40000 ALTER TABLE `django_site` ENABLE KEYS */;
UNLOCK TABLES;

--
-- Table structure for table `djcelery_crontabschedule`
--

DROP TABLE IF EXISTS `djcelery_crontabschedule`;
/*!40101 SET @saved_cs_client     = @@character_set_client */;
/*!40101 SET character_set_client = utf8 */;
CREATE TABLE `djcelery_crontabschedule` (
  `id` int(11) NOT NULL AUTO_INCREMENT,
  `minute` varchar(64) NOT NULL DEFAULT '*',
  `hour` varchar(64) NOT NULL DEFAULT '*',
  `day_of_week` varchar(64) NOT NULL DEFAULT '*',
  PRIMARY KEY (`id`)
) ENGINE=MyISAM AUTO_INCREMENT=68 DEFAULT CHARSET=latin1;
/*!40101 SET character_set_client = @saved_cs_client */;

--
-- Dumping data for table `djcelery_crontabschedule`
--

LOCK TABLES `djcelery_crontabschedule` WRITE;
/*!40000 ALTER TABLE `djcelery_crontabschedule` DISABLE KEYS */;
INSERT INTO `djcelery_crontabschedule` VALUES (1,'0','4','*'),(2,'0','4','*'),(3,'0','4','*'),(4,'0','4','*'),(5,'0','3','*'),(6,'0','4','*'),(7,'0','2','*'),(8,'0','4','*'),(9,'0','2','*'),(10,'0','4','*'),(11,'0','4','*'),(12,'0','4','*'),(13,'0','2','*'),(14,'0','4','*'),(15,'0','2','*'),(16,'0','4','*'),(17,'0','2','*'),(18,'0','4','*'),(19,'0','2','*'),(20,'0','4','*'),(21,'0','2','*'),(22,'0','4','*'),(23,'0','2','*'),(24,'0','4','*'),(25,'0','2','*'),(26,'0','4','*'),(27,'0','2','*'),(28,'0','4','*'),(29,'0','2','*'),(30,'0','4','*'),(31,'0','2','*'),(32,'0','4','*'),(33,'0','2','*'),(34,'0','4','*'),(35,'0','2','*'),(36,'0','4','*'),(37,'0','2','*'),(38,'0','4','*'),(39,'0','2','*'),(40,'0','4','*'),(41,'0','2','*'),(42,'0','4','*'),(43,'0','2','*'),(44,'0','4','*'),(45,'0','2','*'),(46,'0','4','*'),(47,'0','2','*'),(48,'0','4','*'),(49,'0','2','*'),(50,'0','4','*'),(51,'0','2','*'),(52,'0','4','*'),(53,'0','2','*'),(54,'0','4','*'),(55,'0','2','*'),(56,'0','4','*'),(57,'0','2','*'),(58,'0','4','*'),(59,'0','2','*'),(60,'0','4','*'),(61,'0','2','*'),(62,'0','4','*'),(63,'0','2','*'),(64,'0','4','*'),(65,'0','2','*'),(66,'0','4','*'),(67,'0','2','*');
/*!40000 ALTER TABLE `djcelery_crontabschedule` ENABLE KEYS */;
UNLOCK TABLES;

--
-- Table structure for table `djcelery_intervalschedule`
--

DROP TABLE IF EXISTS `djcelery_intervalschedule`;
/*!40101 SET @saved_cs_client     = @@character_set_client */;
/*!40101 SET character_set_client = utf8 */;
CREATE TABLE `djcelery_intervalschedule` (
  `id` int(11) NOT NULL AUTO_INCREMENT,
  `every` int(11) NOT NULL,
  `period` varchar(24) NOT NULL,
  PRIMARY KEY (`id`)
) ENGINE=MyISAM AUTO_INCREMENT=4 DEFAULT CHARSET=latin1;
/*!40101 SET character_set_client = @saved_cs_client */;

--
-- Dumping data for table `djcelery_intervalschedule`
--

LOCK TABLES `djcelery_intervalschedule` WRITE;
/*!40000 ALTER TABLE `djcelery_intervalschedule` DISABLE KEYS */;
INSERT INTO `djcelery_intervalschedule` VALUES (1,5,'seconds'),(2,310,'seconds'),(3,60,'seconds');
/*!40000 ALTER TABLE `djcelery_intervalschedule` ENABLE KEYS */;
UNLOCK TABLES;

--
-- Table structure for table `djcelery_periodictask`
--

DROP TABLE IF EXISTS `djcelery_periodictask`;
/*!40101 SET @saved_cs_client     = @@character_set_client */;
/*!40101 SET character_set_client = utf8 */;
CREATE TABLE `djcelery_periodictask` (
  `id` int(11) NOT NULL AUTO_INCREMENT,
  `name` varchar(200) NOT NULL,
  `task` varchar(200) NOT NULL,
  `interval_id` int(11) DEFAULT NULL,
  `crontab_id` int(11) DEFAULT NULL,
  `args` longtext NOT NULL,
  `kwargs` longtext NOT NULL,
  `queue` varchar(200) DEFAULT NULL,
  `exchange` varchar(200) DEFAULT NULL,
  `routing_key` varchar(200) DEFAULT NULL,
  `expires` datetime DEFAULT NULL,
  `enabled` tinyint(1) NOT NULL DEFAULT '1',
  `last_run_at` datetime DEFAULT NULL,
  `total_run_count` int(10) unsigned NOT NULL DEFAULT '0',
  `date_changed` datetime NOT NULL,
  `description` longtext NOT NULL,
  PRIMARY KEY (`id`),
  UNIQUE KEY `name` (`name`),
  KEY `djcelery_periodictask_17d2d99d` (`interval_id`),
  KEY `djcelery_periodictask_7aa5fda` (`crontab_id`)
) ENGINE=MyISAM AUTO_INCREMENT=6 DEFAULT CHARSET=latin1;
/*!40101 SET character_set_client = @saved_cs_client */;

--
-- Dumping data for table `djcelery_periodictask`
--

LOCK TABLES `djcelery_periodictask` WRITE;
/*!40000 ALTER TABLE `djcelery_periodictask` DISABLE KEYS */;
INSERT INTO `djcelery_periodictask` VALUES (1,'celery.backend_cleanup','celery.backend_cleanup',NULL,66,'[]','{}',NULL,NULL,NULL,NULL,1,'2012-08-07 04:00:00',27,'2012-08-07 14:23:17',''),(5,'gestorpsi.async_tasks.tasks.CheckAndCharge','gestorpsi.async_tasks.tasks.CheckAndCharge',NULL,67,'[]','{}',NULL,NULL,NULL,NULL,1,'2012-08-07 02:00:00',27,'2012-08-07 14:23:17','');
/*!40000 ALTER TABLE `djcelery_periodictask` ENABLE KEYS */;
UNLOCK TABLES;

--
-- Table structure for table `djcelery_periodictasks`
--

DROP TABLE IF EXISTS `djcelery_periodictasks`;
/*!40101 SET @saved_cs_client     = @@character_set_client */;
/*!40101 SET character_set_client = utf8 */;
CREATE TABLE `djcelery_periodictasks` (
  `ident` smallint(6) NOT NULL DEFAULT '1',
  `last_update` datetime NOT NULL,
  PRIMARY KEY (`ident`)
) ENGINE=MyISAM DEFAULT CHARSET=latin1;
/*!40101 SET character_set_client = @saved_cs_client */;

--
-- Dumping data for table `djcelery_periodictasks`
--

LOCK TABLES `djcelery_periodictasks` WRITE;
/*!40000 ALTER TABLE `djcelery_periodictasks` DISABLE KEYS */;
INSERT INTO `djcelery_periodictasks` VALUES (1,'2012-08-07 14:23:17');
/*!40000 ALTER TABLE `djcelery_periodictasks` ENABLE KEYS */;
UNLOCK TABLES;

--
-- Table structure for table `djcelery_taskstate`
--

DROP TABLE IF EXISTS `djcelery_taskstate`;
/*!40101 SET @saved_cs_client     = @@character_set_client */;
/*!40101 SET character_set_client = utf8 */;
CREATE TABLE `djcelery_taskstate` (
  `id` int(11) NOT NULL AUTO_INCREMENT,
  `state` varchar(64) NOT NULL,
  `task_id` varchar(36) NOT NULL,
  `name` varchar(200) DEFAULT NULL,
  `tstamp` datetime NOT NULL,
  `args` longtext,
  `kwargs` longtext,
  `eta` datetime DEFAULT NULL,
  `expires` datetime DEFAULT NULL,
  `result` longtext,
  `traceback` longtext,
  `runtime` double DEFAULT NULL,
  `retries` int(11) NOT NULL DEFAULT '0',
  `worker_id` int(11) DEFAULT NULL,
  `hidden` tinyint(1) NOT NULL DEFAULT '0',
  PRIMARY KEY (`id`),
  UNIQUE KEY `task_id` (`task_id`),
  KEY `djcelery_taskstate_355bfc27` (`state`),
  KEY `djcelery_taskstate_52094d6e` (`name`),
  KEY `djcelery_taskstate_f0ba6500` (`tstamp`),
  KEY `djcelery_taskstate_20fc5b84` (`worker_id`),
  KEY `djcelery_taskstate_c91f1bf` (`hidden`)
) ENGINE=MyISAM DEFAULT CHARSET=latin1;
/*!40101 SET character_set_client = @saved_cs_client */;

--
-- Dumping data for table `djcelery_taskstate`
--

LOCK TABLES `djcelery_taskstate` WRITE;
/*!40000 ALTER TABLE `djcelery_taskstate` DISABLE KEYS */;
/*!40000 ALTER TABLE `djcelery_taskstate` ENABLE KEYS */;
UNLOCK TABLES;

--
-- Table structure for table `djcelery_workerstate`
--

DROP TABLE IF EXISTS `djcelery_workerstate`;
/*!40101 SET @saved_cs_client     = @@character_set_client */;
/*!40101 SET character_set_client = utf8 */;
CREATE TABLE `djcelery_workerstate` (
  `id` int(11) NOT NULL AUTO_INCREMENT,
  `hostname` varchar(255) NOT NULL,
  `last_heartbeat` datetime DEFAULT NULL,
  PRIMARY KEY (`id`),
  UNIQUE KEY `hostname` (`hostname`),
  KEY `djcelery_workerstate_eb8ac7e4` (`last_heartbeat`)
) ENGINE=MyISAM DEFAULT CHARSET=latin1;
/*!40101 SET character_set_client = @saved_cs_client */;

--
-- Dumping data for table `djcelery_workerstate`
--

LOCK TABLES `djcelery_workerstate` WRITE;
/*!40000 ALTER TABLE `djcelery_workerstate` DISABLE KEYS */;
/*!40000 ALTER TABLE `djcelery_workerstate` ENABLE KEYS */;
UNLOCK TABLES;

--
-- Table structure for table `djkombu_message`
--

DROP TABLE IF EXISTS `djkombu_message`;
/*!40101 SET @saved_cs_client     = @@character_set_client */;
/*!40101 SET character_set_client = utf8 */;
CREATE TABLE `djkombu_message` (
  `id` int(11) NOT NULL AUTO_INCREMENT,
  `visible` tinyint(1) NOT NULL DEFAULT '1',
  `sent_at` datetime DEFAULT NULL,
  `payload` longtext NOT NULL,
  `queue_id` int(11) NOT NULL,
  PRIMARY KEY (`id`),
  KEY `djkombu_message_e94d8f76` (`visible`),
  KEY `djkombu_message_88b78e52` (`sent_at`),
  KEY `djkombu_message_e18d2948` (`queue_id`)
) ENGINE=MyISAM AUTO_INCREMENT=185 DEFAULT CHARSET=latin1;
/*!40101 SET character_set_client = @saved_cs_client */;

--
-- Dumping data for table `djkombu_message`
--

LOCK TABLES `djkombu_message` WRITE;
/*!40000 ALTER TABLE `djkombu_message` DISABLE KEYS */;
INSERT INTO `djkombu_message` VALUES (148,1,'2012-07-26 04:00:02','{\"body\": \"KGRwMQpTJ3N0YXR1cycKcDIKUydTVUNDRVNTJwpwMwpzUyd0cmFjZWJhY2snCnA0Ck5zUydyZXN1bHQnCnA1Ck5zUyd0YXNrX2lkJwpwNgpTJzQzODMzZGJmLTNlMmQtNDFkNi05YjQ5LTkxMGMxMjllYzkyNCcKcDcKcy4=\", \"headers\": {}, \"content-type\": \"application/x-python-serialize\", \"properties\": {\"body_encoding\": \"base64\", \"delivery_info\": {\"priority\": 0, \"routing_key\": \"43833dbf3e2d41d69b49910c129ec924\", \"exchange\": \"celeryresults\"}, \"delivery_mode\": 1, \"delivery_tag\": 1}, \"content-encoding\": \"binary\"}',18),(147,0,'2012-07-26 04:00:00','{\"body\": \"KGRwMQpTJ3JldHJpZXMnCnAyCkkwCnNTJ3Rhc2snCnAzClMnY2VsZXJ5LmJhY2tlbmRfY2xlYW51cCcKcDQKc1Mna3dhcmdzJwpwNQooZHA2CnNTJ2V0YScKcDcKTnNTJ2FyZ3MnCnA4CihscDkKc1MnaWQnCnAxMApTJzQzODMzZGJmLTNlMmQtNDFkNi05YjQ5LTkxMGMxMjllYzkyNCcKcDExCnNTJ2V4cGlyZXMnCnAxMgpOc1MndXRjJwpwMTMKSTAwCnMu\", \"headers\": {}, \"content-type\": \"application/x-python-serialize\", \"properties\": {\"body_encoding\": \"base64\", \"delivery_info\": {\"priority\": 0, \"routing_key\": \"celery\", \"exchange\": \"celery\"}, \"delivery_mode\": 2, \"delivery_tag\": 2}, \"content-encoding\": \"binary\"}',1),(146,0,'2012-07-26 02:00:00','{\"body\": \"KGRwMQpTJ3JldHJpZXMnCnAyCkkwCnNTJ3Rhc2snCnAzClMnZ2VzdG9ycHNpLmFzeW5jX3Rhc2tzLnRhc2tzLkNoZWNrQW5kQ2hhcmdlJwpwNApzUydrd2FyZ3MnCnA1CihkcDYKc1MnZXRhJwpwNwpOc1MnYXJncycKcDgKKGxwOQpzUydpZCcKcDEwClMnODEyNTUyZjItNzNjYS00YTA1LWI1ODItZWNlMjM4YTFkNWU3JwpwMTEKc1MnZXhwaXJlcycKcDEyCk5zUyd1dGMnCnAxMwpJMDAKcy4=\", \"headers\": {}, \"content-type\": \"application/x-python-serialize\", \"properties\": {\"body_encoding\": \"base64\", \"delivery_info\": {\"priority\": 0, \"routing_key\": \"celery\", \"exchange\": \"celery\"}, \"delivery_mode\": 2, \"delivery_tag\": 1}, \"content-encoding\": \"binary\"}',1),(145,1,'2012-07-25 04:00:03','{\"body\": \"KGRwMQpTJ3N0YXR1cycKcDIKUydTVUNDRVNTJwpwMwpzUyd0cmFjZWJhY2snCnA0Ck5zUydyZXN1bHQnCnA1Ck5zUyd0YXNrX2lkJwpwNgpTJzcyNWMxZDA4LWM1OTItNDI1NC1hODUzLWIzMTgxYTc2ZmZlNScKcDcKcy4=\", \"headers\": {}, \"content-type\": \"application/x-python-serialize\", \"properties\": {\"body_encoding\": \"base64\", \"delivery_info\": {\"priority\": 0, \"routing_key\": \"725c1d08c5924254a853b3181a76ffe5\", \"exchange\": \"celeryresults\"}, \"delivery_mode\": 1, \"delivery_tag\": 1}, \"content-encoding\": \"binary\"}',17),(144,0,'2012-07-25 04:00:00','{\"body\": \"KGRwMQpTJ3JldHJpZXMnCnAyCkkwCnNTJ3Rhc2snCnAzClMnY2VsZXJ5LmJhY2tlbmRfY2xlYW51cCcKcDQKc1Mna3dhcmdzJwpwNQooZHA2CnNTJ2V0YScKcDcKTnNTJ2FyZ3MnCnA4CihscDkKc1MnaWQnCnAxMApTJzcyNWMxZDA4LWM1OTItNDI1NC1hODUzLWIzMTgxYTc2ZmZlNScKcDExCnNTJ2V4cGlyZXMnCnAxMgpOc1MndXRjJwpwMTMKSTAwCnMu\", \"headers\": {}, \"content-type\": \"application/x-python-serialize\", \"properties\": {\"body_encoding\": \"base64\", \"delivery_info\": {\"priority\": 0, \"routing_key\": \"celery\", \"exchange\": \"celery\"}, \"delivery_mode\": 2, \"delivery_tag\": 2}, \"content-encoding\": \"binary\"}',1),(143,0,'2012-07-25 02:00:00','{\"body\": \"KGRwMQpTJ3JldHJpZXMnCnAyCkkwCnNTJ3Rhc2snCnAzClMnZ2VzdG9ycHNpLmFzeW5jX3Rhc2tzLnRhc2tzLkNoZWNrQW5kQ2hhcmdlJwpwNApzUydrd2FyZ3MnCnA1CihkcDYKc1MnZXRhJwpwNwpOc1MnYXJncycKcDgKKGxwOQpzUydpZCcKcDEwClMnMjI1YTY4NjktNzI1OC00YTVkLTg2NTktYWI1NzE3OWZiMzIwJwpwMTEKc1MnZXhwaXJlcycKcDEyCk5zUyd1dGMnCnAxMwpJMDAKcy4=\", \"headers\": {}, \"content-type\": \"application/x-python-serialize\", \"properties\": {\"body_encoding\": \"base64\", \"delivery_info\": {\"priority\": 0, \"routing_key\": \"celery\", \"exchange\": \"celery\"}, \"delivery_mode\": 2, \"delivery_tag\": 1}, \"content-encoding\": \"binary\"}',1),(141,0,'2012-07-24 04:00:00','{\"body\": \"KGRwMQpTJ3JldHJpZXMnCnAyCkkwCnNTJ3Rhc2snCnAzClMnY2VsZXJ5LmJhY2tlbmRfY2xlYW51cCcKcDQKc1Mna3dhcmdzJwpwNQooZHA2CnNTJ2V0YScKcDcKTnNTJ2FyZ3MnCnA4CihscDkKc1MnaWQnCnAxMApTJ2UwNzIxNGFiLWUzZjItNDYwNi1hZDBmLWFmZmQyZTIxNjYwNycKcDExCnNTJ2V4cGlyZXMnCnAxMgpOc1MndXRjJwpwMTMKSTAwCnMu\", \"headers\": {}, \"content-type\": \"application/x-python-serialize\", \"properties\": {\"body_encoding\": \"base64\", \"delivery_info\": {\"priority\": 0, \"routing_key\": \"celery\", \"exchange\": \"celery\"}, \"delivery_mode\": 2, \"delivery_tag\": 2}, \"content-encoding\": \"binary\"}',1),(142,1,'2012-07-24 04:00:01','{\"body\": \"KGRwMQpTJ3N0YXR1cycKcDIKUydTVUNDRVNTJwpwMwpzUyd0cmFjZWJhY2snCnA0Ck5zUydyZXN1bHQnCnA1Ck5zUyd0YXNrX2lkJwpwNgpTJ2UwNzIxNGFiLWUzZjItNDYwNi1hZDBmLWFmZmQyZTIxNjYwNycKcDcKcy4=\", \"headers\": {}, \"content-type\": \"application/x-python-serialize\", \"properties\": {\"body_encoding\": \"base64\", \"delivery_info\": {\"priority\": 0, \"routing_key\": \"e07214abe3f24606ad0faffd2e216607\", \"exchange\": \"celeryresults\"}, \"delivery_mode\": 1, \"delivery_tag\": 1}, \"content-encoding\": \"binary\"}',16),(140,0,'2012-07-24 02:00:00','{\"body\": \"KGRwMQpTJ3JldHJpZXMnCnAyCkkwCnNTJ3Rhc2snCnAzClMnZ2VzdG9ycHNpLmFzeW5jX3Rhc2tzLnRhc2tzLkNoZWNrQW5kQ2hhcmdlJwpwNApzUydrd2FyZ3MnCnA1CihkcDYKc1MnZXRhJwpwNwpOc1MnYXJncycKcDgKKGxwOQpzUydpZCcKcDEwClMnMGE5MzIxZWUtYzIxMi00NDFjLTgyMWYtZWI5OWE4OWYwNDJkJwpwMTEKc1MnZXhwaXJlcycKcDEyCk5zUyd1dGMnCnAxMwpJMDAKcy4=\", \"headers\": {}, \"content-type\": \"application/x-python-serialize\", \"properties\": {\"body_encoding\": \"base64\", \"delivery_info\": {\"priority\": 0, \"routing_key\": \"celery\", \"exchange\": \"celery\"}, \"delivery_mode\": 2, \"delivery_tag\": 1}, \"content-encoding\": \"binary\"}',1),(128,1,'2012-06-25 04:00:02','{\"body\": \"KGRwMQpTJ3N0YXR1cycKcDIKUydTVUNDRVNTJwpwMwpzUyd0cmFjZWJhY2snCnA0Ck5zUydyZXN1bHQnCnA1Ck5zUyd0YXNrX2lkJwpwNgpTJ2JhN2JlZDAzLTU5M2UtNGEyNS05MjdjLTk2MDE3YzZjMjdiNicKcDcKcy4=\", \"headers\": {}, \"content-type\": \"application/x-python-serialize\", \"properties\": {\"body_encoding\": \"base64\", \"delivery_info\": {\"priority\": 0, \"routing_key\": \"ba7bed03593e4a25927c96017c6c27b6\", \"exchange\": \"celeryresults\"}, \"delivery_mode\": 1, \"delivery_tag\": 2}, \"content-encoding\": \"binary\"}',11),(139,1,'2012-07-23 11:35:45','{\"body\": \"KGRwMQpTJ3N0YXR1cycKcDIKUydTVUNDRVNTJwpwMwpzUyd0cmFjZWJhY2snCnA0Ck5zUydyZXN1bHQnCnA1Ck5zUyd0YXNrX2lkJwpwNgpTJzI1MjY0NGJhLWJlNWYtNDkzZC05ZTk4LWQyNTBkMTI3M2U4MycKcDcKcy4=\", \"headers\": {}, \"content-type\": \"application/x-python-serialize\", \"properties\": {\"body_encoding\": \"base64\", \"delivery_info\": {\"priority\": 0, \"routing_key\": \"252644babe5f493d9e98d250d1273e83\", \"exchange\": \"celeryresults\"}, \"delivery_mode\": 1, \"delivery_tag\": 1}, \"content-encoding\": \"binary\"}',15),(113,1,'2012-06-15 04:00:00','{\"body\": \"KGRwMQpTJ3N0YXR1cycKcDIKUydTVUNDRVNTJwpwMwpzUyd0cmFjZWJhY2snCnA0Ck5zUydyZXN1bHQnCnA1Ck5zUyd0YXNrX2lkJwpwNgpTJ2M5YTMyODk2LWE2M2MtNDE4MS04MjZhLWFiNmQ2YjAwNmRlZScKcDcKcy4=\", \"headers\": {}, \"content-type\": \"application/x-python-serialize\", \"properties\": {\"body_encoding\": \"base64\", \"delivery_info\": {\"priority\": 0, \"routing_key\": \"c9a32896a63c4181826aab6d6b006dee\", \"exchange\": \"celeryresults\"}, \"delivery_mode\": 1, \"delivery_tag\": 2}, \"content-encoding\": \"binary\"}',6),(138,0,'2012-07-23 11:35:40','{\"body\": \"KGRwMQpTJ3JldHJpZXMnCnAyCkkwCnNTJ3Rhc2snCnAzClMnY2VsZXJ5LmJhY2tlbmRfY2xlYW51cCcKcDQKc1Mna3dhcmdzJwpwNQooZHA2CnNTJ2V0YScKcDcKTnNTJ2FyZ3MnCnA4CihscDkKc1MnaWQnCnAxMApTJzI1MjY0NGJhLWJlNWYtNDkzZC05ZTk4LWQyNTBkMTI3M2U4MycKcDExCnNTJ2V4cGlyZXMnCnAxMgpOc1MndXRjJwpwMTMKSTAwCnMu\", \"headers\": {}, \"content-type\": \"application/x-python-serialize\", \"properties\": {\"body_encoding\": \"base64\", \"delivery_info\": {\"priority\": 0, \"routing_key\": \"celery\", \"exchange\": \"celery\"}, \"delivery_mode\": 2, \"delivery_tag\": 1}, \"content-encoding\": \"binary\"}',1),(125,1,'2012-06-24 04:00:01','{\"body\": \"KGRwMQpTJ3N0YXR1cycKcDIKUydTVUNDRVNTJwpwMwpzUyd0cmFjZWJhY2snCnA0Ck5zUydyZXN1bHQnCnA1Ck5zUyd0YXNrX2lkJwpwNgpTJ2E4NDBkMTkwLTIzZWYtNGM5Ni04NmQxLTI4N2I1MmZjNWEyOScKcDcKcy4=\", \"headers\": {}, \"content-type\": \"application/x-python-serialize\", \"properties\": {\"body_encoding\": \"base64\", \"delivery_info\": {\"priority\": 0, \"routing_key\": \"a840d19023ef4c9686d1287b52fc5a29\", \"exchange\": \"celeryresults\"}, \"delivery_mode\": 1, \"delivery_tag\": 2}, \"content-encoding\": \"binary\"}',10),(110,1,'2012-06-14 04:00:04','{\"body\": \"KGRwMQpTJ3N0YXR1cycKcDIKUydTVUNDRVNTJwpwMwpzUyd0cmFjZWJhY2snCnA0Ck5zUydyZXN1bHQnCnA1Ck5zUyd0YXNrX2lkJwpwNgpTJ2EwOWU4MTJiLThlMzQtNDE0OS1hZWUwLWRlZGNlZjBjM2E5YycKcDcKcy4=\", \"headers\": {}, \"content-type\": \"application/x-python-serialize\", \"properties\": {\"body_encoding\": \"base64\", \"delivery_info\": {\"priority\": 0, \"routing_key\": \"a09e812b8e344149aee0dedcef0c3a9c\", \"exchange\": \"celeryresults\"}, \"delivery_mode\": 1, \"delivery_tag\": 1}, \"content-encoding\": \"binary\"}',5),(122,1,'2012-06-23 04:00:01','{\"body\": \"KGRwMQpTJ3N0YXR1cycKcDIKUydTVUNDRVNTJwpwMwpzUyd0cmFjZWJhY2snCnA0Ck5zUydyZXN1bHQnCnA1Ck5zUyd0YXNrX2lkJwpwNgpTJ2Y3ZTZmMTYzLTE4M2UtNDE0My04OGJmLTdjOTIzN2JjZTE5NCcKcDcKcy4=\", \"headers\": {}, \"content-type\": \"application/x-python-serialize\", \"properties\": {\"body_encoding\": \"base64\", \"delivery_info\": {\"priority\": 0, \"routing_key\": \"f7e6f163183e414388bf7c9237bce194\", \"exchange\": \"celeryresults\"}, \"delivery_mode\": 1, \"delivery_tag\": 1}, \"content-encoding\": \"binary\"}',9),(137,1,'2012-07-23 11:12:59','{\"body\": \"KGRwMQpTJ3N0YXR1cycKcDIKUydTVUNDRVNTJwpwMwpzUyd0cmFjZWJhY2snCnA0Ck5zUydyZXN1bHQnCnA1Ck5zUyd0YXNrX2lkJwpwNgpTJ2NiOTZlODgxLTk3NTItNGUwOS05MTZlLTkxYzM2MmZhNDVhZicKcDcKcy4=\", \"headers\": {}, \"content-type\": \"application/x-python-serialize\", \"properties\": {\"body_encoding\": \"base64\", \"delivery_info\": {\"priority\": 0, \"routing_key\": \"cb96e88197524e09916e91c362fa45af\", \"exchange\": \"celeryresults\"}, \"delivery_mode\": 1, \"delivery_tag\": 1}, \"content-encoding\": \"binary\"}',14),(136,0,'2012-07-23 11:12:54','{\"body\": \"KGRwMQpTJ3JldHJpZXMnCnAyCkkwCnNTJ3Rhc2snCnAzClMnY2VsZXJ5LmJhY2tlbmRfY2xlYW51cCcKcDQKc1Mna3dhcmdzJwpwNQooZHA2CnNTJ2V0YScKcDcKTnNTJ2FyZ3MnCnA4CihscDkKc1MnaWQnCnAxMApTJ2NiOTZlODgxLTk3NTItNGUwOS05MTZlLTkxYzM2MmZhNDVhZicKcDExCnNTJ2V4cGlyZXMnCnAxMgpOc1MndXRjJwpwMTMKSTAwCnMu\", \"headers\": {}, \"content-type\": \"application/x-python-serialize\", \"properties\": {\"body_encoding\": \"base64\", \"delivery_info\": {\"priority\": 0, \"routing_key\": \"celery\", \"exchange\": \"celery\"}, \"delivery_mode\": 2, \"delivery_tag\": 2}, \"content-encoding\": \"binary\"}',1),(107,1,'2012-06-13 04:00:01','{\"body\": \"KGRwMQpTJ3N0YXR1cycKcDIKUydTVUNDRVNTJwpwMwpzUyd0cmFjZWJhY2snCnA0Ck5zUydyZXN1bHQnCnA1Ck5zUyd0YXNrX2lkJwpwNgpTJ2RiMjhjZTViLThiMzYtNGI1Yi04MjMwLTA1MWI5ZTBmZDE1YycKcDcKcy4=\", \"headers\": {}, \"content-type\": \"application/x-python-serialize\", \"properties\": {\"body_encoding\": \"base64\", \"delivery_info\": {\"priority\": 0, \"routing_key\": \"db28ce5b8b364b5b8230051b9e0fd15c\", \"exchange\": \"celeryresults\"}, \"delivery_mode\": 1, \"delivery_tag\": 1}, \"content-encoding\": \"binary\"}',4),(135,0,'2012-07-23 11:12:54','{\"body\": \"KGRwMQpTJ3JldHJpZXMnCnAyCkkwCnNTJ3Rhc2snCnAzClMnZ2VzdG9ycHNpLmFzeW5jX3Rhc2tzLnRhc2tzLkNoZWNrQW5kQ2hhcmdlJwpwNApzUydrd2FyZ3MnCnA1CihkcDYKc1MnZXRhJwpwNwpOc1MnYXJncycKcDgKKGxwOQpzUydpZCcKcDEwClMnMGQzZWE4N2EtZGExZi00MmVlLWJhZWYtYTc0MGUzMzU4M2ZjJwpwMTEKc1MnZXhwaXJlcycKcDEyCk5zUyd1dGMnCnAxMwpJMDAKcy4=\", \"headers\": {}, \"content-type\": \"application/x-python-serialize\", \"properties\": {\"body_encoding\": \"base64\", \"delivery_info\": {\"priority\": 0, \"routing_key\": \"celery\", \"exchange\": \"celery\"}, \"delivery_mode\": 2, \"delivery_tag\": 1}, \"content-encoding\": \"binary\"}',1),(104,1,'2012-06-12 04:00:01','{\"body\": \"KGRwMQpTJ3N0YXR1cycKcDIKUydTVUNDRVNTJwpwMwpzUyd0cmFjZWJhY2snCnA0Ck5zUydyZXN1bHQnCnA1Ck5zUyd0YXNrX2lkJwpwNgpTJzdlODg3NTMxLTE5NjAtNGQwZi04YTVkLTQ1OWVhN2VlZjJiOScKcDcKcy4=\", \"headers\": {}, \"content-type\": \"application/x-python-serialize\", \"properties\": {\"body_encoding\": \"base64\", \"delivery_info\": {\"priority\": 0, \"routing_key\": \"7e88753119604d0f8a5d459ea7eef2b9\", \"exchange\": \"celeryresults\"}, \"delivery_mode\": 1, \"delivery_tag\": 1}, \"content-encoding\": \"binary\"}',3),(133,0,'2012-06-27 04:00:00','{\"body\": \"KGRwMQpTJ3JldHJpZXMnCnAyCkkwCnNTJ3Rhc2snCnAzClMnY2VsZXJ5LmJhY2tlbmRfY2xlYW51cCcKcDQKc1Mna3dhcmdzJwpwNQooZHA2CnNTJ2V0YScKcDcKTnNTJ2FyZ3MnCnA4CihscDkKc1MnaWQnCnAxMApTJ2ZiNTZmMGI3LWJhYjYtNDY0NC05ZWJjLTZkNmJhZDQ3OTI1MScKcDExCnNTJ2V4cGlyZXMnCnAxMgpOc1MndXRjJwpwMTMKSTAwCnMu\", \"headers\": {}, \"content-type\": \"application/x-python-serialize\", \"properties\": {\"body_encoding\": \"base64\", \"delivery_info\": {\"priority\": 0, \"routing_key\": \"celery\", \"exchange\": \"celery\"}, \"delivery_mode\": 2, \"delivery_tag\": 12}, \"content-encoding\": \"binary\"}',1),(119,1,'2012-06-22 11:14:50','{\"body\": \"KGRwMQpTJ3N0YXR1cycKcDIKUydTVUNDRVNTJwpwMwpzUyd0cmFjZWJhY2snCnA0Ck5zUydyZXN1bHQnCnA1Ck5zUyd0YXNrX2lkJwpwNgpTJzM1NzM5YjQ0LWJmMDYtNGRlZS04YzRlLWFmNzQwMGFlMGQyMScKcDcKcy4=\", \"headers\": {}, \"content-type\": \"application/x-python-serialize\", \"properties\": {\"body_encoding\": \"base64\", \"delivery_info\": {\"priority\": 0, \"routing_key\": \"35739b44bf064dee8c4eaf7400ae0d21\", \"exchange\": \"celeryresults\"}, \"delivery_mode\": 1, \"delivery_tag\": 1}, \"content-encoding\": \"binary\"}',8),(134,1,'2012-06-27 04:00:01','{\"body\": \"KGRwMQpTJ3N0YXR1cycKcDIKUydTVUNDRVNTJwpwMwpzUyd0cmFjZWJhY2snCnA0Ck5zUydyZXN1bHQnCnA1Ck5zUyd0YXNrX2lkJwpwNgpTJ2ZiNTZmMGI3LWJhYjYtNDY0NC05ZWJjLTZkNmJhZDQ3OTI1MScKcDcKcy4=\", \"headers\": {}, \"content-type\": \"application/x-python-serialize\", \"properties\": {\"body_encoding\": \"base64\", \"delivery_info\": {\"priority\": 0, \"routing_key\": \"fb56f0b7bab646449ebc6d6bad479251\", \"exchange\": \"celeryresults\"}, \"delivery_mode\": 1, \"delivery_tag\": 3}, \"content-encoding\": \"binary\"}',13),(116,1,'2012-06-16 04:00:04','{\"body\": \"KGRwMQpTJ3N0YXR1cycKcDIKUydTVUNDRVNTJwpwMwpzUyd0cmFjZWJhY2snCnA0Ck5zUydyZXN1bHQnCnA1Ck5zUyd0YXNrX2lkJwpwNgpTJ2Y3ZDY5MzMwLWUwMzQtNGRiMC05ZTMzLTM3YzNmOWY5NjZiOCcKcDcKcy4=\", \"headers\": {}, \"content-type\": \"application/x-python-serialize\", \"properties\": {\"body_encoding\": \"base64\", \"delivery_info\": {\"priority\": 0, \"routing_key\": \"f7d69330e0344db09e3337c3f9f966b8\", \"exchange\": \"celeryresults\"}, \"delivery_mode\": 1, \"delivery_tag\": 1}, \"content-encoding\": \"binary\"}',7),(131,1,'2012-06-26 04:00:01','{\"body\": \"KGRwMQpTJ3N0YXR1cycKcDIKUydTVUNDRVNTJwpwMwpzUyd0cmFjZWJhY2snCnA0Ck5zUydyZXN1bHQnCnA1Ck5zUyd0YXNrX2lkJwpwNgpTJzA5OTg4ODRlLTM3NDUtNDgxOS04Y2QyLTg0MjYxOGM2YjkxNycKcDcKcy4=\", \"headers\": {}, \"content-type\": \"application/x-python-serialize\", \"properties\": {\"body_encoding\": \"base64\", \"delivery_info\": {\"priority\": 0, \"routing_key\": \"0998884e374548198cd2842618c6b917\", \"exchange\": \"celeryresults\"}, \"delivery_mode\": 1, \"delivery_tag\": 3}, \"content-encoding\": \"binary\"}',12),(132,0,'2012-06-27 02:00:00','{\"body\": \"KGRwMQpTJ3JldHJpZXMnCnAyCkkwCnNTJ3Rhc2snCnAzClMnZ2VzdG9ycHNpLmFzeW5jX3Rhc2tzLnRhc2tzLkNoZWNrQW5kQ2hhcmdlJwpwNApzUydrd2FyZ3MnCnA1CihkcDYKc1MnZXRhJwpwNwpOc1MnYXJncycKcDgKKGxwOQpzUydpZCcKcDEwClMnODI5Yzg2ZjgtOTRjOC00YWUyLTk0Y2YtNTIwOGYwMzBiN2FmJwpwMTEKc1MnZXhwaXJlcycKcDEyCk5zUyd1dGMnCnAxMwpJMDAKcy4=\", \"headers\": {}, \"content-type\": \"application/x-python-serialize\", \"properties\": {\"body_encoding\": \"base64\", \"delivery_info\": {\"priority\": 0, \"routing_key\": \"celery\", \"exchange\": \"celery\"}, \"delivery_mode\": 2, \"delivery_tag\": 11}, \"content-encoding\": \"binary\"}',1),(149,0,'2012-07-27 02:00:00','{\"body\": \"KGRwMQpTJ3JldHJpZXMnCnAyCkkwCnNTJ3Rhc2snCnAzClMnZ2VzdG9ycHNpLmFzeW5jX3Rhc2tzLnRhc2tzLkNoZWNrQW5kQ2hhcmdlJwpwNApzUydrd2FyZ3MnCnA1CihkcDYKc1MnZXRhJwpwNwpOc1MnYXJncycKcDgKKGxwOQpzUydpZCcKcDEwClMnZjBkZDM3MmYtOGFhYS00N2YyLTlkMTUtYTVjOGJkNzQxYjhhJwpwMTEKc1MnZXhwaXJlcycKcDEyCk5zUyd1dGMnCnAxMwpJMDAKcy4=\", \"headers\": {}, \"content-type\": \"application/x-python-serialize\", \"properties\": {\"body_encoding\": \"base64\", \"delivery_info\": {\"priority\": 0, \"routing_key\": \"celery\", \"exchange\": \"celery\"}, \"delivery_mode\": 2, \"delivery_tag\": 1}, \"content-encoding\": \"binary\"}',1),(150,0,'2012-07-27 04:00:00','{\"body\": \"KGRwMQpTJ3JldHJpZXMnCnAyCkkwCnNTJ3Rhc2snCnAzClMnY2VsZXJ5LmJhY2tlbmRfY2xlYW51cCcKcDQKc1Mna3dhcmdzJwpwNQooZHA2CnNTJ2V0YScKcDcKTnNTJ2FyZ3MnCnA4CihscDkKc1MnaWQnCnAxMApTJzJlZDQ5NDg0LTM2MzUtNDNiYS1iMjU1LTI4ZDlmNDdlZTFjNScKcDExCnNTJ2V4cGlyZXMnCnAxMgpOc1MndXRjJwpwMTMKSTAwCnMu\", \"headers\": {}, \"content-type\": \"application/x-python-serialize\", \"properties\": {\"body_encoding\": \"base64\", \"delivery_info\": {\"priority\": 0, \"routing_key\": \"celery\", \"exchange\": \"celery\"}, \"delivery_mode\": 2, \"delivery_tag\": 2}, \"content-encoding\": \"binary\"}',1),(151,1,'2012-07-27 04:00:00','{\"body\": \"KGRwMQpTJ3N0YXR1cycKcDIKUydTVUNDRVNTJwpwMwpzUyd0cmFjZWJhY2snCnA0Ck5zUydyZXN1bHQnCnA1Ck5zUyd0YXNrX2lkJwpwNgpTJzJlZDQ5NDg0LTM2MzUtNDNiYS1iMjU1LTI4ZDlmNDdlZTFjNScKcDcKcy4=\", \"headers\": {}, \"content-type\": \"application/x-python-serialize\", \"properties\": {\"body_encoding\": \"base64\", \"delivery_info\": {\"priority\": 0, \"routing_key\": \"2ed49484363543bab25528d9f47ee1c5\", \"exchange\": \"celeryresults\"}, \"delivery_mode\": 1, \"delivery_tag\": 1}, \"content-encoding\": \"binary\"}',19),(152,0,'2012-07-28 02:00:00','{\"body\": \"KGRwMQpTJ3JldHJpZXMnCnAyCkkwCnNTJ3Rhc2snCnAzClMnZ2VzdG9ycHNpLmFzeW5jX3Rhc2tzLnRhc2tzLkNoZWNrQW5kQ2hhcmdlJwpwNApzUydrd2FyZ3MnCnA1CihkcDYKc1MnZXRhJwpwNwpOc1MnYXJncycKcDgKKGxwOQpzUydpZCcKcDEwClMnOTgwNmNhODUtYWFiOS00OThjLTg0NDQtNGFiMDRjZDU0N2JhJwpwMTEKc1MnZXhwaXJlcycKcDEyCk5zUyd1dGMnCnAxMwpJMDAKcy4=\", \"headers\": {}, \"content-type\": \"application/x-python-serialize\", \"properties\": {\"body_encoding\": \"base64\", \"delivery_info\": {\"priority\": 0, \"routing_key\": \"celery\", \"exchange\": \"celery\"}, \"delivery_mode\": 2, \"delivery_tag\": 1}, \"content-encoding\": \"binary\"}',1),(153,0,'2012-07-28 04:00:00','{\"body\": \"KGRwMQpTJ3JldHJpZXMnCnAyCkkwCnNTJ3Rhc2snCnAzClMnY2VsZXJ5LmJhY2tlbmRfY2xlYW51cCcKcDQKc1Mna3dhcmdzJwpwNQooZHA2CnNTJ2V0YScKcDcKTnNTJ2FyZ3MnCnA4CihscDkKc1MnaWQnCnAxMApTJzIwNDdlMTM2LWMyNjgtNDUxYS1hNzJlLTk4NzM2YjY1NjJjZicKcDExCnNTJ2V4cGlyZXMnCnAxMgpOc1MndXRjJwpwMTMKSTAwCnMu\", \"headers\": {}, \"content-type\": \"application/x-python-serialize\", \"properties\": {\"body_encoding\": \"base64\", \"delivery_info\": {\"priority\": 0, \"routing_key\": \"celery\", \"exchange\": \"celery\"}, \"delivery_mode\": 2, \"delivery_tag\": 2}, \"content-encoding\": \"binary\"}',1),(154,1,'2012-07-28 04:00:00','{\"body\": \"KGRwMQpTJ3N0YXR1cycKcDIKUydTVUNDRVNTJwpwMwpzUyd0cmFjZWJhY2snCnA0Ck5zUydyZXN1bHQnCnA1Ck5zUyd0YXNrX2lkJwpwNgpTJzIwNDdlMTM2LWMyNjgtNDUxYS1hNzJlLTk4NzM2YjY1NjJjZicKcDcKcy4=\", \"headers\": {}, \"content-type\": \"application/x-python-serialize\", \"properties\": {\"body_encoding\": \"base64\", \"delivery_info\": {\"priority\": 0, \"routing_key\": \"2047e136c268451aa72e98736b6562cf\", \"exchange\": \"celeryresults\"}, \"delivery_mode\": 1, \"delivery_tag\": 1}, \"content-encoding\": \"binary\"}',20),(155,0,'2012-07-29 02:00:00','{\"body\": \"KGRwMQpTJ3JldHJpZXMnCnAyCkkwCnNTJ3Rhc2snCnAzClMnZ2VzdG9ycHNpLmFzeW5jX3Rhc2tzLnRhc2tzLkNoZWNrQW5kQ2hhcmdlJwpwNApzUydrd2FyZ3MnCnA1CihkcDYKc1MnZXRhJwpwNwpOc1MnYXJncycKcDgKKGxwOQpzUydpZCcKcDEwClMnNGE0NzA3NGEtMzBhMC00MjNmLThmNzUtNzhkNzc4MzFjOTNkJwpwMTEKc1MnZXhwaXJlcycKcDEyCk5zUyd1dGMnCnAxMwpJMDAKcy4=\", \"headers\": {}, \"content-type\": \"application/x-python-serialize\", \"properties\": {\"body_encoding\": \"base64\", \"delivery_info\": {\"priority\": 0, \"routing_key\": \"celery\", \"exchange\": \"celery\"}, \"delivery_mode\": 2, \"delivery_tag\": 1}, \"content-encoding\": \"binary\"}',1),(156,0,'2012-07-29 04:00:00','{\"body\": \"KGRwMQpTJ3JldHJpZXMnCnAyCkkwCnNTJ3Rhc2snCnAzClMnY2VsZXJ5LmJhY2tlbmRfY2xlYW51cCcKcDQKc1Mna3dhcmdzJwpwNQooZHA2CnNTJ2V0YScKcDcKTnNTJ2FyZ3MnCnA4CihscDkKc1MnaWQnCnAxMApTJ2I3NWViZTYxLWI2MjEtNGVjMi1hMTY2LWQ3NmU1MTBmZTk0ZicKcDExCnNTJ2V4cGlyZXMnCnAxMgpOc1MndXRjJwpwMTMKSTAwCnMu\", \"headers\": {}, \"content-type\": \"application/x-python-serialize\", \"properties\": {\"body_encoding\": \"base64\", \"delivery_info\": {\"priority\": 0, \"routing_key\": \"celery\", \"exchange\": \"celery\"}, \"delivery_mode\": 2, \"delivery_tag\": 2}, \"content-encoding\": \"binary\"}',1),(157,1,'2012-07-29 04:00:01','{\"body\": \"KGRwMQpTJ3N0YXR1cycKcDIKUydTVUNDRVNTJwpwMwpzUyd0cmFjZWJhY2snCnA0Ck5zUydyZXN1bHQnCnA1Ck5zUyd0YXNrX2lkJwpwNgpTJ2I3NWViZTYxLWI2MjEtNGVjMi1hMTY2LWQ3NmU1MTBmZTk0ZicKcDcKcy4=\", \"headers\": {}, \"content-type\": \"application/x-python-serialize\", \"properties\": {\"body_encoding\": \"base64\", \"delivery_info\": {\"priority\": 0, \"routing_key\": \"b75ebe61b6214ec2a166d76e510fe94f\", \"exchange\": \"celeryresults\"}, \"delivery_mode\": 1, \"delivery_tag\": 1}, \"content-encoding\": \"binary\"}',21),(158,0,'2012-07-30 02:00:00','{\"body\": \"KGRwMQpTJ3JldHJpZXMnCnAyCkkwCnNTJ3Rhc2snCnAzClMnZ2VzdG9ycHNpLmFzeW5jX3Rhc2tzLnRhc2tzLkNoZWNrQW5kQ2hhcmdlJwpwNApzUydrd2FyZ3MnCnA1CihkcDYKc1MnZXRhJwpwNwpOc1MnYXJncycKcDgKKGxwOQpzUydpZCcKcDEwClMnYjVhZWI1NmQtZGE3OS00NjJhLWJjYTktYzI4OGUyZjI1ODE2JwpwMTEKc1MnZXhwaXJlcycKcDEyCk5zUyd1dGMnCnAxMwpJMDAKcy4=\", \"headers\": {}, \"content-type\": \"application/x-python-serialize\", \"properties\": {\"body_encoding\": \"base64\", \"delivery_info\": {\"priority\": 0, \"routing_key\": \"celery\", \"exchange\": \"celery\"}, \"delivery_mode\": 2, \"delivery_tag\": 1}, \"content-encoding\": \"binary\"}',1),(159,0,'2012-07-30 04:00:00','{\"body\": \"KGRwMQpTJ3JldHJpZXMnCnAyCkkwCnNTJ3Rhc2snCnAzClMnY2VsZXJ5LmJhY2tlbmRfY2xlYW51cCcKcDQKc1Mna3dhcmdzJwpwNQooZHA2CnNTJ2V0YScKcDcKTnNTJ2FyZ3MnCnA4CihscDkKc1MnaWQnCnAxMApTJzc2MjZiOGZkLTg3MGMtNGU3MS04OTA1LTcxYjg1OTllMmYwZCcKcDExCnNTJ2V4cGlyZXMnCnAxMgpOc1MndXRjJwpwMTMKSTAwCnMu\", \"headers\": {}, \"content-type\": \"application/x-python-serialize\", \"properties\": {\"body_encoding\": \"base64\", \"delivery_info\": {\"priority\": 0, \"routing_key\": \"celery\", \"exchange\": \"celery\"}, \"delivery_mode\": 2, \"delivery_tag\": 2}, \"content-encoding\": \"binary\"}',1),(160,1,'2012-07-30 04:00:02','{\"body\": \"KGRwMQpTJ3N0YXR1cycKcDIKUydTVUNDRVNTJwpwMwpzUyd0cmFjZWJhY2snCnA0Ck5zUydyZXN1bHQnCnA1Ck5zUyd0YXNrX2lkJwpwNgpTJzc2MjZiOGZkLTg3MGMtNGU3MS04OTA1LTcxYjg1OTllMmYwZCcKcDcKcy4=\", \"headers\": {}, \"content-type\": \"application/x-python-serialize\", \"properties\": {\"body_encoding\": \"base64\", \"delivery_info\": {\"priority\": 0, \"routing_key\": \"7626b8fd870c4e71890571b8599e2f0d\", \"exchange\": \"celeryresults\"}, \"delivery_mode\": 1, \"delivery_tag\": 1}, \"content-encoding\": \"binary\"}',22),(161,0,'2012-07-31 02:00:00','{\"body\": \"KGRwMQpTJ3JldHJpZXMnCnAyCkkwCnNTJ3Rhc2snCnAzClMnZ2VzdG9ycHNpLmFzeW5jX3Rhc2tzLnRhc2tzLkNoZWNrQW5kQ2hhcmdlJwpwNApzUydrd2FyZ3MnCnA1CihkcDYKc1MnZXRhJwpwNwpOc1MnYXJncycKcDgKKGxwOQpzUydpZCcKcDEwClMnNGVjZjFmMWItMWEzYi00Y2EzLTg3ZTQtZjZhMzg0MzEzNjQ1JwpwMTEKc1MnZXhwaXJlcycKcDEyCk5zUyd1dGMnCnAxMwpJMDAKcy4=\", \"headers\": {}, \"content-type\": \"application/x-python-serialize\", \"properties\": {\"body_encoding\": \"base64\", \"delivery_info\": {\"priority\": 0, \"routing_key\": \"celery\", \"exchange\": \"celery\"}, \"delivery_mode\": 2, \"delivery_tag\": 1}, \"content-encoding\": \"binary\"}',1),(162,0,'2012-07-31 04:00:00','{\"body\": \"KGRwMQpTJ3JldHJpZXMnCnAyCkkwCnNTJ3Rhc2snCnAzClMnY2VsZXJ5LmJhY2tlbmRfY2xlYW51cCcKcDQKc1Mna3dhcmdzJwpwNQooZHA2CnNTJ2V0YScKcDcKTnNTJ2FyZ3MnCnA4CihscDkKc1MnaWQnCnAxMApTJzg5YjI3NmNkLTI5ODEtNDc3Zi1iZGZlLTM4MmY1NGNjM2EyZCcKcDExCnNTJ2V4cGlyZXMnCnAxMgpOc1MndXRjJwpwMTMKSTAwCnMu\", \"headers\": {}, \"content-type\": \"application/x-python-serialize\", \"properties\": {\"body_encoding\": \"base64\", \"delivery_info\": {\"priority\": 0, \"routing_key\": \"celery\", \"exchange\": \"celery\"}, \"delivery_mode\": 2, \"delivery_tag\": 2}, \"content-encoding\": \"binary\"}',1),(163,1,'2012-07-31 04:00:01','{\"body\": \"KGRwMQpTJ3N0YXR1cycKcDIKUydTVUNDRVNTJwpwMwpzUyd0cmFjZWJhY2snCnA0Ck5zUydyZXN1bHQnCnA1Ck5zUyd0YXNrX2lkJwpwNgpTJzg5YjI3NmNkLTI5ODEtNDc3Zi1iZGZlLTM4MmY1NGNjM2EyZCcKcDcKcy4=\", \"headers\": {}, \"content-type\": \"application/x-python-serialize\", \"properties\": {\"body_encoding\": \"base64\", \"delivery_info\": {\"priority\": 0, \"routing_key\": \"89b276cd2981477fbdfe382f54cc3a2d\", \"exchange\": \"celeryresults\"}, \"delivery_mode\": 1, \"delivery_tag\": 1}, \"content-encoding\": \"binary\"}',23),(164,0,'2012-08-01 02:00:00','{\"body\": \"KGRwMQpTJ3JldHJpZXMnCnAyCkkwCnNTJ3Rhc2snCnAzClMnZ2VzdG9ycHNpLmFzeW5jX3Rhc2tzLnRhc2tzLkNoZWNrQW5kQ2hhcmdlJwpwNApzUydrd2FyZ3MnCnA1CihkcDYKc1MnZXRhJwpwNwpOc1MnYXJncycKcDgKKGxwOQpzUydpZCcKcDEwClMnNmY3MWYxNDEtYzE2NC00NzkzLWExMGUtOTE2OWU2MDRmMGQ4JwpwMTEKc1MnZXhwaXJlcycKcDEyCk5zUyd1dGMnCnAxMwpJMDAKcy4=\", \"headers\": {}, \"content-type\": \"application/x-python-serialize\", \"properties\": {\"body_encoding\": \"base64\", \"delivery_info\": {\"priority\": 0, \"routing_key\": \"celery\", \"exchange\": \"celery\"}, \"delivery_mode\": 2, \"delivery_tag\": 1}, \"content-encoding\": \"binary\"}',1),(165,0,'2012-08-01 04:00:00','{\"body\": \"KGRwMQpTJ3JldHJpZXMnCnAyCkkwCnNTJ3Rhc2snCnAzClMnY2VsZXJ5LmJhY2tlbmRfY2xlYW51cCcKcDQKc1Mna3dhcmdzJwpwNQooZHA2CnNTJ2V0YScKcDcKTnNTJ2FyZ3MnCnA4CihscDkKc1MnaWQnCnAxMApTJzY0MjdiNjBhLTNhNTUtNDBkMS1iYmM4LTExYTMwYjRkMTYzZCcKcDExCnNTJ2V4cGlyZXMnCnAxMgpOc1MndXRjJwpwMTMKSTAwCnMu\", \"headers\": {}, \"content-type\": \"application/x-python-serialize\", \"properties\": {\"body_encoding\": \"base64\", \"delivery_info\": {\"priority\": 0, \"routing_key\": \"celery\", \"exchange\": \"celery\"}, \"delivery_mode\": 2, \"delivery_tag\": 2}, \"content-encoding\": \"binary\"}',1),(166,1,'2012-08-01 04:00:03','{\"body\": \"KGRwMQpTJ3N0YXR1cycKcDIKUydTVUNDRVNTJwpwMwpzUyd0cmFjZWJhY2snCnA0Ck5zUydyZXN1bHQnCnA1Ck5zUyd0YXNrX2lkJwpwNgpTJzY0MjdiNjBhLTNhNTUtNDBkMS1iYmM4LTExYTMwYjRkMTYzZCcKcDcKcy4=\", \"headers\": {}, \"content-type\": \"application/x-python-serialize\", \"properties\": {\"body_encoding\": \"base64\", \"delivery_info\": {\"priority\": 0, \"routing_key\": \"6427b60a3a5540d1bbc811a30b4d163d\", \"exchange\": \"celeryresults\"}, \"delivery_mode\": 1, \"delivery_tag\": 1}, \"content-encoding\": \"binary\"}',24),(167,0,'2012-08-02 02:00:00','{\"body\": \"KGRwMQpTJ3JldHJpZXMnCnAyCkkwCnNTJ3Rhc2snCnAzClMnZ2VzdG9ycHNpLmFzeW5jX3Rhc2tzLnRhc2tzLkNoZWNrQW5kQ2hhcmdlJwpwNApzUydrd2FyZ3MnCnA1CihkcDYKc1MnZXRhJwpwNwpOc1MnYXJncycKcDgKKGxwOQpzUydpZCcKcDEwClMnMmYwMzFjZTktNTdkNy00MTRkLWJiMTctODQ3YjBjM2ZiNDJkJwpwMTEKc1MnZXhwaXJlcycKcDEyCk5zUyd1dGMnCnAxMwpJMDAKcy4=\", \"headers\": {}, \"content-type\": \"application/x-python-serialize\", \"properties\": {\"body_encoding\": \"base64\", \"delivery_info\": {\"priority\": 0, \"routing_key\": \"celery\", \"exchange\": \"celery\"}, \"delivery_mode\": 2, \"delivery_tag\": 1}, \"content-encoding\": \"binary\"}',1),(168,0,'2012-08-02 04:00:00','{\"body\": \"KGRwMQpTJ3JldHJpZXMnCnAyCkkwCnNTJ3Rhc2snCnAzClMnY2VsZXJ5LmJhY2tlbmRfY2xlYW51cCcKcDQKc1Mna3dhcmdzJwpwNQooZHA2CnNTJ2V0YScKcDcKTnNTJ2FyZ3MnCnA4CihscDkKc1MnaWQnCnAxMApTJzYyZDEzM2VjLTc4YWMtNDUyMy04ZTVjLTRiZmE2OTM3N2NkMicKcDExCnNTJ2V4cGlyZXMnCnAxMgpOc1MndXRjJwpwMTMKSTAwCnMu\", \"headers\": {}, \"content-type\": \"application/x-python-serialize\", \"properties\": {\"body_encoding\": \"base64\", \"delivery_info\": {\"priority\": 0, \"routing_key\": \"celery\", \"exchange\": \"celery\"}, \"delivery_mode\": 2, \"delivery_tag\": 2}, \"content-encoding\": \"binary\"}',1),(169,1,'2012-08-02 04:00:01','{\"body\": \"KGRwMQpTJ3N0YXR1cycKcDIKUydTVUNDRVNTJwpwMwpzUyd0cmFjZWJhY2snCnA0Ck5zUydyZXN1bHQnCnA1Ck5zUyd0YXNrX2lkJwpwNgpTJzYyZDEzM2VjLTc4YWMtNDUyMy04ZTVjLTRiZmE2OTM3N2NkMicKcDcKcy4=\", \"headers\": {}, \"content-type\": \"application/x-python-serialize\", \"properties\": {\"body_encoding\": \"base64\", \"delivery_info\": {\"priority\": 0, \"routing_key\": \"62d133ec78ac45238e5c4bfa69377cd2\", \"exchange\": \"celeryresults\"}, \"delivery_mode\": 1, \"delivery_tag\": 1}, \"content-encoding\": \"binary\"}',25),(170,0,'2012-08-03 02:00:00','{\"body\": \"KGRwMQpTJ3JldHJpZXMnCnAyCkkwCnNTJ3Rhc2snCnAzClMnZ2VzdG9ycHNpLmFzeW5jX3Rhc2tzLnRhc2tzLkNoZWNrQW5kQ2hhcmdlJwpwNApzUydrd2FyZ3MnCnA1CihkcDYKc1MnZXRhJwpwNwpOc1MnYXJncycKcDgKKGxwOQpzUydpZCcKcDEwClMnYWFhMjUxNTMtMjM2Yi00MDg5LThjMTYtOTI0MGU5NjJhYTA2JwpwMTEKc1MnZXhwaXJlcycKcDEyCk5zUyd1dGMnCnAxMwpJMDAKcy4=\", \"headers\": {}, \"content-type\": \"application/x-python-serialize\", \"properties\": {\"body_encoding\": \"base64\", \"delivery_info\": {\"priority\": 0, \"routing_key\": \"celery\", \"exchange\": \"celery\"}, \"delivery_mode\": 2, \"delivery_tag\": 1}, \"content-encoding\": \"binary\"}',1),(171,0,'2012-08-03 04:00:00','{\"body\": \"KGRwMQpTJ3JldHJpZXMnCnAyCkkwCnNTJ3Rhc2snCnAzClMnY2VsZXJ5LmJhY2tlbmRfY2xlYW51cCcKcDQKc1Mna3dhcmdzJwpwNQooZHA2CnNTJ2V0YScKcDcKTnNTJ2FyZ3MnCnA4CihscDkKc1MnaWQnCnAxMApTJ2VhMjMxYzNhLTg1NWItNGEwNy1hOTM1LTQwODE2OWMwN2MzNCcKcDExCnNTJ2V4cGlyZXMnCnAxMgpOc1MndXRjJwpwMTMKSTAwCnMu\", \"headers\": {}, \"content-type\": \"application/x-python-serialize\", \"properties\": {\"body_encoding\": \"base64\", \"delivery_info\": {\"priority\": 0, \"routing_key\": \"celery\", \"exchange\": \"celery\"}, \"delivery_mode\": 2, \"delivery_tag\": 2}, \"content-encoding\": \"binary\"}',1),(172,1,'2012-08-03 04:00:01','{\"body\": \"KGRwMQpTJ3N0YXR1cycKcDIKUydTVUNDRVNTJwpwMwpzUyd0cmFjZWJhY2snCnA0Ck5zUydyZXN1bHQnCnA1Ck5zUyd0YXNrX2lkJwpwNgpTJ2VhMjMxYzNhLTg1NWItNGEwNy1hOTM1LTQwODE2OWMwN2MzNCcKcDcKcy4=\", \"headers\": {}, \"content-type\": \"application/x-python-serialize\", \"properties\": {\"body_encoding\": \"base64\", \"delivery_info\": {\"priority\": 0, \"routing_key\": \"ea231c3a855b4a07a935408169c07c34\", \"exchange\": \"celeryresults\"}, \"delivery_mode\": 1, \"delivery_tag\": 1}, \"content-encoding\": \"binary\"}',26),(173,0,'2012-08-04 02:00:00','{\"body\": \"KGRwMQpTJ3JldHJpZXMnCnAyCkkwCnNTJ3Rhc2snCnAzClMnZ2VzdG9ycHNpLmFzeW5jX3Rhc2tzLnRhc2tzLkNoZWNrQW5kQ2hhcmdlJwpwNApzUydrd2FyZ3MnCnA1CihkcDYKc1MnZXRhJwpwNwpOc1MnYXJncycKcDgKKGxwOQpzUydpZCcKcDEwClMnMzVmNjlhM2ItMzVjZC00MTk1LWFhY2ItZDc1OTgwZGQ1M2ZjJwpwMTEKc1MnZXhwaXJlcycKcDEyCk5zUyd1dGMnCnAxMwpJMDAKcy4=\", \"headers\": {}, \"content-type\": \"application/x-python-serialize\", \"properties\": {\"body_encoding\": \"base64\", \"delivery_info\": {\"priority\": 0, \"routing_key\": \"celery\", \"exchange\": \"celery\"}, \"delivery_mode\": 2, \"delivery_tag\": 1}, \"content-encoding\": \"binary\"}',1),(174,0,'2012-08-04 04:00:00','{\"body\": \"KGRwMQpTJ3JldHJpZXMnCnAyCkkwCnNTJ3Rhc2snCnAzClMnY2VsZXJ5LmJhY2tlbmRfY2xlYW51cCcKcDQKc1Mna3dhcmdzJwpwNQooZHA2CnNTJ2V0YScKcDcKTnNTJ2FyZ3MnCnA4CihscDkKc1MnaWQnCnAxMApTJzlmYmRjZTMzLWM5MzktNGY3ZC1hMzlmLWI0YjVkNWRmYjE3NycKcDExCnNTJ2V4cGlyZXMnCnAxMgpOc1MndXRjJwpwMTMKSTAwCnMu\", \"headers\": {}, \"content-type\": \"application/x-python-serialize\", \"properties\": {\"body_encoding\": \"base64\", \"delivery_info\": {\"priority\": 0, \"routing_key\": \"celery\", \"exchange\": \"celery\"}, \"delivery_mode\": 2, \"delivery_tag\": 2}, \"content-encoding\": \"binary\"}',1),(175,1,'2012-08-04 04:00:00','{\"body\": \"KGRwMQpTJ3N0YXR1cycKcDIKUydTVUNDRVNTJwpwMwpzUyd0cmFjZWJhY2snCnA0Ck5zUydyZXN1bHQnCnA1Ck5zUyd0YXNrX2lkJwpwNgpTJzlmYmRjZTMzLWM5MzktNGY3ZC1hMzlmLWI0YjVkNWRmYjE3NycKcDcKcy4=\", \"headers\": {}, \"content-type\": \"application/x-python-serialize\", \"properties\": {\"body_encoding\": \"base64\", \"delivery_info\": {\"priority\": 0, \"routing_key\": \"9fbdce33c9394f7da39fb4b5d5dfb177\", \"exchange\": \"celeryresults\"}, \"delivery_mode\": 1, \"delivery_tag\": 1}, \"content-encoding\": \"binary\"}',27),(176,0,'2012-08-05 02:00:00','{\"body\": \"KGRwMQpTJ3JldHJpZXMnCnAyCkkwCnNTJ3Rhc2snCnAzClMnZ2VzdG9ycHNpLmFzeW5jX3Rhc2tzLnRhc2tzLkNoZWNrQW5kQ2hhcmdlJwpwNApzUydrd2FyZ3MnCnA1CihkcDYKc1MnZXRhJwpwNwpOc1MnYXJncycKcDgKKGxwOQpzUydpZCcKcDEwClMnNjUwODgxNjUtMjg4Ny00MTQ2LTkxMzEtZWJjM2Y1OTk5ZjA1JwpwMTEKc1MnZXhwaXJlcycKcDEyCk5zUyd1dGMnCnAxMwpJMDAKcy4=\", \"headers\": {}, \"content-type\": \"application/x-python-serialize\", \"properties\": {\"body_encoding\": \"base64\", \"delivery_info\": {\"priority\": 0, \"routing_key\": \"celery\", \"exchange\": \"celery\"}, \"delivery_mode\": 2, \"delivery_tag\": 1}, \"content-encoding\": \"binary\"}',1),(177,0,'2012-08-05 04:00:00','{\"body\": \"KGRwMQpTJ3JldHJpZXMnCnAyCkkwCnNTJ3Rhc2snCnAzClMnY2VsZXJ5LmJhY2tlbmRfY2xlYW51cCcKcDQKc1Mna3dhcmdzJwpwNQooZHA2CnNTJ2V0YScKcDcKTnNTJ2FyZ3MnCnA4CihscDkKc1MnaWQnCnAxMApTJzcyOTVhYjU2LTgxN2QtNDczYi05NjhhLTZjNjlmYjU1YWQxNicKcDExCnNTJ2V4cGlyZXMnCnAxMgpOc1MndXRjJwpwMTMKSTAwCnMu\", \"headers\": {}, \"content-type\": \"application/x-python-serialize\", \"properties\": {\"body_encoding\": \"base64\", \"delivery_info\": {\"priority\": 0, \"routing_key\": \"celery\", \"exchange\": \"celery\"}, \"delivery_mode\": 2, \"delivery_tag\": 2}, \"content-encoding\": \"binary\"}',1),(178,1,'2012-08-05 04:00:01','{\"body\": \"KGRwMQpTJ3N0YXR1cycKcDIKUydTVUNDRVNTJwpwMwpzUyd0cmFjZWJhY2snCnA0Ck5zUydyZXN1bHQnCnA1Ck5zUyd0YXNrX2lkJwpwNgpTJzcyOTVhYjU2LTgxN2QtNDczYi05NjhhLTZjNjlmYjU1YWQxNicKcDcKcy4=\", \"headers\": {}, \"content-type\": \"application/x-python-serialize\", \"properties\": {\"body_encoding\": \"base64\", \"delivery_info\": {\"priority\": 0, \"routing_key\": \"7295ab56817d473b968a6c69fb55ad16\", \"exchange\": \"celeryresults\"}, \"delivery_mode\": 1, \"delivery_tag\": 1}, \"content-encoding\": \"binary\"}',28),(179,0,'2012-08-06 02:00:00','{\"body\": \"KGRwMQpTJ3JldHJpZXMnCnAyCkkwCnNTJ3Rhc2snCnAzClMnZ2VzdG9ycHNpLmFzeW5jX3Rhc2tzLnRhc2tzLkNoZWNrQW5kQ2hhcmdlJwpwNApzUydrd2FyZ3MnCnA1CihkcDYKc1MnZXRhJwpwNwpOc1MnYXJncycKcDgKKGxwOQpzUydpZCcKcDEwClMnN2E0YzgyNDctMGMyOS00OTJiLWIzZDAtOGJlYTYzNWQ2ZWNkJwpwMTEKc1MnZXhwaXJlcycKcDEyCk5zUyd1dGMnCnAxMwpJMDAKcy4=\", \"headers\": {}, \"content-type\": \"application/x-python-serialize\", \"properties\": {\"body_encoding\": \"base64\", \"delivery_info\": {\"priority\": 0, \"routing_key\": \"celery\", \"exchange\": \"celery\"}, \"delivery_mode\": 2, \"delivery_tag\": 1}, \"content-encoding\": \"binary\"}',1),(180,0,'2012-08-06 04:00:00','{\"body\": \"KGRwMQpTJ3JldHJpZXMnCnAyCkkwCnNTJ3Rhc2snCnAzClMnY2VsZXJ5LmJhY2tlbmRfY2xlYW51cCcKcDQKc1Mna3dhcmdzJwpwNQooZHA2CnNTJ2V0YScKcDcKTnNTJ2FyZ3MnCnA4CihscDkKc1MnaWQnCnAxMApTJzBjNzEyMTk0LWZlODQtNDA4MS04ZjQ0LWVjMTI4MjM0NGE4YicKcDExCnNTJ2V4cGlyZXMnCnAxMgpOc1MndXRjJwpwMTMKSTAwCnMu\", \"headers\": {}, \"content-type\": \"application/x-python-serialize\", \"properties\": {\"body_encoding\": \"base64\", \"delivery_info\": {\"priority\": 0, \"routing_key\": \"celery\", \"exchange\": \"celery\"}, \"delivery_mode\": 2, \"delivery_tag\": 2}, \"content-encoding\": \"binary\"}',1),(181,1,'2012-08-06 04:00:00','{\"body\": \"KGRwMQpTJ3N0YXR1cycKcDIKUydTVUNDRVNTJwpwMwpzUyd0cmFjZWJhY2snCnA0Ck5zUydyZXN1bHQnCnA1Ck5zUyd0YXNrX2lkJwpwNgpTJzBjNzEyMTk0LWZlODQtNDA4MS04ZjQ0LWVjMTI4MjM0NGE4YicKcDcKcy4=\", \"headers\": {}, \"content-type\": \"application/x-python-serialize\", \"properties\": {\"body_encoding\": \"base64\", \"delivery_info\": {\"priority\": 0, \"routing_key\": \"0c712194fe8440818f44ec1282344a8b\", \"exchange\": \"celeryresults\"}, \"delivery_mode\": 1, \"delivery_tag\": 1}, \"content-encoding\": \"binary\"}',29),(182,0,'2012-08-07 02:00:00','{\"body\": \"KGRwMQpTJ3JldHJpZXMnCnAyCkkwCnNTJ3Rhc2snCnAzClMnZ2VzdG9ycHNpLmFzeW5jX3Rhc2tzLnRhc2tzLkNoZWNrQW5kQ2hhcmdlJwpwNApzUydrd2FyZ3MnCnA1CihkcDYKc1MnZXRhJwpwNwpOc1MnYXJncycKcDgKKGxwOQpzUydpZCcKcDEwClMnY2RkMjA2MTYtZWE0Ni00NjFmLWE1N2YtOWU2ODVhNmVmZTA4JwpwMTEKc1MnZXhwaXJlcycKcDEyCk5zUyd1dGMnCnAxMwpJMDAKcy4=\", \"headers\": {}, \"content-type\": \"application/x-python-serialize\", \"properties\": {\"body_encoding\": \"base64\", \"delivery_info\": {\"priority\": 0, \"routing_key\": \"celery\", \"exchange\": \"celery\"}, \"delivery_mode\": 2, \"delivery_tag\": 1}, \"content-encoding\": \"binary\"}',1),(183,0,'2012-08-07 04:00:00','{\"body\": \"KGRwMQpTJ3JldHJpZXMnCnAyCkkwCnNTJ3Rhc2snCnAzClMnY2VsZXJ5LmJhY2tlbmRfY2xlYW51cCcKcDQKc1Mna3dhcmdzJwpwNQooZHA2CnNTJ2V0YScKcDcKTnNTJ2FyZ3MnCnA4CihscDkKc1MnaWQnCnAxMApTJzdjNzIyZTEwLTY5YTktNGYxNC04NzA4LTgwNTE2YjY1OTY4YScKcDExCnNTJ2V4cGlyZXMnCnAxMgpOc1MndXRjJwpwMTMKSTAwCnMu\", \"headers\": {}, \"content-type\": \"application/x-python-serialize\", \"properties\": {\"body_encoding\": \"base64\", \"delivery_info\": {\"priority\": 0, \"routing_key\": \"celery\", \"exchange\": \"celery\"}, \"delivery_mode\": 2, \"delivery_tag\": 2}, \"content-encoding\": \"binary\"}',1),(184,1,'2012-08-07 04:00:02','{\"body\": \"KGRwMQpTJ3N0YXR1cycKcDIKUydTVUNDRVNTJwpwMwpzUyd0cmFjZWJhY2snCnA0Ck5zUydyZXN1bHQnCnA1Ck5zUyd0YXNrX2lkJwpwNgpTJzdjNzIyZTEwLTY5YTktNGYxNC04NzA4LTgwNTE2YjY1OTY4YScKcDcKcy4=\", \"headers\": {}, \"content-type\": \"application/x-python-serialize\", \"properties\": {\"body_encoding\": \"base64\", \"delivery_info\": {\"priority\": 0, \"routing_key\": \"7c722e1069a94f14870880516b65968a\", \"exchange\": \"celeryresults\"}, \"delivery_mode\": 1, \"delivery_tag\": 1}, \"content-encoding\": \"binary\"}',30);
/*!40000 ALTER TABLE `djkombu_message` ENABLE KEYS */;
UNLOCK TABLES;

--
-- Table structure for table `djkombu_queue`
--

DROP TABLE IF EXISTS `djkombu_queue`;
/*!40101 SET @saved_cs_client     = @@character_set_client */;
/*!40101 SET character_set_client = utf8 */;
CREATE TABLE `djkombu_queue` (
  `id` int(11) NOT NULL AUTO_INCREMENT,
  `name` varchar(200) NOT NULL,
  PRIMARY KEY (`id`),
  UNIQUE KEY `name` (`name`)
) ENGINE=MyISAM AUTO_INCREMENT=31 DEFAULT CHARSET=latin1;
/*!40101 SET character_set_client = @saved_cs_client */;

--
-- Dumping data for table `djkombu_queue`
--

LOCK TABLES `djkombu_queue` WRITE;
/*!40000 ALTER TABLE `djkombu_queue` DISABLE KEYS */;
INSERT INTO `djkombu_queue` VALUES (1,'celery'),(2,'ubuntu.celeryd.pidbox'),(3,'7e88753119604d0f8a5d459ea7eef2b9'),(4,'db28ce5b8b364b5b8230051b9e0fd15c'),(5,'a09e812b8e344149aee0dedcef0c3a9c'),(6,'c9a32896a63c4181826aab6d6b006dee'),(7,'f7d69330e0344db09e3337c3f9f966b8'),(8,'35739b44bf064dee8c4eaf7400ae0d21'),(9,'f7e6f163183e414388bf7c9237bce194'),(10,'a840d19023ef4c9686d1287b52fc5a29'),(11,'ba7bed03593e4a25927c96017c6c27b6'),(12,'0998884e374548198cd2842618c6b917'),(13,'fb56f0b7bab646449ebc6d6bad479251'),(14,'cb96e88197524e09916e91c362fa45af'),(15,'252644babe5f493d9e98d250d1273e83'),(16,'e07214abe3f24606ad0faffd2e216607'),(17,'725c1d08c5924254a853b3181a76ffe5'),(18,'43833dbf3e2d41d69b49910c129ec924'),(19,'2ed49484363543bab25528d9f47ee1c5'),(20,'2047e136c268451aa72e98736b6562cf'),(21,'b75ebe61b6214ec2a166d76e510fe94f'),(22,'7626b8fd870c4e71890571b8599e2f0d'),(23,'89b276cd2981477fbdfe382f54cc3a2d'),(24,'6427b60a3a5540d1bbc811a30b4d163d'),(25,'62d133ec78ac45238e5c4bfa69377cd2'),(26,'ea231c3a855b4a07a935408169c07c34'),(27,'9fbdce33c9394f7da39fb4b5d5dfb177'),(28,'7295ab56817d473b968a6c69fb55ad16'),(29,'0c712194fe8440818f44ec1282344a8b'),(30,'7c722e1069a94f14870880516b65968a');
/*!40000 ALTER TABLE `djkombu_queue` ENABLE KEYS */;
UNLOCK TABLES;

--
-- Table structure for table `document_document`
--

DROP TABLE IF EXISTS `document_document`;
/*!40101 SET @saved_cs_client     = @@character_set_client */;
/*!40101 SET character_set_client = utf8 */;
CREATE TABLE `document_document` (
  `id` varchar(36) NOT NULL,
  `typeDocument_id` int(11) NOT NULL,
  `document` varchar(20) NOT NULL,
  `issuer_id` int(11) DEFAULT NULL,
  `state_id` int(11) DEFAULT NULL,
  `content_type_id` int(11) NOT NULL,
  `object_id` varchar(36) NOT NULL,
  PRIMARY KEY (`id`),
  KEY `document_document_fe66bcb7` (`typeDocument_id`),
  KEY `document_document_8372547` (`issuer_id`),
  KEY `document_document_b9608dc2` (`state_id`),
  KEY `document_document_e4470c6e` (`content_type_id`)
) ENGINE=MyISAM DEFAULT CHARSET=latin1;
/*!40101 SET character_set_client = @saved_cs_client */;

--
-- Dumping data for table `document_document`
--

LOCK TABLES `document_document` WRITE;
/*!40000 ALTER TABLE `document_document` DISABLE KEYS */;
INSERT INTO `document_document` VALUES ('56e70963-5322-4666-b8e1-958372766d42',2,'2333232323',NULL,NULL,73,'7e1bdfb8-e36c-4269-992d-24dcf4d5fb39'),('e5efd2ef-f1c5-4c2f-8665-176a2bf5352e',2,'111.111.111-11',NULL,NULL,80,'66969e75-6b2b-4244-a773-d183ca91110d'),('aa6878ba-61d1-42ba-8ad9-84313aa48933',2,'162.095.358-79',NULL,NULL,80,'00a857af-0285-4896-8338-3fd511272cfe'),('b531bcaa-86c9-42ba-9941-27e0176402f2',2,'222.222.222-22',NULL,NULL,80,'fad7615d-a29a-4a5a-b317-f3f7089c92a5'),('a1fb9ed0-12e3-4fc3-b667-c9843e284447',2,'222.222.222-22',NULL,NULL,80,'86d2ce11-cb26-44e0-ace7-833acac92975'),('ff956c02-a955-4f75-b335-14910728c8ca',2,'222.222.222-22',NULL,NULL,80,'c4990686-a69a-4505-9397-7d2bb33ee5cd'),('9df8c4c1-404e-420b-b113-e2d8502fbb15',2,'162.095.358-79',NULL,NULL,80,'980c8bc4-fb9f-44e8-b751-6f3382102297'),('ddf4f0a8-ce39-453c-88c4-c3b5146f430a',2,'162.095.358-79',NULL,NULL,80,'6373e3b9-d4b6-41be-a43d-282b4b7a5873');
/*!40000 ALTER TABLE `document_document` ENABLE KEYS */;
UNLOCK TABLES;

--
-- Table structure for table `document_issuer`
--

DROP TABLE IF EXISTS `document_issuer`;
/*!40101 SET @saved_cs_client     = @@character_set_client */;
/*!40101 SET character_set_client = utf8 */;
CREATE TABLE `document_issuer` (
  `id` int(11) NOT NULL AUTO_INCREMENT,
  `description` varchar(100) NOT NULL,
  PRIMARY KEY (`id`)
) ENGINE=MyISAM AUTO_INCREMENT=83 DEFAULT CHARSET=latin1;
/*!40101 SET character_set_client = @saved_cs_client */;

--
-- Dumping data for table `document_issuer`
--

LOCK TABLES `document_issuer` WRITE;
/*!40000 ALTER TABLE `document_issuer` DISABLE KEYS */;
INSERT INTO `document_issuer` VALUES (60,'Carteira de Identidade Classista'),(41,'Comando da Aeronáutica(Ex Ministério da Aeronáutica)'),(43,'Comando da Marinha(Ex Ministério da Marinha)'),(42,'Comando do Exército(Ex Ministério do Exército)'),(61,'Conselho Regional de Administração'),(62,'Conselho Regional de Assist. Social'),(63,'Conselho Regional de Biblioteconomia'),(64,'Conselho Regional de Contabilidade'),(65,'Conselho Regional de Corretores Imóveis'),(66,'Conselho Regional de Enfermagem'),(67,'Conselho Regional de Engenharia, Arquitetura e Agronomia'),(68,'Conselho Regional de Estatística'),(69,'Conselho Regional de Farmácia'),(70,'Conselho Regional de Fisioterapia e Terapia Ocupacional'),(71,'Conselho Regional de Medicina'),(72,'Conselho Regional de Medicina Veterinária'),(74,'Conselho Regional de Nutrição'),(75,'Conselho Regional de Odontologia'),(76,'Conselho Regional de Profissionais de Relações Públicas'),(77,'Conselho Regional de Psicologia'),(78,'Conselho Regional de Química'),(79,'Conselho Regional de Representantes Comerciais'),(82,'Documento Estrangeiro'),(80,'Ordem dos Advogados do Brasil'),(73,'Ordem dos Músicos do Brasil'),(40,'Organismos Militares'),(81,'Outros Emissores'),(44,'Polícia Federal'),(10,'SSP');
/*!40000 ALTER TABLE `document_issuer` ENABLE KEYS */;
UNLOCK TABLES;

--
-- Table structure for table `document_typedocument`
--

DROP TABLE IF EXISTS `document_typedocument`;
/*!40101 SET @saved_cs_client     = @@character_set_client */;
/*!40101 SET character_set_client = utf8 */;
CREATE TABLE `document_typedocument` (
  `id` int(11) NOT NULL AUTO_INCREMENT,
  `description` varchar(30) NOT NULL,
  `source` int(11) NOT NULL,
  PRIMARY KEY (`id`)
) ENGINE=MyISAM AUTO_INCREMENT=8 DEFAULT CHARSET=latin1;
/*!40101 SET character_set_client = @saved_cs_client */;

--
-- Dumping data for table `document_typedocument`
--

LOCK TABLES `document_typedocument` WRITE;
/*!40000 ALTER TABLE `document_typedocument` DISABLE KEYS */;
INSERT INTO `document_typedocument` VALUES (4,'Cartão Nacional de Saúde',1),(7,'CNPJ',2),(2,'CPF',1),(5,'Inscrição Estadual',2),(6,'Inscrição Municipal',2),(3,'Passaporte',1),(1,'RG',1);
/*!40000 ALTER TABLE `document_typedocument` ENABLE KEYS */;
UNLOCK TABLES;

--
-- Table structure for table `ehr_demand`
--

DROP TABLE IF EXISTS `ehr_demand`;
/*!40101 SET @saved_cs_client     = @@character_set_client */;
/*!40101 SET character_set_client = utf8 */;
CREATE TABLE `ehr_demand` (
  `id` int(11) NOT NULL AUTO_INCREMENT,
  `date_created` datetime NOT NULL,
  `date_modified` datetime NOT NULL,
  `edit_status` varchar(1) NOT NULL,
  `initial_complaint` tinyint(1) NOT NULL,
  `demand` longtext NOT NULL,
  `description` longtext NOT NULL,
  `how_long_it_happens_id` int(11) DEFAULT NULL,
  `frequency_id` int(11) DEFAULT NULL,
  `severity` varchar(1) NOT NULL,
  `duration_id` int(11) DEFAULT NULL,
  `demand_status` varchar(1) NOT NULL,
  `demand_resolution` datetime DEFAULT NULL,
  `bibliography` longtext NOT NULL,
  `related_sites` longtext NOT NULL,
  `comments` longtext NOT NULL,
  `client_id` varchar(36) NOT NULL,
  `referral_id` int(11) NOT NULL,
  `occurrence_id` int(11) DEFAULT NULL,
  PRIMARY KEY (`id`),
  UNIQUE KEY `how_long_it_happens_id` (`how_long_it_happens_id`),
  UNIQUE KEY `frequency_id` (`frequency_id`),
  UNIQUE KEY `duration_id` (`duration_id`),
  KEY `ehr_demand_4a4e8ffb` (`client_id`),
  KEY `ehr_demand_14fa9e53` (`referral_id`),
  KEY `ehr_demand_b08c681` (`occurrence_id`)
) ENGINE=MyISAM DEFAULT CHARSET=latin1;
/*!40101 SET character_set_client = @saved_cs_client */;

--
-- Dumping data for table `ehr_demand`
--

LOCK TABLES `ehr_demand` WRITE;
/*!40000 ALTER TABLE `ehr_demand` DISABLE KEYS */;
/*!40000 ALTER TABLE `ehr_demand` ENABLE KEYS */;
UNLOCK TABLES;

--
-- Table structure for table `ehr_diagnosis`
--

DROP TABLE IF EXISTS `ehr_diagnosis`;
/*!40101 SET @saved_cs_client     = @@character_set_client */;
/*!40101 SET character_set_client = utf8 */;
CREATE TABLE `ehr_diagnosis` (
  `id` int(11) NOT NULL AUTO_INCREMENT,
  `date_created` datetime NOT NULL,
  `date_modified` datetime NOT NULL,
  `edit_status` varchar(1) NOT NULL,
  `diagnosis_date` datetime DEFAULT NULL,
  `diagnosis_resolution` datetime DEFAULT NULL,
  `diagnosis` longtext NOT NULL,
  `diagnosis_status` varchar(1) NOT NULL,
  `diagnosis_status2` varchar(1) NOT NULL,
  `clinical_description` longtext NOT NULL,
  `severity` varchar(1) NOT NULL,
  `treatment_indicated` longtext NOT NULL,
  `bibliography` longtext NOT NULL,
  `related_sites` longtext NOT NULL,
  `comments` longtext NOT NULL,
  `client_id` varchar(36) NOT NULL,
  `referral_id` int(11) NOT NULL,
  `occurrence_id` int(11) DEFAULT NULL,
  PRIMARY KEY (`id`),
  KEY `ehr_diagnosis_4a4e8ffb` (`client_id`),
  KEY `ehr_diagnosis_14fa9e53` (`referral_id`),
  KEY `ehr_diagnosis_b08c681` (`occurrence_id`)
) ENGINE=MyISAM DEFAULT CHARSET=latin1;
/*!40101 SET character_set_client = @saved_cs_client */;

--
-- Dumping data for table `ehr_diagnosis`
--

LOCK TABLES `ehr_diagnosis` WRITE;
/*!40000 ALTER TABLE `ehr_diagnosis` DISABLE KEYS */;
/*!40000 ALTER TABLE `ehr_diagnosis` ENABLE KEYS */;
UNLOCK TABLES;

--
-- Table structure for table `ehr_session`
--

DROP TABLE IF EXISTS `ehr_session`;
/*!40101 SET @saved_cs_client     = @@character_set_client */;
/*!40101 SET character_set_client = utf8 */;
CREATE TABLE `ehr_session` (
  `id` int(11) NOT NULL AUTO_INCREMENT,
  `date_created` datetime NOT NULL,
  `date_modified` datetime NOT NULL,
  `edit_status` varchar(1) NOT NULL,
  `session_goals` varchar(2) NOT NULL,
  `descriptive` longtext NOT NULL,
  `client_id` varchar(36) NOT NULL,
  `referral_id` int(11) NOT NULL,
  `occurrence_id` int(11) NOT NULL,
  `comments` longtext NOT NULL,
  PRIMARY KEY (`id`),
  UNIQUE KEY `occurrence_id` (`occurrence_id`),
  KEY `ehr_session_4a4e8ffb` (`client_id`),
  KEY `ehr_session_14fa9e53` (`referral_id`)
) ENGINE=MyISAM DEFAULT CHARSET=latin1;
/*!40101 SET character_set_client = @saved_cs_client */;

--
-- Dumping data for table `ehr_session`
--

LOCK TABLES `ehr_session` WRITE;
/*!40000 ALTER TABLE `ehr_session` DISABLE KEYS */;
/*!40000 ALTER TABLE `ehr_session` ENABLE KEYS */;
UNLOCK TABLES;

--
-- Table structure for table `ehr_timeunit`
--

DROP TABLE IF EXISTS `ehr_timeunit`;
/*!40101 SET @saved_cs_client     = @@character_set_client */;
/*!40101 SET character_set_client = utf8 */;
CREATE TABLE `ehr_timeunit` (
  `id` int(11) NOT NULL AUTO_INCREMENT,
  `unit` varchar(10) NOT NULL,
  `time` varchar(2) NOT NULL,
  PRIMARY KEY (`id`)
) ENGINE=MyISAM DEFAULT CHARSET=latin1;
/*!40101 SET character_set_client = @saved_cs_client */;

--
-- Dumping data for table `ehr_timeunit`
--

LOCK TABLES `ehr_timeunit` WRITE;
/*!40000 ALTER TABLE `ehr_timeunit` DISABLE KEYS */;
/*!40000 ALTER TABLE `ehr_timeunit` ENABLE KEYS */;
UNLOCK TABLES;

--
-- Table structure for table `employee_employee`
--

DROP TABLE IF EXISTS `employee_employee`;
/*!40101 SET @saved_cs_client     = @@character_set_client */;
/*!40101 SET character_set_client = utf8 */;
CREATE TABLE `employee_employee` (
  `id` varchar(36) NOT NULL,
  `person_id` varchar(36) NOT NULL,
  `hiredate` date DEFAULT NULL,
  `job` varchar(30) NOT NULL,
  `active` tinyint(1) NOT NULL,
  PRIMARY KEY (`id`),
  UNIQUE KEY `person_id` (`person_id`)
) ENGINE=MyISAM DEFAULT CHARSET=latin1;
/*!40101 SET character_set_client = @saved_cs_client */;

--
-- Dumping data for table `employee_employee`
--

LOCK TABLES `employee_employee` WRITE;
/*!40000 ALTER TABLE `employee_employee` DISABLE KEYS */;
/*!40000 ALTER TABLE `employee_employee` ENABLE KEYS */;
UNLOCK TABLES;

--
-- Table structure for table `gcm_invoice`
--

DROP TABLE IF EXISTS `gcm_invoice`;
/*!40101 SET @saved_cs_client     = @@character_set_client */;
/*!40101 SET character_set_client = utf8 */;
CREATE TABLE `gcm_invoice` (
  `id` int(11) NOT NULL AUTO_INCREMENT,
  `type` varchar(2) NOT NULL DEFAULT '2',
  `organization_id` varchar(36) NOT NULL,
  `date` datetime NOT NULL,
  `date_payed` datetime DEFAULT NULL,
  `due_date` datetime DEFAULT NULL,
  `expiry_date` datetime DEFAULT NULL,
  `ammount` decimal(8,2) DEFAULT NULL,
  `discount` decimal(8,2) DEFAULT NULL,
  `status` int(11) NOT NULL,
  `billet_url` varchar(255) DEFAULT '',
  `plan_id` int(11) DEFAULT NULL,
  PRIMARY KEY (`id`),
  KEY `gcm_invoice_97d7cd8d` (`organization_id`),
  KEY `gcm_invoice_a57fd7f1` (`plan_id`)
) ENGINE=MyISAM AUTO_INCREMENT=19 DEFAULT CHARSET=latin1;
/*!40101 SET character_set_client = @saved_cs_client */;

--
-- Dumping data for table `gcm_invoice`
--

LOCK TABLES `gcm_invoice` WRITE;
/*!40000 ALTER TABLE `gcm_invoice` DISABLE KEYS */;
INSERT INTO `gcm_invoice` VALUES (1,'2','5c2cd8a6-da08-46ab-90d0-83c5a513291e','2012-06-11 09:59:44','2012-06-12 00:00:00','2012-06-21 00:00:00','2012-07-11 00:00:00','34.50','-32.50',2,'http://dev.geradorboletos.doois.com.br/bradesco/6mHasJ3ZbOdWVkJceNlc4GiTEO9ENPMOrqaKjU4T',2),(2,'2','3fb1ec05-26e1-4a6f-b468-47bf139b7d97','2012-06-11 09:59:49',NULL,'2012-06-21 00:00:00','2012-07-11 00:00:00','34.50',NULL,1,'http://dev.geradorboletos.doois.com.br/bradesco/H1Byg8OGkcG6Qg3ddsvcIg8iopRpN3fyBAtwIrK9',2),(3,'2','ed1a6bfa-7e3b-4967-9deb-f30d20a9e018','2012-06-11 09:59:58',NULL,'2012-06-21 00:00:00','2012-07-11 00:00:00','34.50',NULL,1,'http://dev.geradorboletos.doois.com.br/bradesco/UsCARUVYh1H2mMhGLZARrPNMaWxs01MPkdchoZn2',2),(4,'2','7b436337-0be2-4447-9027-06ff460479a7','2012-06-11 09:59:59',NULL,'2012-06-21 00:00:00','2012-07-11 00:00:00','34.50',NULL,1,'http://dev.geradorboletos.doois.com.br/bradesco/mj5TG1Acuh04zR2qokvD2Cmsf35AciEp7AUCoC9D',2),(5,'2','14fbc992-f72f-4360-bbec-5c0c7be19a3d','2012-06-11 10:00:00',NULL,'2012-06-21 00:00:00','2012-07-11 00:00:00','34.50',NULL,1,'http://dev.geradorboletos.doois.com.br/bradesco/NwHhAH4Fb51FfcNDD2Ch62lwU8yby4WAaIJIMtSU',2),(6,'2','f0bdb7d7-e734-407d-938b-1a6367221be2','2012-06-11 10:00:01',NULL,'2012-06-21 00:00:00','2012-07-11 00:00:00','34.50',NULL,1,'http://dev.geradorboletos.doois.com.br/bradesco/QHnO0BLLipc4KYzM9bPDekQid7OXIjpTUksUQJN5',2),(7,'2','da20dde2-745d-4cdc-ad14-ba00fd4cc3dd','2012-06-11 10:00:02',NULL,'2012-06-21 00:00:00','2012-07-11 00:00:00','34.50',NULL,1,NULL,2),(8,'2','d06ac5d4-f2c9-402a-88f3-8e6e7a11b542','2012-06-11 10:00:03',NULL,'2012-06-21 00:00:00','2012-07-11 00:00:00','34.50','0.00',1,'',2),(9,'2','721f6e5a-556f-450e-aed1-37f675a8638b','2012-06-11 10:00:04',NULL,'2012-06-21 00:00:00','2012-07-11 00:00:00','34.50',NULL,1,NULL,2),(10,'2','5c2cd8a6-da08-46ab-90d0-83c5a513291e','2012-06-21 08:54:56',NULL,'2012-07-01 00:00:00','2012-07-21 00:00:00','34.50',NULL,1,'http://dev.geradorboletos.doois.com.br/bradesco/RCmQIY4i1AR5f1gF1ryNRdoUwofIqS5jVJxN4bIy',2),(11,'2','3fb1ec05-26e1-4a6f-b468-47bf139b7d97','2012-06-21 08:55:07',NULL,'2012-07-01 00:00:00','2012-07-21 00:00:00','34.50',NULL,1,'http://dev.geradorboletos.doois.com.br/bradesco/Z9E5kjp94K3bubliDhpRiEYmvdfe5ycGxXHD9uJp',2),(12,'2','ed1a6bfa-7e3b-4967-9deb-f30d20a9e018','2012-06-21 08:55:10',NULL,'2012-07-01 00:00:00','2012-07-21 00:00:00','34.50',NULL,1,'http://dev.geradorboletos.doois.com.br/bradesco/Rw3Cs4Wrn3qHp7AFRIm6Zw5RubxXLzP7FWGYhHCP',2),(13,'2','7b436337-0be2-4447-9027-06ff460479a7','2012-06-21 08:55:13',NULL,'2012-07-01 00:00:00','2012-07-21 00:00:00','34.50',NULL,1,'http://dev.geradorboletos.doois.com.br/bradesco/6WeglOGZ69PHTXtAVWejPhbBPN4PkyzoaX0upnWm',2),(14,'2','14fbc992-f72f-4360-bbec-5c0c7be19a3d','2012-06-21 08:55:16',NULL,'2012-07-01 00:00:00','2012-07-21 00:00:00','34.50',NULL,1,'http://dev.geradorboletos.doois.com.br/bradesco/eKuxq5yXOabzL8vE1hCB7Segt3fz4iRRucwrrKh6',2),(15,'2','f0bdb7d7-e734-407d-938b-1a6367221be2','2012-06-21 08:55:19',NULL,'2012-07-01 00:00:00','2012-07-21 00:00:00','34.50',NULL,1,'http://dev.geradorboletos.doois.com.br/bradesco/laK31W8OcTgeO0P0cfYXy4rz3ACSgt3brSslLMxz',2),(16,'2','da20dde2-745d-4cdc-ad14-ba00fd4cc3dd','2012-06-21 08:55:22',NULL,'2012-07-01 00:00:00','2012-07-21 00:00:00','34.50',NULL,1,NULL,2),(17,'2','d06ac5d4-f2c9-402a-88f3-8e6e7a11b542','2012-06-21 08:55:25',NULL,'2012-07-01 00:00:00','2012-07-21 00:00:00','34.50','0.00',1,'',2),(18,'2','721f6e5a-556f-450e-aed1-37f675a8638b','2012-06-21 08:55:27',NULL,'2012-07-01 00:00:00','2012-07-21 00:00:00','34.50',NULL,1,NULL,2);
/*!40000 ALTER TABLE `gcm_invoice` ENABLE KEYS */;
UNLOCK TABLES;

--
-- Table structure for table `gcm_plan`
--

DROP TABLE IF EXISTS `gcm_plan`;
/*!40101 SET @saved_cs_client     = @@character_set_client */;
/*!40101 SET character_set_client = utf8 */;
CREATE TABLE `gcm_plan` (
  `id` int(11) NOT NULL AUTO_INCREMENT,
  `name` varchar(255) NOT NULL,
  `value` decimal(8,2) NOT NULL,
  `duration` int(12) NOT NULL,
  `weight` int(11) DEFAULT NULL,
  `staff_size` int(11) NOT NULL DEFAULT '1',
  `active` tinyint(1) NOT NULL,
  PRIMARY KEY (`id`)
) ENGINE=MyISAM AUTO_INCREMENT=22 DEFAULT CHARSET=latin1;
/*!40101 SET character_set_client = @saved_cs_client */;

--
-- Dumping data for table `gcm_plan`
--

LOCK TABLES `gcm_plan` WRITE;
/*!40000 ALTER TABLE `gcm_plan` DISABLE KEYS */;
INSERT INTO `gcm_plan` VALUES (2,'1 profissional','34.50',1,1,0,1),(3,'2 profissionais','59.50',1,2,2,1),(4,'3 profissionais','84.50',1,3,3,1),(5,'4 profissionais','104.50',1,4,4,1),(6,'5 profissionais','124.50',1,5,5,1),(7,'6 profissionais','139.50',1,6,6,1),(8,'7 profissionais','154.50',1,7,7,1),(9,'8 profissionais','169.50',1,8,8,1),(10,'9 profissionais','179.50',1,9,9,1),(11,'10 profissionais','189.50',1,10,10,1),(12,'11 profissionais','199.50',1,11,11,1),(13,'12 profissionais','209.50',1,12,12,1),(14,'13 profissionais','219.50',1,13,13,1),(15,'14 profissionais','229.50',1,14,14,1),(16,'15 profissionais','239.50',1,15,15,1),(17,'16 profissionais','249.50',1,16,16,1),(18,'17 profissionais','259.50',1,17,17,1),(19,'18 profissionais','269.50',1,18,18,1),(20,'19 profissionais','279.50',1,19,19,1),(21,'20 profissionais','289.50',1,20,20,1);
/*!40000 ALTER TABLE `gcm_plan` ENABLE KEYS */;
UNLOCK TABLES;

--
-- Table structure for table `internet_email`
--

DROP TABLE IF EXISTS `internet_email`;
/*!40101 SET @saved_cs_client     = @@character_set_client */;
/*!40101 SET character_set_client = utf8 */;
CREATE TABLE `internet_email` (
  `id` varchar(36) NOT NULL,
  `email` varchar(100) NOT NULL,
  `email_type_id` int(11) NOT NULL,
  `content_type_id` int(11) NOT NULL,
  `object_id` varchar(36) NOT NULL,
  PRIMARY KEY (`id`),
  KEY `internet_email_af714ae1` (`email_type_id`),
  KEY `internet_email_e4470c6e` (`content_type_id`)
) ENGINE=MyISAM DEFAULT CHARSET=latin1;
/*!40101 SET character_set_client = @saved_cs_client */;

--
-- Dumping data for table `internet_email`
--

LOCK TABLES `internet_email` WRITE;
/*!40000 ALTER TABLE `internet_email` DISABLE KEYS */;
/*!40000 ALTER TABLE `internet_email` ENABLE KEYS */;
UNLOCK TABLES;

--
-- Table structure for table `internet_emailtype`
--

DROP TABLE IF EXISTS `internet_emailtype`;
/*!40101 SET @saved_cs_client     = @@character_set_client */;
/*!40101 SET character_set_client = utf8 */;
CREATE TABLE `internet_emailtype` (
  `id` int(11) NOT NULL AUTO_INCREMENT,
  `description` varchar(45) NOT NULL,
  PRIMARY KEY (`id`)
) ENGINE=MyISAM AUTO_INCREMENT=3 DEFAULT CHARSET=latin1;
/*!40101 SET character_set_client = @saved_cs_client */;

--
-- Dumping data for table `internet_emailtype`
--

LOCK TABLES `internet_emailtype` WRITE;
/*!40000 ALTER TABLE `internet_emailtype` DISABLE KEYS */;
INSERT INTO `internet_emailtype` VALUES (1,'Pessoal'),(2,'Comercial');
/*!40000 ALTER TABLE `internet_emailtype` ENABLE KEYS */;
UNLOCK TABLES;

--
-- Table structure for table `internet_imnetwork`
--

DROP TABLE IF EXISTS `internet_imnetwork`;
/*!40101 SET @saved_cs_client     = @@character_set_client */;
/*!40101 SET character_set_client = utf8 */;
CREATE TABLE `internet_imnetwork` (
  `id` int(11) NOT NULL AUTO_INCREMENT,
  `description` varchar(30) NOT NULL,
  PRIMARY KEY (`id`)
) ENGINE=MyISAM AUTO_INCREMENT=8 DEFAULT CHARSET=latin1;
/*!40101 SET character_set_client = @saved_cs_client */;

--
-- Dumping data for table `internet_imnetwork`
--

LOCK TABLES `internet_imnetwork` WRITE;
/*!40000 ALTER TABLE `internet_imnetwork` DISABLE KEYS */;
INSERT INTO `internet_imnetwork` VALUES (1,'MSN'),(2,'Google Talk'),(3,'ICQ'),(4,'Yahoo'),(5,'MySpace'),(6,'Jabber'),(7,'IRC');
/*!40000 ALTER TABLE `internet_imnetwork` ENABLE KEYS */;
UNLOCK TABLES;

--
-- Table structure for table `internet_instantmessenger`
--

DROP TABLE IF EXISTS `internet_instantmessenger`;
/*!40101 SET @saved_cs_client     = @@character_set_client */;
/*!40101 SET character_set_client = utf8 */;
CREATE TABLE `internet_instantmessenger` (
  `id` varchar(36) NOT NULL,
  `identity` varchar(100) NOT NULL,
  `network_id` int(11) NOT NULL,
  `content_type_id` int(11) NOT NULL,
  `object_id` varchar(36) NOT NULL,
  PRIMARY KEY (`id`),
  KEY `internet_instantmessenger_fb2a452b` (`network_id`),
  KEY `internet_instantmessenger_e4470c6e` (`content_type_id`)
) ENGINE=MyISAM DEFAULT CHARSET=latin1;
/*!40101 SET character_set_client = @saved_cs_client */;

--
-- Dumping data for table `internet_instantmessenger`
--

LOCK TABLES `internet_instantmessenger` WRITE;
/*!40000 ALTER TABLE `internet_instantmessenger` DISABLE KEYS */;
/*!40000 ALTER TABLE `internet_instantmessenger` ENABLE KEYS */;
UNLOCK TABLES;

--
-- Table structure for table `internet_site`
--

DROP TABLE IF EXISTS `internet_site`;
/*!40101 SET @saved_cs_client     = @@character_set_client */;
/*!40101 SET character_set_client = utf8 */;
CREATE TABLE `internet_site` (
  `id` varchar(36) NOT NULL,
  `description` varchar(100) NOT NULL,
  `site` varchar(100) NOT NULL,
  `content_type_id` int(11) NOT NULL,
  `object_id` varchar(36) NOT NULL,
  PRIMARY KEY (`id`),
  KEY `internet_site_e4470c6e` (`content_type_id`)
) ENGINE=MyISAM DEFAULT CHARSET=latin1;
/*!40101 SET character_set_client = @saved_cs_client */;

--
-- Dumping data for table `internet_site`
--

LOCK TABLES `internet_site` WRITE;
/*!40000 ALTER TABLE `internet_site` DISABLE KEYS */;
/*!40000 ALTER TABLE `internet_site` ENABLE KEYS */;
UNLOCK TABLES;

--
-- Table structure for table `notification_notice`
--

DROP TABLE IF EXISTS `notification_notice`;
/*!40101 SET @saved_cs_client     = @@character_set_client */;
/*!40101 SET character_set_client = utf8 */;
CREATE TABLE `notification_notice` (
  `id` int(11) NOT NULL AUTO_INCREMENT,
  `recipient_id` int(11) NOT NULL,
  `sender_id` int(11) DEFAULT NULL,
  `message` longtext NOT NULL,
  `notice_type_id` int(11) NOT NULL,
  `added` datetime NOT NULL,
  `unseen` tinyint(1) NOT NULL,
  `archived` tinyint(1) NOT NULL,
  `on_site` tinyint(1) NOT NULL,
  PRIMARY KEY (`id`),
  KEY `notification_notice_fcd09624` (`recipient_id`),
  KEY `notification_notice_901f59e9` (`sender_id`),
  KEY `notification_notice_f28cbfcc` (`notice_type_id`)
) ENGINE=MyISAM DEFAULT CHARSET=latin1;
/*!40101 SET character_set_client = @saved_cs_client */;

--
-- Dumping data for table `notification_notice`
--

LOCK TABLES `notification_notice` WRITE;
/*!40000 ALTER TABLE `notification_notice` DISABLE KEYS */;
/*!40000 ALTER TABLE `notification_notice` ENABLE KEYS */;
UNLOCK TABLES;

--
-- Table structure for table `notification_noticequeuebatch`
--

DROP TABLE IF EXISTS `notification_noticequeuebatch`;
/*!40101 SET @saved_cs_client     = @@character_set_client */;
/*!40101 SET character_set_client = utf8 */;
CREATE TABLE `notification_noticequeuebatch` (
  `id` int(11) NOT NULL AUTO_INCREMENT,
  `pickled_data` longtext NOT NULL,
  PRIMARY KEY (`id`)
) ENGINE=MyISAM DEFAULT CHARSET=latin1;
/*!40101 SET character_set_client = @saved_cs_client */;

--
-- Dumping data for table `notification_noticequeuebatch`
--

LOCK TABLES `notification_noticequeuebatch` WRITE;
/*!40000 ALTER TABLE `notification_noticequeuebatch` DISABLE KEYS */;
/*!40000 ALTER TABLE `notification_noticequeuebatch` ENABLE KEYS */;
UNLOCK TABLES;

--
-- Table structure for table `notification_noticesetting`
--

DROP TABLE IF EXISTS `notification_noticesetting`;
/*!40101 SET @saved_cs_client     = @@character_set_client */;
/*!40101 SET character_set_client = utf8 */;
CREATE TABLE `notification_noticesetting` (
  `id` int(11) NOT NULL AUTO_INCREMENT,
  `user_id` int(11) NOT NULL,
  `notice_type_id` int(11) NOT NULL,
  `medium` varchar(1) NOT NULL,
  `send` tinyint(1) NOT NULL,
  PRIMARY KEY (`id`),
  UNIQUE KEY `user_id` (`user_id`,`notice_type_id`,`medium`),
  KEY `notification_noticesetting_fbfc09f1` (`user_id`),
  KEY `notification_noticesetting_f28cbfcc` (`notice_type_id`)
) ENGINE=MyISAM DEFAULT CHARSET=latin1;
/*!40101 SET character_set_client = @saved_cs_client */;

--
-- Dumping data for table `notification_noticesetting`
--

LOCK TABLES `notification_noticesetting` WRITE;
/*!40000 ALTER TABLE `notification_noticesetting` DISABLE KEYS */;
/*!40000 ALTER TABLE `notification_noticesetting` ENABLE KEYS */;
UNLOCK TABLES;

--
-- Table structure for table `notification_noticetype`
--

DROP TABLE IF EXISTS `notification_noticetype`;
/*!40101 SET @saved_cs_client     = @@character_set_client */;
/*!40101 SET character_set_client = utf8 */;
CREATE TABLE `notification_noticetype` (
  `id` int(11) NOT NULL AUTO_INCREMENT,
  `label` varchar(40) NOT NULL,
  `display` varchar(50) NOT NULL,
  `description` varchar(100) NOT NULL,
  `default` int(11) NOT NULL,
  PRIMARY KEY (`id`)
) ENGINE=MyISAM AUTO_INCREMENT=7 DEFAULT CHARSET=latin1;
/*!40101 SET character_set_client = @saved_cs_client */;

--
-- Dumping data for table `notification_noticetype`
--

LOCK TABLES `notification_noticetype` WRITE;
/*!40000 ALTER TABLE `notification_noticetype` DISABLE KEYS */;
INSERT INTO `notification_noticetype` VALUES (1,'messages_received','Message Received','you have received a message',2),(2,'messages_sent','Message Sent','you have sent a message',1),(3,'messages_replied','Message Replied','you have replied to a message',1),(4,'messages_reply_received','Reply Received','you have received a reply to a message',2),(5,'messages_deleted','Message Deleted','you have deleted a message',1),(6,'messages_recovered','Message Recovered','you have undelete a message',1);
/*!40000 ALTER TABLE `notification_noticetype` ENABLE KEYS */;
UNLOCK TABLES;

--
-- Table structure for table `notification_observeditem`
--

DROP TABLE IF EXISTS `notification_observeditem`;
/*!40101 SET @saved_cs_client     = @@character_set_client */;
/*!40101 SET character_set_client = utf8 */;
CREATE TABLE `notification_observeditem` (
  `id` int(11) NOT NULL AUTO_INCREMENT,
  `user_id` int(11) NOT NULL,
  `content_type_id` int(11) NOT NULL,
  `object_id` int(10) unsigned NOT NULL,
  `notice_type_id` int(11) NOT NULL,
  `added` datetime NOT NULL,
  `signal` longtext NOT NULL,
  PRIMARY KEY (`id`),
  KEY `notification_observeditem_fbfc09f1` (`user_id`),
  KEY `notification_observeditem_e4470c6e` (`content_type_id`),
  KEY `notification_observeditem_f28cbfcc` (`notice_type_id`)
) ENGINE=MyISAM DEFAULT CHARSET=latin1;
/*!40101 SET character_set_client = @saved_cs_client */;

--
-- Dumping data for table `notification_observeditem`
--

LOCK TABLES `notification_observeditem` WRITE;
/*!40000 ALTER TABLE `notification_observeditem` DISABLE KEYS */;
/*!40000 ALTER TABLE `notification_observeditem` ENABLE KEYS */;
UNLOCK TABLES;

--
-- Table structure for table `online_messages_message`
--

DROP TABLE IF EXISTS `online_messages_message`;
/*!40101 SET @saved_cs_client     = @@character_set_client */;
/*!40101 SET character_set_client = utf8 */;
CREATE TABLE `online_messages_message` (
  `id` int(11) NOT NULL AUTO_INCREMENT,
  `topic_id` int(11) NOT NULL,
  `body` longtext NOT NULL,
  `sender_id` int(11) NOT NULL,
  `parent_msg_id` int(11) DEFAULT NULL,
  `sent_at` datetime DEFAULT NULL,
  `replied_at` datetime DEFAULT NULL,
  `sender_deleted_at` datetime DEFAULT NULL,
  PRIMARY KEY (`id`),
  KEY `online_messages_message_57732028` (`topic_id`),
  KEY `online_messages_message_901f59e9` (`sender_id`),
  KEY `online_messages_message_dfe57a2c` (`parent_msg_id`)
) ENGINE=MyISAM DEFAULT CHARSET=latin1;
/*!40101 SET character_set_client = @saved_cs_client */;

--
-- Dumping data for table `online_messages_message`
--

LOCK TABLES `online_messages_message` WRITE;
/*!40000 ALTER TABLE `online_messages_message` DISABLE KEYS */;
/*!40000 ALTER TABLE `online_messages_message` ENABLE KEYS */;
UNLOCK TABLES;

--
-- Table structure for table `online_messages_messageread`
--

DROP TABLE IF EXISTS `online_messages_messageread`;
/*!40101 SET @saved_cs_client     = @@character_set_client */;
/*!40101 SET character_set_client = utf8 */;
CREATE TABLE `online_messages_messageread` (
  `id` int(11) NOT NULL AUTO_INCREMENT,
  `read_at` datetime DEFAULT NULL,
  `user_id` int(11) NOT NULL,
  `message_id` int(11) DEFAULT NULL,
  PRIMARY KEY (`id`),
  KEY `online_messages_messageread_fbfc09f1` (`user_id`),
  KEY `online_messages_messageread_38373776` (`message_id`)
) ENGINE=MyISAM DEFAULT CHARSET=latin1;
/*!40101 SET character_set_client = @saved_cs_client */;

--
-- Dumping data for table `online_messages_messageread`
--

LOCK TABLES `online_messages_messageread` WRITE;
/*!40000 ALTER TABLE `online_messages_messageread` DISABLE KEYS */;
/*!40000 ALTER TABLE `online_messages_messageread` ENABLE KEYS */;
UNLOCK TABLES;

--
-- Table structure for table `online_messages_messagetopic`
--

DROP TABLE IF EXISTS `online_messages_messagetopic`;
/*!40101 SET @saved_cs_client     = @@character_set_client */;
/*!40101 SET character_set_client = utf8 */;
CREATE TABLE `online_messages_messagetopic` (
  `id` int(11) NOT NULL AUTO_INCREMENT,
  `subject` varchar(250) DEFAULT NULL,
  `referral_id` int(11) DEFAULT NULL,
  `event_id` int(11) DEFAULT NULL,
  PRIMARY KEY (`id`),
  KEY `online_messages_messagetopic_14fa9e53` (`referral_id`),
  KEY `online_messages_messagetopic_e9b82f95` (`event_id`)
) ENGINE=MyISAM DEFAULT CHARSET=latin1;
/*!40101 SET character_set_client = @saved_cs_client */;

--
-- Dumping data for table `online_messages_messagetopic`
--

LOCK TABLES `online_messages_messagetopic` WRITE;
/*!40000 ALTER TABLE `online_messages_messagetopic` DISABLE KEYS */;
/*!40000 ALTER TABLE `online_messages_messagetopic` ENABLE KEYS */;
UNLOCK TABLES;

--
-- Table structure for table `online_messages_messagetopic_online_users`
--

DROP TABLE IF EXISTS `online_messages_messagetopic_online_users`;
/*!40101 SET @saved_cs_client     = @@character_set_client */;
/*!40101 SET character_set_client = utf8 */;
CREATE TABLE `online_messages_messagetopic_online_users` (
  `id` int(11) NOT NULL AUTO_INCREMENT,
  `messagetopic_id` int(11) NOT NULL,
  `user_id` int(11) NOT NULL,
  PRIMARY KEY (`id`),
  UNIQUE KEY `messagetopic_id` (`messagetopic_id`,`user_id`),
  KEY `online_messages_messagetopic_online_users_b9e998ce` (`messagetopic_id`),
  KEY `online_messages_messagetopic_online_users_fbfc09f1` (`user_id`)
) ENGINE=MyISAM DEFAULT CHARSET=latin1;
/*!40101 SET character_set_client = @saved_cs_client */;

--
-- Dumping data for table `online_messages_messagetopic_online_users`
--

LOCK TABLES `online_messages_messagetopic_online_users` WRITE;
/*!40000 ALTER TABLE `online_messages_messagetopic_online_users` DISABLE KEYS */;
/*!40000 ALTER TABLE `online_messages_messagetopic_online_users` ENABLE KEYS */;
UNLOCK TABLES;

--
-- Table structure for table `organization_activitie`
--

DROP TABLE IF EXISTS `organization_activitie`;
/*!40101 SET @saved_cs_client     = @@character_set_client */;
/*!40101 SET character_set_client = utf8 */;
CREATE TABLE `organization_activitie` (
  `id` int(11) NOT NULL AUTO_INCREMENT,
  `description` varchar(255) NOT NULL,
  PRIMARY KEY (`id`)
) ENGINE=MyISAM AUTO_INCREMENT=21 DEFAULT CHARSET=latin1;
/*!40101 SET character_set_client = @saved_cs_client */;

--
-- Dumping data for table `organization_activitie`
--

LOCK TABLES `organization_activitie` WRITE;
/*!40000 ALTER TABLE `organization_activitie` DISABLE KEYS */;
INSERT INTO `organization_activitie` VALUES (3,'Unidade Auxiliar de Ensino'),(2,'Unidade Escola Superior Isolada'),(4,'Unidade sem Atividade de Ensino'),(1,'Unidade Universitária');
/*!40000 ALTER TABLE `organization_activitie` ENABLE KEYS */;
UNLOCK TABLES;

--
-- Table structure for table `organization_administrationenvironment`
--

DROP TABLE IF EXISTS `organization_administrationenvironment`;
/*!40101 SET @saved_cs_client     = @@character_set_client */;
/*!40101 SET character_set_client = utf8 */;
CREATE TABLE `organization_administrationenvironment` (
  `id` int(11) NOT NULL AUTO_INCREMENT,
  `description` varchar(30) NOT NULL,
  PRIMARY KEY (`id`)
) ENGINE=MyISAM AUTO_INCREMENT=5 DEFAULT CHARSET=latin1;
/*!40101 SET character_set_client = @saved_cs_client */;

--
-- Dumping data for table `organization_administrationenvironment`
--

LOCK TABLES `organization_administrationenvironment` WRITE;
/*!40000 ALTER TABLE `organization_administrationenvironment` DISABLE KEYS */;
INSERT INTO `organization_administrationenvironment` VALUES (2,'Estadual'),(1,'Federal'),(3,'Municipal'),(4,'Privada');
/*!40000 ALTER TABLE `organization_administrationenvironment` ENABLE KEYS */;
UNLOCK TABLES;

--
-- Table structure for table `organization_agegroup`
--

DROP TABLE IF EXISTS `organization_agegroup`;
/*!40101 SET @saved_cs_client     = @@character_set_client */;
/*!40101 SET character_set_client = utf8 */;
CREATE TABLE `organization_agegroup` (
  `id` int(11) NOT NULL AUTO_INCREMENT,
  `minimum_age_endpoint` int(10) unsigned NOT NULL,
  `maximum_age_endpoint` int(10) unsigned NOT NULL,
  `label` varchar(30) NOT NULL,
  PRIMARY KEY (`id`)
) ENGINE=MyISAM AUTO_INCREMENT=5 DEFAULT CHARSET=latin1;
/*!40101 SET character_set_client = @saved_cs_client */;

--
-- Dumping data for table `organization_agegroup`
--

LOCK TABLES `organization_agegroup` WRITE;
/*!40000 ALTER TABLE `organization_agegroup` DISABLE KEYS */;
INSERT INTO `organization_agegroup` VALUES (1,0,11,'Criança'),(2,12,17,'Adolescente'),(3,18,59,'Adulto'),(4,60,110,'Idoso');
/*!40000 ALTER TABLE `organization_agegroup` ENABLE KEYS */;
UNLOCK TABLES;

--
-- Table structure for table `organization_agreement`
--

DROP TABLE IF EXISTS `organization_agreement`;
/*!40101 SET @saved_cs_client     = @@character_set_client */;
/*!40101 SET character_set_client = utf8 */;
CREATE TABLE `organization_agreement` (
  `id` int(11) NOT NULL AUTO_INCREMENT,
  `description` varchar(50) DEFAULT NULL,
  PRIMARY KEY (`id`)
) ENGINE=MyISAM AUTO_INCREMENT=7 DEFAULT CHARSET=latin1;
/*!40101 SET character_set_client = @saved_cs_client */;

--
-- Dumping data for table `organization_agreement`
--

LOCK TABLES `organization_agreement` WRITE;
/*!40000 ALTER TABLE `organization_agreement` DISABLE KEYS */;
INSERT INTO `organization_agreement` VALUES (2,'Particular'),(6,'Plano de Saúde Privado'),(5,'Plano de Saúde Público'),(3,'Plano/Seguro Próprio'),(4,'Plano/Seguro Terceiro'),(1,'SUS');
/*!40000 ALTER TABLE `organization_agreement` ENABLE KEYS */;
UNLOCK TABLES;

--
-- Table structure for table `organization_agreementtype`
--

DROP TABLE IF EXISTS `organization_agreementtype`;
/*!40101 SET @saved_cs_client     = @@character_set_client */;
/*!40101 SET character_set_client = utf8 */;
CREATE TABLE `organization_agreementtype` (
  `id` int(11) NOT NULL AUTO_INCREMENT,
  `description` varchar(80) NOT NULL,
  PRIMARY KEY (`id`)
) ENGINE=MyISAM DEFAULT CHARSET=latin1;
/*!40101 SET character_set_client = @saved_cs_client */;

--
-- Dumping data for table `organization_agreementtype`
--

LOCK TABLES `organization_agreementtype` WRITE;
/*!40000 ALTER TABLE `organization_agreementtype` DISABLE KEYS */;
/*!40000 ALTER TABLE `organization_agreementtype` ENABLE KEYS */;
UNLOCK TABLES;

--
-- Table structure for table `organization_dependence`
--

DROP TABLE IF EXISTS `organization_dependence`;
/*!40101 SET @saved_cs_client     = @@character_set_client */;
/*!40101 SET character_set_client = utf8 */;
CREATE TABLE `organization_dependence` (
  `id` int(11) NOT NULL AUTO_INCREMENT,
  `description` varchar(50) NOT NULL,
  PRIMARY KEY (`id`)
) ENGINE=MyISAM AUTO_INCREMENT=3 DEFAULT CHARSET=latin1;
/*!40101 SET character_set_client = @saved_cs_client */;

--
-- Dumping data for table `organization_dependence`
--

LOCK TABLES `organization_dependence` WRITE;
/*!40000 ALTER TABLE `organization_dependence` DISABLE KEYS */;
INSERT INTO `organization_dependence` VALUES (1,'Individual'),(2,'Mantida');
/*!40000 ALTER TABLE `organization_dependence` ENABLE KEYS */;
UNLOCK TABLES;

--
-- Table structure for table `organization_educationlevel`
--

DROP TABLE IF EXISTS `organization_educationlevel`;
/*!40101 SET @saved_cs_client     = @@character_set_client */;
/*!40101 SET character_set_client = utf8 */;
CREATE TABLE `organization_educationlevel` (
  `id` int(11) NOT NULL AUTO_INCREMENT,
  `description` varchar(100) NOT NULL,
  PRIMARY KEY (`id`)
) ENGINE=MyISAM AUTO_INCREMENT=8 DEFAULT CHARSET=latin1;
/*!40101 SET character_set_client = @saved_cs_client */;

--
-- Dumping data for table `organization_educationlevel`
--

LOCK TABLES `organization_educationlevel` WRITE;
/*!40000 ALTER TABLE `organization_educationlevel` DISABLE KEYS */;
INSERT INTO `organization_educationlevel` VALUES (1,'Educação Infantil'),(2,'Ensino Fundamental de 1ª à 4ª série (1º ao 5º ano)'),(3,'Ensino Fundamental de 5ª à 8ª série (6º ao 9º ano)'),(4,'Ensino Médio'),(5,'Educação Especial'),(6,'Ensino Universitário'),(7,'Ensino Técnico');
/*!40000 ALTER TABLE `organization_educationlevel` ENABLE KEYS */;
UNLOCK TABLES;

--
-- Table structure for table `organization_hierarchicallevel`
--

DROP TABLE IF EXISTS `organization_hierarchicallevel`;
/*!40101 SET @saved_cs_client     = @@character_set_client */;
/*!40101 SET character_set_client = utf8 */;
CREATE TABLE `organization_hierarchicallevel` (
  `id` int(11) NOT NULL AUTO_INCREMENT,
  `description` varchar(100) NOT NULL,
  PRIMARY KEY (`id`)
) ENGINE=MyISAM AUTO_INCREMENT=5 DEFAULT CHARSET=latin1;
/*!40101 SET character_set_client = @saved_cs_client */;

--
-- Dumping data for table `organization_hierarchicallevel`
--

LOCK TABLES `organization_hierarchicallevel` WRITE;
/*!40000 ALTER TABLE `organization_hierarchicallevel` DISABLE KEYS */;
INSERT INTO `organization_hierarchicallevel` VALUES (1,'Diretores'),(2,'Gerentes'),(3,'Supervisores'),(4,'Funcionários');
/*!40000 ALTER TABLE `organization_hierarchicallevel` ENABLE KEYS */;
UNLOCK TABLES;

--
-- Table structure for table `organization_management`
--

DROP TABLE IF EXISTS `organization_management`;
/*!40101 SET @saved_cs_client     = @@character_set_client */;
/*!40101 SET character_set_client = utf8 */;
CREATE TABLE `organization_management` (
  `id` int(11) NOT NULL AUTO_INCREMENT,
  `description` varchar(50) NOT NULL,
  PRIMARY KEY (`id`)
) ENGINE=MyISAM AUTO_INCREMENT=4 DEFAULT CHARSET=latin1;
/*!40101 SET character_set_client = @saved_cs_client */;

--
-- Dumping data for table `organization_management`
--

LOCK TABLES `organization_management` WRITE;
/*!40000 ALTER TABLE `organization_management` DISABLE KEYS */;
INSERT INTO `organization_management` VALUES (2,'Estadual'),(3,'Mista'),(1,'Municipal');
/*!40000 ALTER TABLE `organization_management` ENABLE KEYS */;
UNLOCK TABLES;

--
-- Table structure for table `organization_organization`
--

DROP TABLE IF EXISTS `organization_organization`;
/*!40101 SET @saved_cs_client     = @@character_set_client */;
/*!40101 SET character_set_client = utf8 */;
CREATE TABLE `organization_organization` (
  `id` varchar(36) NOT NULL,
  `date_created` datetime DEFAULT NULL,
  `name` varchar(100) NOT NULL,
  `trade_name` varchar(100) NOT NULL,
  `short_name` varchar(100) NOT NULL,
  `register_number` varchar(100) NOT NULL,
  `cnes` varchar(100) NOT NULL,
  `state_inscription` varchar(30) NOT NULL,
  `city_inscription` varchar(30) NOT NULL,
  `last_id_record` int(10) unsigned NOT NULL,
  `person_type_id` int(11) DEFAULT NULL,
  `unit_type_id` int(11) DEFAULT NULL,
  `environment_id` int(11) DEFAULT NULL,
  `management_id` int(11) DEFAULT NULL,
  `source_id` int(11) DEFAULT NULL,
  `dependence_id` int(11) DEFAULT NULL,
  `activity_id` int(11) DEFAULT NULL,
  `public` tinyint(1) NOT NULL,
  `comment` varchar(765) NOT NULL,
  `active` tinyint(1) NOT NULL,
  `visible` tinyint(1) NOT NULL,
  `photo` varchar(200) NOT NULL,
  `employee_number` int(11) DEFAULT '1',
  `organization_id` varchar(36) DEFAULT NULL,
  `contact_owner_id` varchar(36) DEFAULT NULL,
  `prefered_plan_id` int(11) DEFAULT NULL,
  `current_invoice_id` int(11) DEFAULT NULL,
  `default_payment_day` int(11) NOT NULL,
  PRIMARY KEY (`id`),
  UNIQUE KEY `short_name` (`short_name`),
  KEY `organization_organization_b2b56671` (`person_type_id`),
  KEY `organization_organization_5076e318` (`unit_type_id`),
  KEY `organization_organization_25ab32ac` (`environment_id`),
  KEY `organization_organization_465a96ab` (`management_id`),
  KEY `organization_organization_89f89e85` (`source_id`),
  KEY `organization_organization_2964a549` (`dependence_id`),
  KEY `organization_organization_45b57829` (`activity_id`),
  KEY `organization_organization_97d7cd8d` (`organization_id`),
  KEY `organization_organization_e2789075` (`contact_owner_id`)
) ENGINE=MyISAM DEFAULT CHARSET=latin1;
/*!40101 SET character_set_client = @saved_cs_client */;

--
-- Dumping data for table `organization_organization`
--

LOCK TABLES `organization_organization` WRITE;
/*!40000 ALTER TABLE `organization_organization` DISABLE KEYS */;
INSERT INTO `organization_organization` VALUES ('721f6e5a-556f-450e-aed1-37f675a8638b',NULL,'teste_danielcj','teste_danielcj','tes','','','','',0,NULL,NULL,NULL,NULL,NULL,NULL,NULL,1,'',1,1,'',1,NULL,NULL,NULL,NULL,0),('da20dde2-745d-4cdc-ad14-ba00fd4cc3dd',NULL,'IPC3','','','','','','',0,NULL,NULL,NULL,NULL,NULL,NULL,NULL,1,'',1,1,'',1,NULL,NULL,NULL,NULL,0),('5c2cd8a6-da08-46ab-90d0-83c5a513291e','2012-05-31 09:45:00','.doois.22','.doois.22','tes10','','','','',0,NULL,NULL,NULL,NULL,NULL,NULL,NULL,1,'',1,1,'',1,'5c2cd8a6-da08-46ab-90d0-83c5a513291e','66969e75-6b2b-4244-a773-d183ca91110d',2,10,10),('d06ac5d4-f2c9-402a-88f3-8e6e7a11b542','2012-05-24 10:40:31','teste','teste','t','','','','',0,NULL,NULL,NULL,NULL,NULL,NULL,NULL,1,'',1,1,'',1,'d06ac5d4-f2c9-402a-88f3-8e6e7a11b542','66969e75-6b2b-4244-a773-d183ca91110d',2,10,10),('14fbc992-f72f-4360-bbec-5c0c7be19a3d',NULL,'IPC','IPC','ipc','','','','',0,NULL,NULL,NULL,NULL,NULL,NULL,NULL,1,'',1,1,'',1,NULL,NULL,NULL,NULL,0),('f0bdb7d7-e734-407d-938b-1a6367221be2',NULL,'IPC2','IPC2','ipc2','','','','',0,NULL,NULL,NULL,NULL,NULL,NULL,NULL,1,'',1,1,'',1,NULL,NULL,NULL,NULL,0),('7b436337-0be2-4447-9027-06ff460479a7',NULL,'ibc','ibc','ibc','','','','',0,NULL,NULL,NULL,NULL,NULL,NULL,NULL,1,'',1,1,'',1,NULL,NULL,NULL,NULL,0),('ed1a6bfa-7e3b-4967-9deb-f30d20a9e018',NULL,'.doois.2223','.doois.2223','tes1003','','','','',0,NULL,NULL,NULL,NULL,NULL,NULL,NULL,1,'',1,1,'',1,NULL,NULL,NULL,NULL,0),('3fb1ec05-26e1-4a6f-b468-47bf139b7d97',NULL,'.doois.222','.doois.222','tes100','','','','',0,NULL,NULL,NULL,NULL,NULL,NULL,NULL,1,'',1,1,'',1,NULL,NULL,NULL,NULL,0);
/*!40000 ALTER TABLE `organization_organization` ENABLE KEYS */;
UNLOCK TABLES;

--
-- Table structure for table `organization_organization_provided_type`
--

DROP TABLE IF EXISTS `organization_organization_provided_type`;
/*!40101 SET @saved_cs_client     = @@character_set_client */;
/*!40101 SET character_set_client = utf8 */;
CREATE TABLE `organization_organization_provided_type` (
  `id` int(11) NOT NULL AUTO_INCREMENT,
  `organization_id` varchar(36) NOT NULL,
  `providedtype_id` int(11) NOT NULL,
  PRIMARY KEY (`id`),
  UNIQUE KEY `organization_id` (`organization_id`,`providedtype_id`),
  KEY `organization_organization_provided_type_97d7cd8d` (`organization_id`),
  KEY `organization_organization_provided_type_edb72919` (`providedtype_id`)
) ENGINE=MyISAM AUTO_INCREMENT=2 DEFAULT CHARSET=latin1;
/*!40101 SET character_set_client = @saved_cs_client */;

--
-- Dumping data for table `organization_organization_provided_type`
--

LOCK TABLES `organization_organization_provided_type` WRITE;
/*!40000 ALTER TABLE `organization_organization_provided_type` DISABLE KEYS */;
INSERT INTO `organization_organization_provided_type` VALUES (1,'da20dde2-745d-4cdc-ad14-ba00fd4cc3dd',7);
/*!40000 ALTER TABLE `organization_organization_provided_type` ENABLE KEYS */;
UNLOCK TABLES;

--
-- Table structure for table `organization_persontype`
--

DROP TABLE IF EXISTS `organization_persontype`;
/*!40101 SET @saved_cs_client     = @@character_set_client */;
/*!40101 SET character_set_client = utf8 */;
CREATE TABLE `organization_persontype` (
  `id` int(11) NOT NULL AUTO_INCREMENT,
  `description` varchar(50) NOT NULL,
  PRIMARY KEY (`id`)
) ENGINE=MyISAM AUTO_INCREMENT=3 DEFAULT CHARSET=latin1;
/*!40101 SET character_set_client = @saved_cs_client */;

--
-- Dumping data for table `organization_persontype`
--

LOCK TABLES `organization_persontype` WRITE;
/*!40000 ALTER TABLE `organization_persontype` DISABLE KEYS */;
INSERT INTO `organization_persontype` VALUES (2,'Pessoa Física'),(1,'Pessoa Jurídica');
/*!40000 ALTER TABLE `organization_persontype` ENABLE KEYS */;
UNLOCK TABLES;

--
-- Table structure for table `organization_procedure`
--

DROP TABLE IF EXISTS `organization_procedure`;
/*!40101 SET @saved_cs_client     = @@character_set_client */;
/*!40101 SET character_set_client = utf8 */;
CREATE TABLE `organization_procedure` (
  `id` int(11) NOT NULL AUTO_INCREMENT,
  `procedure_code` varchar(20) DEFAULT NULL,
  `description` varchar(255) NOT NULL,
  `procedure_id` int(11) NOT NULL,
  PRIMARY KEY (`id`),
  KEY `organization_procedure_cf136f6` (`procedure_id`)
) ENGINE=MyISAM DEFAULT CHARSET=latin1;
/*!40101 SET character_set_client = @saved_cs_client */;

--
-- Dumping data for table `organization_procedure`
--

LOCK TABLES `organization_procedure` WRITE;
/*!40000 ALTER TABLE `organization_procedure` DISABLE KEYS */;
/*!40000 ALTER TABLE `organization_procedure` ENABLE KEYS */;
UNLOCK TABLES;

--
-- Table structure for table `organization_procedureprovider`
--

DROP TABLE IF EXISTS `organization_procedureprovider`;
/*!40101 SET @saved_cs_client     = @@character_set_client */;
/*!40101 SET character_set_client = utf8 */;
CREATE TABLE `organization_procedureprovider` (
  `id` int(11) NOT NULL AUTO_INCREMENT,
  `name` varchar(20) NOT NULL,
  PRIMARY KEY (`id`)
) ENGINE=MyISAM DEFAULT CHARSET=latin1;
/*!40101 SET character_set_client = @saved_cs_client */;

--
-- Dumping data for table `organization_procedureprovider`
--

LOCK TABLES `organization_procedureprovider` WRITE;
/*!40000 ALTER TABLE `organization_procedureprovider` DISABLE KEYS */;
/*!40000 ALTER TABLE `organization_procedureprovider` ENABLE KEYS */;
UNLOCK TABLES;

--
-- Table structure for table `organization_professionalresponsible`
--

DROP TABLE IF EXISTS `organization_professionalresponsible`;
/*!40101 SET @saved_cs_client     = @@character_set_client */;
/*!40101 SET character_set_client = utf8 */;
CREATE TABLE `organization_professionalresponsible` (
  `id` varchar(36) NOT NULL,
  `name` varchar(50) NOT NULL,
  `subscription` varchar(50) NOT NULL,
  `organization_subscription` varchar(50) NOT NULL,
  `organization_id` varchar(36) DEFAULT NULL,
  `profession_id` int(11) DEFAULT NULL,
  `person_id` varchar(36) NOT NULL,
  PRIMARY KEY (`id`),
  UNIQUE KEY `person_id` (`person_id`),
  KEY `organization_professionalresponsible_97d7cd8d` (`organization_id`),
  KEY `organization_professionalresponsible_9b5c6ac` (`profession_id`)
) ENGINE=MyISAM DEFAULT CHARSET=latin1;
/*!40101 SET character_set_client = @saved_cs_client */;

--
-- Dumping data for table `organization_professionalresponsible`
--

LOCK TABLES `organization_professionalresponsible` WRITE;
/*!40000 ALTER TABLE `organization_professionalresponsible` DISABLE KEYS */;
INSERT INTO `organization_professionalresponsible` VALUES ('22497468-1fdb-4de5-a94b-80d30bcd2d25','jayme_n','','','5c2cd8a6-da08-46ab-90d0-83c5a513291e',NULL,'c4990686-a69a-4505-9397-7d2bb33ee5cd'),('4f7e56d3-1444-4e15-837b-2bb74d158db8','jayme_n','','','3fb1ec05-26e1-4a6f-b468-47bf139b7d97',NULL,'86d2ce11-cb26-44e0-ace7-833acac92975'),('e16fa958-4ad5-4995-8bf7-7b3bd4230bd6','jayme_n','','','ed1a6bfa-7e3b-4967-9deb-f30d20a9e018',NULL,'fad7615d-a29a-4a5a-b317-f3f7089c92a5'),('fa5e9d02-349c-4323-9582-b04f01a687cf','oliver2','','','7b436337-0be2-4447-9027-06ff460479a7',NULL,'00a857af-0285-4896-8338-3fd511272cfe'),('9f88a301-8097-4c1f-bcae-710a14f2954b','oliver','','','14fbc992-f72f-4360-bbec-5c0c7be19a3d',NULL,'6373e3b9-d4b6-41be-a43d-282b4b7a5873'),('329cebfe-cb74-40e9-9495-8c994c81d5c0','oliver','','','f0bdb7d7-e734-407d-938b-1a6367221be2',NULL,'980c8bc4-fb9f-44e8-b751-6f3382102297'),('43c6ee5c-188d-480e-9039-338a1ce2906e','Oliver','','','da20dde2-745d-4cdc-ad14-ba00fd4cc3dd',NULL,'d5d78b93-1534-4776-8884-f21c441c4cc2'),('ce2b53d3-6c99-4424-8206-7664fbef7f7e','jayme','','','d06ac5d4-f2c9-402a-88f3-8e6e7a11b542',NULL,'66969e75-6b2b-4244-a773-d183ca91110d'),('d9dd6e18-a190-4baf-a6d4-dd71ae5f4f17','Admin','','','721f6e5a-556f-450e-aed1-37f675a8638b',NULL,'419df159-9c33-496b-bfc5-bb38b87ce8d6');
/*!40000 ALTER TABLE `organization_professionalresponsible` ENABLE KEYS */;
UNLOCK TABLES;

--
-- Table structure for table `organization_providedtype`
--

DROP TABLE IF EXISTS `organization_providedtype`;
/*!40101 SET @saved_cs_client     = @@character_set_client */;
/*!40101 SET character_set_client = utf8 */;
CREATE TABLE `organization_providedtype` (
  `id` int(11) NOT NULL AUTO_INCREMENT,
  `description` varchar(50) NOT NULL,
  PRIMARY KEY (`id`)
) ENGINE=MyISAM AUTO_INCREMENT=8 DEFAULT CHARSET=latin1;
/*!40101 SET character_set_client = @saved_cs_client */;

--
-- Dumping data for table `organization_providedtype`
--

LOCK TABLES `organization_providedtype` WRITE;
/*!40000 ALTER TABLE `organization_providedtype` DISABLE KEYS */;
INSERT INTO `organization_providedtype` VALUES (2,'Ambulatorial'),(1,'Internação'),(7,'Outros'),(6,'Regulação'),(3,'SADT'),(4,'Urgência'),(5,'Vigilância em Saúde ');
/*!40000 ALTER TABLE `organization_providedtype` ENABLE KEYS */;
UNLOCK TABLES;

--
-- Table structure for table `organization_source`
--

DROP TABLE IF EXISTS `organization_source`;
/*!40101 SET @saved_cs_client     = @@character_set_client */;
/*!40101 SET character_set_client = utf8 */;
CREATE TABLE `organization_source` (
  `id` int(11) NOT NULL AUTO_INCREMENT,
  `description` varchar(255) NOT NULL,
  PRIMARY KEY (`id`)
) ENGINE=MyISAM AUTO_INCREMENT=14 DEFAULT CHARSET=latin1;
/*!40101 SET character_set_client = @saved_cs_client */;

--
-- Dumping data for table `organization_source`
--

LOCK TABLES `organization_source` WRITE;
/*!40000 ALTER TABLE `organization_source` DISABLE KEYS */;
INSERT INTO `organization_source` VALUES (1,'Administração Direta da Saúde'),(2,'Administração Direta de Outros Órgãos'),(3,'Administração Indireta/ Autarquia'),(5,'Administração Indireta/ Empresa Pública'),(4,'Administração Indireta/Fundação'),(6,'Administração Indireta/Organização Social'),(9,'Cooperativa'),(12,'Economia Mista'),(7,'Empresa'),(11,'Entidade Beneficente sem fins lucrativos'),(8,'Fundação Privada'),(10,'Serviço Social Autônomo'),(13,'Sindicato');
/*!40000 ALTER TABLE `organization_source` ENABLE KEYS */;
UNLOCK TABLES;

--
-- Table structure for table `organization_unittype`
--

DROP TABLE IF EXISTS `organization_unittype`;
/*!40101 SET @saved_cs_client     = @@character_set_client */;
/*!40101 SET character_set_client = utf8 */;
CREATE TABLE `organization_unittype` (
  `id` int(11) NOT NULL AUTO_INCREMENT,
  `description` varchar(255) NOT NULL,
  PRIMARY KEY (`id`)
) ENGINE=MyISAM AUTO_INCREMENT=24 DEFAULT CHARSET=latin1;
/*!40101 SET character_set_client = @saved_cs_client */;

--
-- Dumping data for table `organization_unittype`
--

LOCK TABLES `organization_unittype` WRITE;
/*!40000 ALTER TABLE `organization_unittype` DISABLE KEYS */;
INSERT INTO `organization_unittype` VALUES (20,'Central de Regulação de Serviços de Saúde'),(18,'Centro de Parto Normal Isolado'),(2,'Centro de Saúde/Unidade Básica de Saúde'),(11,'Clínica Especializada/Amb. Especializado'),(9,'Consultório Isolado'),(17,'Cooperativa'),(15,'Farmácia'),(19,'Hospital/Dia - Isolado'),(5,'Hospital Especializado'),(4,'Hospital Geral'),(21,'Laboratório Central de Saúde Pública - LACEN'),(23,'Outra - Não relacionada a saúde'),(3,'Policlínica'),(1,'Posto de Saúde'),(8,'Pronto Socorro Especializado'),(7,'Pronto Socorro Geral'),(22,'Secretaria de Saúde'),(12,'Unidade de Serviço de Apoio de Diagnose e Terapia'),(16,'Unidade de Vigilância em Saúde'),(6,'Unidade Mista'),(14,'Unidade Móvel de Nível Pré-hospitalar na Área de Urgência e Emergência'),(10,'Unidade Móvel Fluvial'),(13,'Unidade Móvel Terrestre');
/*!40000 ALTER TABLE `organization_unittype` ENABLE KEYS */;
UNLOCK TABLES;

--
-- Table structure for table `person_company`
--

DROP TABLE IF EXISTS `person_company`;
/*!40101 SET @saved_cs_client     = @@character_set_client */;
/*!40101 SET character_set_client = utf8 */;
CREATE TABLE `person_company` (
  `id` int(11) NOT NULL AUTO_INCREMENT,
  `person_id` varchar(36) DEFAULT NULL,
  `size` int(11) DEFAULT NULL,
  `cnae_class` varchar(9) DEFAULT NULL,
  PRIMARY KEY (`id`),
  UNIQUE KEY `person_id` (`person_id`)
) ENGINE=MyISAM DEFAULT CHARSET=latin1;
/*!40101 SET character_set_client = @saved_cs_client */;

--
-- Dumping data for table `person_company`
--

LOCK TABLES `person_company` WRITE;
/*!40000 ALTER TABLE `person_company` DISABLE KEYS */;
/*!40000 ALTER TABLE `person_company` ENABLE KEYS */;
UNLOCK TABLES;

--
-- Table structure for table `person_companyclient`
--

DROP TABLE IF EXISTS `person_companyclient`;
/*!40101 SET @saved_cs_client     = @@character_set_client */;
/*!40101 SET character_set_client = utf8 */;
CREATE TABLE `person_companyclient` (
  `id` int(11) NOT NULL AUTO_INCREMENT,
  `client_id` varchar(36) NOT NULL,
  `company_id` int(11) NOT NULL,
  `responsible` tinyint(1) NOT NULL,
  `active` tinyint(1) NOT NULL,
  PRIMARY KEY (`id`),
  UNIQUE KEY `client_id` (`client_id`,`company_id`),
  KEY `person_companyclient_4a4e8ffb` (`client_id`),
  KEY `person_companyclient_543518c6` (`company_id`)
) ENGINE=MyISAM DEFAULT CHARSET=latin1;
/*!40101 SET character_set_client = @saved_cs_client */;

--
-- Dumping data for table `person_companyclient`
--

LOCK TABLES `person_companyclient` WRITE;
/*!40000 ALTER TABLE `person_companyclient` DISABLE KEYS */;
/*!40000 ALTER TABLE `person_companyclient` ENABLE KEYS */;
UNLOCK TABLES;

--
-- Table structure for table `person_maritalstatus`
--

DROP TABLE IF EXISTS `person_maritalstatus`;
/*!40101 SET @saved_cs_client     = @@character_set_client */;
/*!40101 SET character_set_client = utf8 */;
CREATE TABLE `person_maritalstatus` (
  `id` int(11) NOT NULL AUTO_INCREMENT,
  `description` varchar(20) NOT NULL,
  PRIMARY KEY (`id`)
) ENGINE=MyISAM AUTO_INCREMENT=7 DEFAULT CHARSET=latin1;
/*!40101 SET character_set_client = @saved_cs_client */;

--
-- Dumping data for table `person_maritalstatus`
--

LOCK TABLES `person_maritalstatus` WRITE;
/*!40000 ALTER TABLE `person_maritalstatus` DISABLE KEYS */;
INSERT INTO `person_maritalstatus` VALUES (1,'Solteiro(a)'),(2,'Casado(a)'),(3,'Separado(a) Judicial'),(4,'Divorciado(a)'),(5,'Viúvo(a)'),(6,'União Estável');
/*!40000 ALTER TABLE `person_maritalstatus` ENABLE KEYS */;
UNLOCK TABLES;

--
-- Table structure for table `person_person`
--

DROP TABLE IF EXISTS `person_person`;
/*!40101 SET @saved_cs_client     = @@character_set_client */;
/*!40101 SET character_set_client = utf8 */;
CREATE TABLE `person_person` (
  `id` varchar(36) NOT NULL,
  `user_id` int(11) NOT NULL,
  `name` varchar(50) NOT NULL,
  `nickname` varchar(50) DEFAULT NULL,
  `photo` varchar(100) NOT NULL,
  `birthDate` date DEFAULT NULL,
  `birthPlace_id` int(11) DEFAULT NULL,
  `birthDateSupposed` tinyint(1) NOT NULL,
  `gender` varchar(1) NOT NULL,
  `maritalStatus_id` int(11) DEFAULT NULL,
  `comments` longtext NOT NULL,
  `active` tinyint(1) NOT NULL,
  `birthForeignCity` varchar(100) DEFAULT NULL,
  `birthForeignState` varchar(100) DEFAULT NULL,
  `birthForeignCountry` int(11) DEFAULT NULL,
  PRIMARY KEY (`id`),
  UNIQUE KEY `user_id` (`user_id`),
  KEY `person_person_9b322ad6` (`birthPlace_id`),
  KEY `person_person_84897c45` (`maritalStatus_id`)
) ENGINE=MyISAM DEFAULT CHARSET=latin1;
/*!40101 SET character_set_client = @saved_cs_client */;

--
-- Dumping data for table `person_person`
--

LOCK TABLES `person_person` WRITE;
/*!40000 ALTER TABLE `person_person` DISABLE KEYS */;
INSERT INTO `person_person` VALUES ('419df159-9c33-496b-bfc5-bb38b87ce8d6',1,'Admin','','No','2012-05-16',5245,0,'0',6,'',1,'12','12',12),('66969e75-6b2b-4244-a773-d183ca91110d',7,'jayme','','quack','2012-05-24',1808,0,'2',1,'',1,'None','None',33),('00a857af-0285-4896-8338-3fd511272cfe',23,'oliver2',NULL,'',NULL,NULL,0,'',NULL,'',1,NULL,NULL,NULL),('fad7615d-a29a-4a5a-b317-f3f7089c92a5',22,'jayme_n',NULL,'',NULL,NULL,0,'',NULL,'',1,NULL,NULL,NULL),('86d2ce11-cb26-44e0-ace7-833acac92975',21,'jayme_n',NULL,'',NULL,NULL,0,'',NULL,'',1,NULL,NULL,NULL),('c4990686-a69a-4505-9397-7d2bb33ee5cd',20,'jayme_n',NULL,'',NULL,NULL,0,'',NULL,'',1,NULL,NULL,NULL),('d5d78b93-1534-4776-8884-f21c441c4cc2',19,'Oliver','','1','2012-05-29',1810,0,'2',6,'',1,'1','2',3),('980c8bc4-fb9f-44e8-b751-6f3382102297',18,'oliver',NULL,'',NULL,NULL,0,'',NULL,'',1,NULL,NULL,NULL),('6373e3b9-d4b6-41be-a43d-282b4b7a5873',17,'oliver',NULL,'',NULL,NULL,0,'',NULL,'',1,NULL,NULL,NULL);
/*!40000 ALTER TABLE `person_person` ENABLE KEYS */;
UNLOCK TABLES;

--
-- Table structure for table `person_person_organization`
--

DROP TABLE IF EXISTS `person_person_organization`;
/*!40101 SET @saved_cs_client     = @@character_set_client */;
/*!40101 SET character_set_client = utf8 */;
CREATE TABLE `person_person_organization` (
  `id` int(11) NOT NULL AUTO_INCREMENT,
  `person_id` varchar(36) NOT NULL,
  `organization_id` varchar(36) NOT NULL,
  PRIMARY KEY (`id`),
  UNIQUE KEY `person_id` (`person_id`,`organization_id`),
  KEY `person_person_organization_21b911c5` (`person_id`),
  KEY `person_person_organization_97d7cd8d` (`organization_id`)
) ENGINE=MyISAM AUTO_INCREMENT=25 DEFAULT CHARSET=latin1;
/*!40101 SET character_set_client = @saved_cs_client */;

--
-- Dumping data for table `person_person_organization`
--

LOCK TABLES `person_person_organization` WRITE;
/*!40000 ALTER TABLE `person_person_organization` DISABLE KEYS */;
INSERT INTO `person_person_organization` VALUES (4,'419df159-9c33-496b-bfc5-bb38b87ce8d6','721f6e5a-556f-450e-aed1-37f675a8638b'),(17,'66969e75-6b2b-4244-a773-d183ca91110d','d06ac5d4-f2c9-402a-88f3-8e6e7a11b542'),(18,'6373e3b9-d4b6-41be-a43d-282b4b7a5873','14fbc992-f72f-4360-bbec-5c0c7be19a3d'),(19,'980c8bc4-fb9f-44e8-b751-6f3382102297','f0bdb7d7-e734-407d-938b-1a6367221be2'),(20,'d5d78b93-1534-4776-8884-f21c441c4cc2','da20dde2-745d-4cdc-ad14-ba00fd4cc3dd'),(21,'c4990686-a69a-4505-9397-7d2bb33ee5cd','5c2cd8a6-da08-46ab-90d0-83c5a513291e'),(24,'00a857af-0285-4896-8338-3fd511272cfe','7b436337-0be2-4447-9027-06ff460479a7'),(23,'fad7615d-a29a-4a5a-b317-f3f7089c92a5','ed1a6bfa-7e3b-4967-9deb-f30d20a9e018'),(22,'86d2ce11-cb26-44e0-ace7-833acac92975','3fb1ec05-26e1-4a6f-b468-47bf139b7d97');
/*!40000 ALTER TABLE `person_person_organization` ENABLE KEYS */;
UNLOCK TABLES;

--
-- Table structure for table `phone_phone`
--

DROP TABLE IF EXISTS `phone_phone`;
/*!40101 SET @saved_cs_client     = @@character_set_client */;
/*!40101 SET character_set_client = utf8 */;
CREATE TABLE `phone_phone` (
  `id` varchar(36) NOT NULL,
  `area` varchar(2) NOT NULL,
  `phoneNumber` varchar(9) NOT NULL,
  `ext` varchar(4) NOT NULL,
  `phoneType_id` int(11) NOT NULL,
  `content_type_id` int(11) NOT NULL,
  `object_id` varchar(36) NOT NULL,
  PRIMARY KEY (`id`),
  KEY `phone_phone_1aceec8d` (`phoneType_id`),
  KEY `phone_phone_e4470c6e` (`content_type_id`)
) ENGINE=MyISAM DEFAULT CHARSET=latin1;
/*!40101 SET character_set_client = @saved_cs_client */;

--
-- Dumping data for table `phone_phone`
--

LOCK TABLES `phone_phone` WRITE;
/*!40000 ALTER TABLE `phone_phone` DISABLE KEYS */;
INSERT INTO `phone_phone` VALUES ('2ce9645d-3e39-4f02-b325-7c9d2afdec16','11','1111-1111','',2,80,'66969e75-6b2b-4244-a773-d183ca91110d'),('f181768b-a525-4173-b9fc-fef0d6e74595','52','4789-6541','',2,80,'00a857af-0285-4896-8338-3fd511272cfe'),('50169bee-8ec9-44ef-9172-6c40443f85ee','22','2222-2222','',2,80,'fad7615d-a29a-4a5a-b317-f3f7089c92a5'),('e78cde5d-2736-4c26-9cad-76dcaacbea4e','22','2222-2222','',2,80,'86d2ce11-cb26-44e0-ace7-833acac92975'),('deb63f84-f0a0-4462-8744-6942099ae8c0','22','2222-2222','',2,80,'c4990686-a69a-4505-9397-7d2bb33ee5cd'),('a30def58-4491-4311-840f-f96b7ce85c6f','16','9786-3670','',2,80,'980c8bc4-fb9f-44e8-b751-6f3382102297'),('780709b9-8092-4e39-9ff9-36dd03757c43','16','9786-3670','',2,80,'6373e3b9-d4b6-41be-a43d-282b4b7a5873');
/*!40000 ALTER TABLE `phone_phone` ENABLE KEYS */;
UNLOCK TABLES;

--
-- Table structure for table `phone_phonetype`
--

DROP TABLE IF EXISTS `phone_phonetype`;
/*!40101 SET @saved_cs_client     = @@character_set_client */;
/*!40101 SET character_set_client = utf8 */;
CREATE TABLE `phone_phonetype` (
  `id` int(11) NOT NULL AUTO_INCREMENT,
  `description` varchar(20) NOT NULL,
  PRIMARY KEY (`id`)
) ENGINE=MyISAM AUTO_INCREMENT=6 DEFAULT CHARSET=latin1;
/*!40101 SET character_set_client = @saved_cs_client */;

--
-- Dumping data for table `phone_phonetype`
--

LOCK TABLES `phone_phonetype` WRITE;
/*!40000 ALTER TABLE `phone_phonetype` DISABLE KEYS */;
INSERT INTO `phone_phonetype` VALUES (1,'Residencial'),(2,'Comercial'),(3,'Fax'),(4,'Celular'),(5,'Recado');
/*!40000 ALTER TABLE `phone_phonetype` ENABLE KEYS */;
UNLOCK TABLES;

--
-- Table structure for table `place_place`
--

DROP TABLE IF EXISTS `place_place`;
/*!40101 SET @saved_cs_client     = @@character_set_client */;
/*!40101 SET character_set_client = utf8 */;
CREATE TABLE `place_place` (
  `id` varchar(36) NOT NULL,
  `label` varchar(80) NOT NULL,
  `active` tinyint(1) NOT NULL,
  `place_type_id` int(11) NOT NULL,
  `organization_id` varchar(36) DEFAULT NULL,
  `comments` longtext,
  PRIMARY KEY (`id`),
  KEY `place_place_113a717e` (`place_type_id`),
  KEY `place_place_97d7cd8d` (`organization_id`)
) ENGINE=MyISAM DEFAULT CHARSET=latin1;
/*!40101 SET character_set_client = @saved_cs_client */;

--
-- Dumping data for table `place_place`
--

LOCK TABLES `place_place` WRITE;
/*!40000 ALTER TABLE `place_place` DISABLE KEYS */;
INSERT INTO `place_place` VALUES ('2b0f4089-3c6b-493a-baca-6d683a9d511c','teste',1,1,'721f6e5a-556f-450e-aed1-37f675a8638b',NULL),('218b9071-2b2a-470f-997c-2d60b6a5ce30','teste',1,1,'d06ac5d4-f2c9-402a-88f3-8e6e7a11b542',NULL),('4c8fcef6-659a-47fd-bf63-91b449e399a5','ibc',1,1,'7b436337-0be2-4447-9027-06ff460479a7',NULL),('ff5fffb1-1ec9-417e-a6f6-6ffb55dd29a0','.doois.2223',1,1,'ed1a6bfa-7e3b-4967-9deb-f30d20a9e018',NULL),('1f44752a-24b4-4266-8a9d-416751cdb885','.doois.222',1,1,'3fb1ec05-26e1-4a6f-b468-47bf139b7d97',NULL),('37f487c8-5fc8-4d18-ab50-7cb983655b06','.doois.22',1,1,'5c2cd8a6-da08-46ab-90d0-83c5a513291e',NULL),('c566fde2-bf47-4100-aaf8-492d24cb6541','IPC2',1,1,'f0bdb7d7-e734-407d-938b-1a6367221be2',NULL),('522242cc-d46e-4ce3-aadf-9296401664bf','IPC',1,1,'14fbc992-f72f-4360-bbec-5c0c7be19a3d',NULL);
/*!40000 ALTER TABLE `place_place` ENABLE KEYS */;
UNLOCK TABLES;

--
-- Table structure for table `place_placetype`
--

DROP TABLE IF EXISTS `place_placetype`;
/*!40101 SET @saved_cs_client     = @@character_set_client */;
/*!40101 SET character_set_client = utf8 */;
CREATE TABLE `place_placetype` (
  `id` int(11) NOT NULL AUTO_INCREMENT,
  `description` varchar(100) NOT NULL,
  PRIMARY KEY (`id`)
) ENGINE=MyISAM AUTO_INCREMENT=5 DEFAULT CHARSET=latin1;
/*!40101 SET character_set_client = @saved_cs_client */;

--
-- Dumping data for table `place_placetype`
--

LOCK TABLES `place_placetype` WRITE;
/*!40000 ALTER TABLE `place_placetype` DISABLE KEYS */;
INSERT INTO `place_placetype` VALUES (1,'Matriz'),(2,'Filial'),(4,'Cliente / Externo');
/*!40000 ALTER TABLE `place_placetype` ENABLE KEYS */;
UNLOCK TABLES;

--
-- Table structure for table `place_room`
--

DROP TABLE IF EXISTS `place_room`;
/*!40101 SET @saved_cs_client     = @@character_set_client */;
/*!40101 SET character_set_client = utf8 */;
CREATE TABLE `place_room` (
  `id` varchar(36) NOT NULL,
  `description` varchar(80) NOT NULL,
  `dimension` varchar(10) NOT NULL,
  `place_id` varchar(36) NOT NULL,
  `room_type_id` int(11) NOT NULL,
  `furniture` longtext NOT NULL,
  `active` tinyint(1) NOT NULL,
  `comments` longtext NOT NULL,
  PRIMARY KEY (`id`),
  KEY `place_room_c4391d6c` (`place_id`),
  KEY `place_room_4e1f844b` (`room_type_id`)
) ENGINE=MyISAM DEFAULT CHARSET=latin1;
/*!40101 SET character_set_client = @saved_cs_client */;

--
-- Dumping data for table `place_room`
--

LOCK TABLES `place_room` WRITE;
/*!40000 ALTER TABLE `place_room` DISABLE KEYS */;
INSERT INTO `place_room` VALUES ('484cc6fd-3fe8-4f70-914c-80c9987f49b5','Sala 1','','2b0f4089-3c6b-493a-baca-6d683a9d511c',1,'',1,''),('04d83206-e30d-42bc-bab2-16087ffb549f','Sala 1','','218b9071-2b2a-470f-997c-2d60b6a5ce30',1,'',1,''),('14cb0ae1-ff4d-476e-b820-e597c590a8c9','Sala 1','','4c8fcef6-659a-47fd-bf63-91b449e399a5',1,'',1,''),('e7a2ab14-4965-40af-8a95-45ae1cd813a2','Sala 1','','ff5fffb1-1ec9-417e-a6f6-6ffb55dd29a0',1,'',1,''),('2c0e1c4e-6e88-4685-9090-6a53602664e9','Sala 1','','1f44752a-24b4-4266-8a9d-416751cdb885',1,'',1,''),('b9ca59b1-011f-4126-a335-27ebf4c41c9b','Sala 1','','37f487c8-5fc8-4d18-ab50-7cb983655b06',1,'',1,''),('53f38cdc-ccba-448d-bcec-386c32615b80','Sala 1','','c566fde2-bf47-4100-aaf8-492d24cb6541',1,'',1,''),('afb90099-ac83-46cc-be6e-da50ce2f7206','Sala 1','','522242cc-d46e-4ce3-aadf-9296401664bf',1,'',1,'');
/*!40000 ALTER TABLE `place_room` ENABLE KEYS */;
UNLOCK TABLES;

--
-- Table structure for table `place_roomtype`
--

DROP TABLE IF EXISTS `place_roomtype`;
/*!40101 SET @saved_cs_client     = @@character_set_client */;
/*!40101 SET character_set_client = utf8 */;
CREATE TABLE `place_roomtype` (
  `id` int(11) NOT NULL AUTO_INCREMENT,
  `description` varchar(45) NOT NULL,
  PRIMARY KEY (`id`),
  UNIQUE KEY `description` (`description`)
) ENGINE=MyISAM AUTO_INCREMENT=7 DEFAULT CHARSET=latin1;
/*!40101 SET character_set_client = @saved_cs_client */;

--
-- Dumping data for table `place_roomtype`
--

LOCK TABLES `place_roomtype` WRITE;
/*!40000 ALTER TABLE `place_roomtype` DISABLE KEYS */;
INSERT INTO `place_roomtype` VALUES (1,'Atendimento'),(2,'Supervisão'),(3,'Brinquedoteca'),(4,'Coordenação'),(5,'Espera'),(6,'Estagiários');
/*!40000 ALTER TABLE `place_roomtype` ENABLE KEYS */;
UNLOCK TABLES;

--
-- Table structure for table `referral_indication`
--

DROP TABLE IF EXISTS `referral_indication`;
/*!40101 SET @saved_cs_client     = @@character_set_client */;
/*!40101 SET character_set_client = utf8 */;
CREATE TABLE `referral_indication` (
  `id` varchar(36) NOT NULL,
  `indication_choice_id` int(11) NOT NULL,
  `referral_id` int(11) NOT NULL,
  `referral_organization_id` varchar(36) DEFAULT NULL,
  `referral_professional_id` varchar(36) DEFAULT NULL,
  PRIMARY KEY (`id`),
  KEY `referral_indication_fc6a3313` (`indication_choice_id`),
  KEY `referral_indication_14fa9e53` (`referral_id`),
  KEY `referral_indication_51d63dce` (`referral_organization_id`),
  KEY `referral_indication_49cf82fe` (`referral_professional_id`)
) ENGINE=MyISAM DEFAULT CHARSET=latin1;
/*!40101 SET character_set_client = @saved_cs_client */;

--
-- Dumping data for table `referral_indication`
--

LOCK TABLES `referral_indication` WRITE;
/*!40000 ALTER TABLE `referral_indication` DISABLE KEYS */;
/*!40000 ALTER TABLE `referral_indication` ENABLE KEYS */;
UNLOCK TABLES;

--
-- Table structure for table `referral_indicationchoice`
--

DROP TABLE IF EXISTS `referral_indicationchoice`;
/*!40101 SET @saved_cs_client     = @@character_set_client */;
/*!40101 SET character_set_client = utf8 */;
CREATE TABLE `referral_indicationchoice` (
  `id` int(11) NOT NULL AUTO_INCREMENT,
  `description` varchar(250) NOT NULL,
  `nick` varchar(50) NOT NULL,
  `weight` int(11) DEFAULT NULL,
  `color` varchar(6) DEFAULT NULL,
  PRIMARY KEY (`id`)
) ENGINE=MyISAM AUTO_INCREMENT=20 DEFAULT CHARSET=latin1;
/*!40101 SET character_set_client = @saved_cs_client */;

--
-- Dumping data for table `referral_indicationchoice`
--

LOCK TABLES `referral_indicationchoice` WRITE;
/*!40000 ALTER TABLE `referral_indicationchoice` DISABLE KEYS */;
INSERT INTO `referral_indicationchoice` VALUES (1,'Espontâneo','',8,NULL),(5,'Amigo','',2,NULL),(2,'Familia','',4,NULL),(6,'Trabalho','',6,NULL),(4,'Profissional','professional',10,NULL),(3,'Estabelecimento','organization',12,NULL),(8,'Escola','',4,NULL),(9,'Escolha...','',0,NULL),(10,'Escolha...','',0,NULL),(11,'Escolha...','',0,NULL),(12,'Escolha...','',0,NULL),(13,'Escolha...','',0,NULL),(14,'Escolha...','',0,NULL),(15,'Escolha...','',0,NULL),(16,'Escolha...','',0,NULL),(17,'Escolha...','',0,NULL),(18,'Escolha...','',0,NULL),(19,'Escolha...','',0,NULL);
/*!40000 ALTER TABLE `referral_indicationchoice` ENABLE KEYS */;
UNLOCK TABLES;

--
-- Table structure for table `referral_queue`
--

DROP TABLE IF EXISTS `referral_queue`;
/*!40101 SET @saved_cs_client     = @@character_set_client */;
/*!40101 SET character_set_client = utf8 */;
CREATE TABLE `referral_queue` (
  `id` int(11) NOT NULL AUTO_INCREMENT,
  `comments` longtext NOT NULL,
  `date_in` datetime NOT NULL,
  `date_out` datetime DEFAULT NULL,
  `priority` varchar(2) NOT NULL,
  `client_id` varchar(36) NOT NULL,
  `referral_id` int(11) NOT NULL,
  PRIMARY KEY (`id`),
  KEY `referral_queue_4a4e8ffb` (`client_id`),
  KEY `referral_queue_14fa9e53` (`referral_id`)
) ENGINE=MyISAM DEFAULT CHARSET=latin1;
/*!40101 SET character_set_client = @saved_cs_client */;

--
-- Dumping data for table `referral_queue`
--

LOCK TABLES `referral_queue` WRITE;
/*!40000 ALTER TABLE `referral_queue` DISABLE KEYS */;
/*!40000 ALTER TABLE `referral_queue` ENABLE KEYS */;
UNLOCK TABLES;

--
-- Table structure for table `referral_referral`
--

DROP TABLE IF EXISTS `referral_referral`;
/*!40101 SET @saved_cs_client     = @@character_set_client */;
/*!40101 SET character_set_client = utf8 */;
CREATE TABLE `referral_referral` (
  `event_ptr_id` int(11) NOT NULL,
  `seq` int(11) DEFAULT NULL,
  `service_id` varchar(36) DEFAULT NULL,
  `referral_id` int(11) DEFAULT NULL,
  `date` datetime NOT NULL,
  `referral_reason` varchar(765) DEFAULT NULL,
  `annotation` varchar(765) DEFAULT NULL,
  `available_time` varchar(765) DEFAULT NULL,
  `priority_id` int(11) DEFAULT NULL,
  `impact_id` int(11) DEFAULT NULL,
  `organization_id` varchar(36) DEFAULT NULL,
  `status` varchar(2) DEFAULT NULL,
  PRIMARY KEY (`event_ptr_id`),
  KEY `referral_referral_90e28c3e` (`service_id`),
  KEY `referral_referral_14fa9e53` (`referral_id`),
  KEY `referral_referral_b62206ec` (`priority_id`),
  KEY `referral_referral_b551c318` (`impact_id`),
  KEY `referral_referral_97d7cd8d` (`organization_id`)
) ENGINE=MyISAM DEFAULT CHARSET=latin1;
/*!40101 SET character_set_client = @saved_cs_client */;

--
-- Dumping data for table `referral_referral`
--

LOCK TABLES `referral_referral` WRITE;
/*!40000 ALTER TABLE `referral_referral` DISABLE KEYS */;
/*!40000 ALTER TABLE `referral_referral` ENABLE KEYS */;
UNLOCK TABLES;

--
-- Table structure for table `referral_referral_client`
--

DROP TABLE IF EXISTS `referral_referral_client`;
/*!40101 SET @saved_cs_client     = @@character_set_client */;
/*!40101 SET character_set_client = utf8 */;
CREATE TABLE `referral_referral_client` (
  `id` int(11) NOT NULL AUTO_INCREMENT,
  `referral_id` int(11) NOT NULL,
  `client_id` varchar(36) NOT NULL,
  PRIMARY KEY (`id`),
  UNIQUE KEY `referral_id` (`referral_id`,`client_id`),
  KEY `referral_referral_client_14fa9e53` (`referral_id`),
  KEY `referral_referral_client_4a4e8ffb` (`client_id`)
) ENGINE=MyISAM DEFAULT CHARSET=latin1;
/*!40101 SET character_set_client = @saved_cs_client */;

--
-- Dumping data for table `referral_referral_client`
--

LOCK TABLES `referral_referral_client` WRITE;
/*!40000 ALTER TABLE `referral_referral_client` DISABLE KEYS */;
/*!40000 ALTER TABLE `referral_referral_client` ENABLE KEYS */;
UNLOCK TABLES;

--
-- Table structure for table `referral_referral_professional`
--

DROP TABLE IF EXISTS `referral_referral_professional`;
/*!40101 SET @saved_cs_client     = @@character_set_client */;
/*!40101 SET character_set_client = utf8 */;
CREATE TABLE `referral_referral_professional` (
  `id` int(11) NOT NULL AUTO_INCREMENT,
  `referral_id` int(11) NOT NULL,
  `careprofessional_id` varchar(36) NOT NULL,
  PRIMARY KEY (`id`),
  UNIQUE KEY `referral_id` (`referral_id`,`careprofessional_id`),
  KEY `referral_referral_professional_14fa9e53` (`referral_id`),
  KEY `referral_referral_professional_1c6994ee` (`careprofessional_id`)
) ENGINE=MyISAM DEFAULT CHARSET=latin1;
/*!40101 SET character_set_client = @saved_cs_client */;

--
-- Dumping data for table `referral_referral_professional`
--

LOCK TABLES `referral_referral_professional` WRITE;
/*!40000 ALTER TABLE `referral_referral_professional` DISABLE KEYS */;
/*!40000 ALTER TABLE `referral_referral_professional` ENABLE KEYS */;
UNLOCK TABLES;

--
-- Table structure for table `referral_referralattach`
--

DROP TABLE IF EXISTS `referral_referralattach`;
/*!40101 SET @saved_cs_client     = @@character_set_client */;
/*!40101 SET character_set_client = utf8 */;
CREATE TABLE `referral_referralattach` (
  `id` varchar(36) NOT NULL,
  `filename` varchar(255) DEFAULT NULL,
  `description` longtext,
  `date` datetime NOT NULL,
  `file` varchar(200) NOT NULL,
  `type` varchar(2) DEFAULT NULL,
  `referral_id` int(11) NOT NULL,
  PRIMARY KEY (`id`),
  KEY `referral_referralattach_14fa9e53` (`referral_id`)
) ENGINE=MyISAM DEFAULT CHARSET=latin1;
/*!40101 SET character_set_client = @saved_cs_client */;

--
-- Dumping data for table `referral_referralattach`
--

LOCK TABLES `referral_referralattach` WRITE;
/*!40000 ALTER TABLE `referral_referralattach` DISABLE KEYS */;
/*!40000 ALTER TABLE `referral_referralattach` ENABLE KEYS */;
UNLOCK TABLES;

--
-- Table structure for table `referral_referralchoice`
--

DROP TABLE IF EXISTS `referral_referralchoice`;
/*!40101 SET @saved_cs_client     = @@character_set_client */;
/*!40101 SET character_set_client = utf8 */;
CREATE TABLE `referral_referralchoice` (
  `id` int(11) NOT NULL AUTO_INCREMENT,
  `description` varchar(250) NOT NULL,
  `nick` varchar(50) NOT NULL,
  PRIMARY KEY (`id`)
) ENGINE=MyISAM AUTO_INCREMENT=20 DEFAULT CHARSET=latin1;
/*!40101 SET character_set_client = @saved_cs_client */;

--
-- Dumping data for table `referral_referralchoice`
--

LOCK TABLES `referral_referralchoice` WRITE;
/*!40000 ALTER TABLE `referral_referralchoice` DISABLE KEYS */;
INSERT INTO `referral_referralchoice` VALUES (1,'Propagandas (Jornal, Rádio, TV, Revista)',''),(2,'Folder',''),(3,'Site',''),(4,'Lista telefônica',''),(5,'No Próprio Local',''),(6,'Familiares, Amigos ou Professores',''),(7,'Indicação de outra Instituição','organization'),(8,'Indicação de um Profissional de Saúde','professional'),(9,'Escolha...',''),(10,'Escolha...',''),(11,'Escolha...',''),(12,'Escolha...',''),(13,'Escolha...',''),(14,'Escolha...',''),(15,'Escolha...',''),(16,'Escolha...',''),(17,'Escolha...',''),(18,'Escolha...',''),(19,'Escolha...','');
/*!40000 ALTER TABLE `referral_referralchoice` ENABLE KEYS */;
UNLOCK TABLES;

--
-- Table structure for table `referral_referraldischarge`
--

DROP TABLE IF EXISTS `referral_referraldischarge`;
/*!40101 SET @saved_cs_client     = @@character_set_client */;
/*!40101 SET character_set_client = utf8 */;
CREATE TABLE `referral_referraldischarge` (
  `id` varchar(36) NOT NULL,
  `referral_id` int(11) NOT NULL,
  `client_id` varchar(36) DEFAULT NULL,
  `date` datetime NOT NULL,
  `was_discussed_with_client` tinyint(1) NOT NULL,
  `reason_id` int(11) DEFAULT NULL,
  `details` longtext NOT NULL,
  `status` varchar(2) DEFAULT NULL,
  `description` longtext NOT NULL,
  PRIMARY KEY (`id`),
  KEY `referral_referraldischarge_14fa9e53` (`referral_id`),
  KEY `referral_referraldischarge_4a4e8ffb` (`client_id`),
  KEY `referral_referraldischarge_c92f02ba` (`reason_id`)
) ENGINE=MyISAM DEFAULT CHARSET=latin1;
/*!40101 SET character_set_client = @saved_cs_client */;

--
-- Dumping data for table `referral_referraldischarge`
--

LOCK TABLES `referral_referraldischarge` WRITE;
/*!40000 ALTER TABLE `referral_referraldischarge` DISABLE KEYS */;
/*!40000 ALTER TABLE `referral_referraldischarge` ENABLE KEYS */;
UNLOCK TABLES;

--
-- Table structure for table `referral_referraldischargereason`
--

DROP TABLE IF EXISTS `referral_referraldischargereason`;
/*!40101 SET @saved_cs_client     = @@character_set_client */;
/*!40101 SET character_set_client = utf8 */;
CREATE TABLE `referral_referraldischargereason` (
  `id` int(11) NOT NULL AUTO_INCREMENT,
  `name` varchar(255) NOT NULL,
  `color` varchar(6) DEFAULT NULL,
  PRIMARY KEY (`id`)
) ENGINE=MyISAM DEFAULT CHARSET=latin1;
/*!40101 SET character_set_client = @saved_cs_client */;

--
-- Dumping data for table `referral_referraldischargereason`
--

LOCK TABLES `referral_referraldischargereason` WRITE;
/*!40000 ALTER TABLE `referral_referraldischargereason` DISABLE KEYS */;
/*!40000 ALTER TABLE `referral_referraldischargereason` ENABLE KEYS */;
UNLOCK TABLES;

--
-- Table structure for table `referral_referralexternal`
--

DROP TABLE IF EXISTS `referral_referralexternal`;
/*!40101 SET @saved_cs_client     = @@character_set_client */;
/*!40101 SET character_set_client = utf8 */;
CREATE TABLE `referral_referralexternal` (
  `id` int(11) NOT NULL AUTO_INCREMENT,
  `comments` longtext NOT NULL,
  `date` datetime NOT NULL,
  `referral_id` int(11) NOT NULL,
  `organization_id` varchar(36) DEFAULT NULL,
  `professional_id` varchar(36) DEFAULT NULL,
  PRIMARY KEY (`id`),
  KEY `referral_referralexternal_14fa9e53` (`referral_id`),
  KEY `referral_referralexternal_97d7cd8d` (`organization_id`),
  KEY `referral_referralexternal_544e0c73` (`professional_id`)
) ENGINE=MyISAM DEFAULT CHARSET=latin1;
/*!40101 SET character_set_client = @saved_cs_client */;

--
-- Dumping data for table `referral_referralexternal`
--

LOCK TABLES `referral_referralexternal` WRITE;
/*!40000 ALTER TABLE `referral_referralexternal` DISABLE KEYS */;
/*!40000 ALTER TABLE `referral_referralexternal` ENABLE KEYS */;
UNLOCK TABLES;

--
-- Table structure for table `referral_referralimpact`
--

DROP TABLE IF EXISTS `referral_referralimpact`;
/*!40101 SET @saved_cs_client     = @@character_set_client */;
/*!40101 SET character_set_client = utf8 */;
CREATE TABLE `referral_referralimpact` (
  `id` int(11) NOT NULL AUTO_INCREMENT,
  `title` varchar(20) NOT NULL,
  `description` varchar(765) DEFAULT NULL,
  PRIMARY KEY (`id`)
) ENGINE=MyISAM AUTO_INCREMENT=4 DEFAULT CHARSET=latin1;
/*!40101 SET character_set_client = @saved_cs_client */;

--
-- Dumping data for table `referral_referralimpact`
--

LOCK TABLES `referral_referralimpact` WRITE;
/*!40000 ALTER TABLE `referral_referralimpact` DISABLE KEYS */;
INSERT INTO `referral_referralimpact` VALUES (1,'Baixo','O estado atual tem pouco ou nenhum impacto sobre as atividades'),(2,'Moderado','O estado atual tem impacto sobre as atividades, mas é possível realizá-las'),(3,'Alto','O estado atual tem grande impacto sobre as atividades');
/*!40000 ALTER TABLE `referral_referralimpact` ENABLE KEYS */;
UNLOCK TABLES;

--
-- Table structure for table `referral_referralpriority`
--

DROP TABLE IF EXISTS `referral_referralpriority`;
/*!40101 SET @saved_cs_client     = @@character_set_client */;
/*!40101 SET character_set_client = utf8 */;
CREATE TABLE `referral_referralpriority` (
  `id` int(11) NOT NULL AUTO_INCREMENT,
  `title` varchar(20) NOT NULL,
  PRIMARY KEY (`id`)
) ENGINE=MyISAM AUTO_INCREMENT=4 DEFAULT CHARSET=latin1;
/*!40101 SET character_set_client = @saved_cs_client */;

--
-- Dumping data for table `referral_referralpriority`
--

LOCK TABLES `referral_referralpriority` WRITE;
/*!40000 ALTER TABLE `referral_referralpriority` DISABLE KEYS */;
INSERT INTO `referral_referralpriority` VALUES (1,'Baixa'),(2,'Média'),(3,'Alta');
/*!40000 ALTER TABLE `referral_referralpriority` ENABLE KEYS */;
UNLOCK TABLES;

--
-- Table structure for table `referral_referralreferral`
--

DROP TABLE IF EXISTS `referral_referralreferral`;
/*!40101 SET @saved_cs_client     = @@character_set_client */;
/*!40101 SET character_set_client = utf8 */;
CREATE TABLE `referral_referralreferral` (
  `id` varchar(36) NOT NULL,
  `referral_choice_id` int(11) NOT NULL,
  `referral_organization_id` varchar(36) DEFAULT NULL,
  `referral_professional_id` varchar(36) DEFAULT NULL,
  `client_id` varchar(36) NOT NULL,
  PRIMARY KEY (`id`),
  KEY `referral_referralreferral_8e2cab60` (`referral_choice_id`),
  KEY `referral_referralreferral_51d63dce` (`referral_organization_id`),
  KEY `referral_referralreferral_49cf82fe` (`referral_professional_id`),
  KEY `referral_referralreferral_4a4e8ffb` (`client_id`)
) ENGINE=MyISAM DEFAULT CHARSET=latin1;
/*!40101 SET character_set_client = @saved_cs_client */;

--
-- Dumping data for table `referral_referralreferral`
--

LOCK TABLES `referral_referralreferral` WRITE;
/*!40000 ALTER TABLE `referral_referralreferral` DISABLE KEYS */;
/*!40000 ALTER TABLE `referral_referralreferral` ENABLE KEYS */;
UNLOCK TABLES;

--
-- Table structure for table `registration_registrationprofile`
--

DROP TABLE IF EXISTS `registration_registrationprofile`;
/*!40101 SET @saved_cs_client     = @@character_set_client */;
/*!40101 SET character_set_client = utf8 */;
CREATE TABLE `registration_registrationprofile` (
  `id` int(11) NOT NULL AUTO_INCREMENT,
  `user_id` int(11) NOT NULL,
  `activation_key` varchar(40) NOT NULL,
  PRIMARY KEY (`id`),
  UNIQUE KEY `user_id` (`user_id`)
) ENGINE=MyISAM AUTO_INCREMENT=22 DEFAULT CHARSET=latin1;
/*!40101 SET character_set_client = @saved_cs_client */;

--
-- Dumping data for table `registration_registrationprofile`
--

LOCK TABLES `registration_registrationprofile` WRITE;
/*!40000 ALTER TABLE `registration_registrationprofile` DISABLE KEYS */;
INSERT INTO `registration_registrationprofile` VALUES (6,7,'ALREADY_ACTIVATED'),(21,23,'fe55034e05c904736b991bb5b7df1bcf5601bd99'),(20,22,'7cbba3c9bde8d984f84726a1f1852ea7da8caba2'),(19,21,'c72bd1486e9e19aba7f08484c95a89bb091f4731'),(18,20,'a6a08d3776611a01d8c5849eaee8f2ca2ababf01'),(17,18,'5bc1a992866f92b3764b1857e66d3333d7f52c19'),(16,17,'c71b72e9ffb9c6193f4c707c1cf76930d76e2de3');
/*!40000 ALTER TABLE `registration_registrationprofile` ENABLE KEYS */;
UNLOCK TABLES;

--
-- Table structure for table `report_report`
--

DROP TABLE IF EXISTS `report_report`;
/*!40101 SET @saved_cs_client     = @@character_set_client */;
/*!40101 SET character_set_client = utf8 */;
CREATE TABLE `report_report` (
  `id` int(11) NOT NULL AUTO_INCREMENT,
  PRIMARY KEY (`id`)
) ENGINE=MyISAM DEFAULT CHARSET=latin1;
/*!40101 SET character_set_client = @saved_cs_client */;

--
-- Dumping data for table `report_report`
--

LOCK TABLES `report_report` WRITE;
/*!40000 ALTER TABLE `report_report` DISABLE KEYS */;
/*!40000 ALTER TABLE `report_report` ENABLE KEYS */;
UNLOCK TABLES;

--
-- Table structure for table `report_reportssaved`
--

DROP TABLE IF EXISTS `report_reportssaved`;
/*!40101 SET @saved_cs_client     = @@character_set_client */;
/*!40101 SET character_set_client = utf8 */;
CREATE TABLE `report_reportssaved` (
  `id` int(11) NOT NULL AUTO_INCREMENT,
  `user_id` int(11) DEFAULT NULL,
  `organization_id` varchar(36) DEFAULT NULL,
  `date` datetime NOT NULL,
  `view` int(11) NOT NULL,
  `label` varchar(255) NOT NULL,
  `data` longtext NOT NULL,
  `trash` tinyint(1) NOT NULL,
  PRIMARY KEY (`id`),
  KEY `report_reportssaved_fbfc09f1` (`user_id`),
  KEY `report_reportssaved_97d7cd8d` (`organization_id`)
) ENGINE=MyISAM DEFAULT CHARSET=latin1;
/*!40101 SET character_set_client = @saved_cs_client */;

--
-- Dumping data for table `report_reportssaved`
--

LOCK TABLES `report_reportssaved` WRITE;
/*!40000 ALTER TABLE `report_reportssaved` DISABLE KEYS */;
/*!40000 ALTER TABLE `report_reportssaved` ENABLE KEYS */;
UNLOCK TABLES;

--
-- Table structure for table `reversion_revision`
--

DROP TABLE IF EXISTS `reversion_revision`;
/*!40101 SET @saved_cs_client     = @@character_set_client */;
/*!40101 SET character_set_client = utf8 */;
CREATE TABLE `reversion_revision` (
  `id` int(11) NOT NULL AUTO_INCREMENT,
  `date_created` datetime NOT NULL,
  `user_id` int(11) DEFAULT NULL,
  `comment` longtext NOT NULL,
  `manager_slug` varchar(200) NOT NULL,
  PRIMARY KEY (`id`),
  KEY `reversion_revision_fbfc09f1` (`user_id`),
  KEY `reversion_revision_10734f62` (`manager_slug`)
) ENGINE=MyISAM AUTO_INCREMENT=35 DEFAULT CHARSET=latin1;
/*!40101 SET character_set_client = @saved_cs_client */;

--
-- Dumping data for table `reversion_revision`
--

LOCK TABLES `reversion_revision` WRITE;
/*!40000 ALTER TABLE `reversion_revision` DISABLE KEYS */;
INSERT INTO `reversion_revision` VALUES (1,'2012-05-16 15:15:02',1,'','default'),(2,'2012-05-16 15:15:51',1,'','default'),(3,'2012-05-16 15:18:07',1,'','default'),(4,'2012-05-16 15:18:12',1,'','default'),(5,'2012-05-16 15:18:22',1,'','default'),(6,'2012-05-17 13:35:32',NULL,'','default'),(7,'2012-05-22 14:21:45',1,'','default'),(8,'2012-05-22 14:22:05',1,'','default'),(9,'2012-05-22 15:18:11',1,'','default'),(10,'2012-05-23 10:27:45',1,'','default'),(11,'2012-05-23 12:09:09',NULL,'','default'),(12,'2012-05-23 12:12:14',NULL,'','default'),(13,'2012-05-23 12:15:07',1,'','default'),(14,'2012-05-23 12:18:28',1,'','default'),(15,'2012-05-23 12:19:22',1,'','default'),(16,'2012-05-23 12:20:09',1,'','default'),(17,'2012-05-23 13:22:54',NULL,'','default'),(18,'2012-05-23 13:31:18',NULL,'','default'),(19,'2012-05-23 13:33:41',NULL,'','default'),(20,'2012-05-23 13:35:52',NULL,'','default'),(21,'2012-05-24 10:19:07',7,'','default'),(22,'2012-05-24 10:22:58',1,'','default'),(23,'2012-05-24 10:24:01',1,'','default'),(24,'2012-05-24 10:24:34',1,'','default'),(25,'2012-05-24 10:40:31',1,'','default'),(26,'2012-05-29 16:11:11',19,'','default'),(27,'2012-05-30 07:42:27',NULL,'','default'),(28,'2012-05-30 13:25:23',NULL,'','default'),(29,'2012-05-31 09:45:00',1,'','default'),(30,'2012-06-06 10:25:39',1,'','default'),(31,'2012-06-22 12:02:09',1,'','default'),(32,'2012-06-22 12:02:43',1,'','default'),(33,'2012-07-19 19:04:33',1,'','default'),(34,'2012-07-19 19:05:34',1,'','default');
/*!40000 ALTER TABLE `reversion_revision` ENABLE KEYS */;
UNLOCK TABLES;

--
-- Table structure for table `reversion_version`
--

DROP TABLE IF EXISTS `reversion_version`;
/*!40101 SET @saved_cs_client     = @@character_set_client */;
/*!40101 SET character_set_client = utf8 */;
CREATE TABLE `reversion_version` (
  `id` int(11) NOT NULL AUTO_INCREMENT,
  `revision_id` int(11) NOT NULL,
  `object_id` longtext NOT NULL,
  `content_type_id` int(11) NOT NULL,
  `format` varchar(255) NOT NULL,
  `serialized_data` longtext NOT NULL,
  `object_repr` longtext NOT NULL,
  `type` smallint(5) unsigned NOT NULL,
  `object_id_int` int(11),
  PRIMARY KEY (`id`),
  KEY `reversion_version_202bdc7f` (`revision_id`),
  KEY `reversion_version_e4470c6e` (`content_type_id`),
  KEY `reversion_version_f0bd6439` (`type`),
  KEY `reversion_version_5e8037c5` (`object_id_int`)
) ENGINE=MyISAM AUTO_INCREMENT=121 DEFAULT CHARSET=latin1;
/*!40101 SET character_set_client = @saved_cs_client */;

--
-- Dumping data for table `reversion_version`
--

LOCK TABLES `reversion_version` WRITE;
/*!40000 ALTER TABLE `reversion_version` DISABLE KEYS */;
INSERT INTO `reversion_version` VALUES (1,1,'9317c9a0-a2f9-45a8-a425-3b8ff4ffac26',23,'json','[{\"pk\": \"9317c9a0-a2f9-45a8-a425-3b8ff4ffac26\", \"model\": \"organization.organization\", \"fields\": {\"comment\": \"\", \"provided_type\": [], \"photo\": \"\", \"city_inscription\": \"\", \"visible\": true, \"last_id_record\": 0, \"environment\": null, \"person_type\": null, \"management\": null, \"contact_owner\": null, \"unit_type\": null, \"source\": null, \"trade_name\": \"teste\", \"public\": true, \"state_inscription\": \"\", \"short_name\": \"tes\", \"active\": true, \"register_number\": \"\", \"name\": \"teste\", \"cnes\": \"\", \"dependence\": null, \"activity\": null, \"organization\": null}}]','teste',2,NULL),(2,1,'da5f3e49-66bb-45ea-a363-e198d73a8bc9',43,'json','[{\"pk\": \"da5f3e49-66bb-45ea-a363-e198d73a8bc9\", \"model\": \"place.room\", \"fields\": {\"description\": \"Sala 1\", \"comments\": \"\", \"dimension\": \"\", \"place\": \"6d22b793-8d05-453c-9d03-f2efe21348a2\", \"active\": true, \"room_type\": 1, \"furniture\": \"\"}}]','Sala 1',2,NULL),(3,1,'6d22b793-8d05-453c-9d03-f2efe21348a2',41,'json','[{\"pk\": \"6d22b793-8d05-453c-9d03-f2efe21348a2\", \"model\": \"place.place\", \"fields\": {\"active\": true, \"organization\": \"9317c9a0-a2f9-45a8-a425-3b8ff4ffac26\", \"comments\": null, \"place_type\": 1, \"label\": \"teste\"}}]','teste',2,NULL),(4,2,'2906981b-e725-4252-aaf4-21dfe07c73d9',78,'json','[{\"pk\": \"2906981b-e725-4252-aaf4-21dfe07c73d9\", \"model\": \"address.address\", \"fields\": {\"city\": 144, \"addressType\": 2, \"neighborhood\": \"\", \"content_type\": 80, \"foreignCity\": \"\", \"addressPrefix\": \"\", \"zipCode\": \"12345-234\", \"object_id\": \"d803b0bf-34f1-4b4c-adcc-629ee7d2c1b5\", \"foreignState\": \"\", \"addressLine2\": \"\", \"addressNumber\": \"98765\", \"addressLine1\": \"R Quack\", \"foreignCountry\": null}}]',' R Quack 98765 <br />12345-234  ABAETETUBA PA Brasil (Comercial)',2,NULL),(5,2,'dcf30a28-e455-42c1-8c1d-af5f9ad5214c',39,'json','[{\"pk\": \"dcf30a28-e455-42c1-8c1d-af5f9ad5214c\", \"model\": \"careprofessional.careprofessional\", \"fields\": {\"active\": true, \"professionalIdentification\": \"4d701bbf-94ef-4b4d-964f-86ac52fd1979\", \"professionalProfile\": \"3c09cef9-8a22-4e7d-852b-93dac4ac639b\", \"comments\": null, \"person\": \"d803b0bf-34f1-4b4c-adcc-629ee7d2c1b5\"}}]','Jayme',2,NULL),(6,2,'c6b4d476-7f57-4b64-811f-6ed874411b56',73,'json','[{\"pk\": \"c6b4d476-7f57-4b64-811f-6ed874411b56\", \"model\": \"phone.phone\", \"fields\": {\"area\": \"11\", \"object_id\": \"d803b0bf-34f1-4b4c-adcc-629ee7d2c1b5\", \"ext\": \"\", \"phoneNumber\": \"1111-1111\", \"phoneType\": 2, \"content_type\": 80}}]','(11) 1111-1111 Comercial',2,NULL),(7,3,'50e8021d-9031-4f9c-b2fc-40dd32422200',23,'json','[{\"pk\": \"50e8021d-9031-4f9c-b2fc-40dd32422200\", \"model\": \"organization.organization\", \"fields\": {\"comment\": \"\", \"provided_type\": [], \"photo\": \"\", \"city_inscription\": \"\", \"visible\": true, \"last_id_record\": 0, \"environment\": null, \"person_type\": null, \"management\": null, \"contact_owner\": null, \"unit_type\": null, \"source\": null, \"trade_name\": \"teste\", \"public\": true, \"state_inscription\": \"\", \"short_name\": \"tes\", \"active\": true, \"register_number\": \"\", \"name\": \"teste\", \"cnes\": \"\", \"dependence\": null, \"activity\": null, \"organization\": null}}]','teste',2,NULL),(8,3,'4a418eae-d312-4d88-8679-cc0f2884af2a',43,'json','[{\"pk\": \"4a418eae-d312-4d88-8679-cc0f2884af2a\", \"model\": \"place.room\", \"fields\": {\"description\": \"Sala 1\", \"comments\": \"\", \"dimension\": \"\", \"place\": \"37a69574-adb3-4da0-91e3-cde74b3b69bc\", \"active\": true, \"room_type\": 1, \"furniture\": \"\"}}]','Sala 1',2,NULL),(9,3,'37a69574-adb3-4da0-91e3-cde74b3b69bc',41,'json','[{\"pk\": \"37a69574-adb3-4da0-91e3-cde74b3b69bc\", \"model\": \"place.place\", \"fields\": {\"active\": true, \"organization\": \"50e8021d-9031-4f9c-b2fc-40dd32422200\", \"comments\": null, \"place_type\": 1, \"label\": \"teste\"}}]','teste',2,NULL),(10,4,'a4dd2505-a8d5-4849-b188-e6bdde758719',78,'json','[{\"pk\": \"a4dd2505-a8d5-4849-b188-e6bdde758719\", \"model\": \"address.address\", \"fields\": {\"city\": 880, \"addressType\": 2, \"neighborhood\": \"\", \"content_type\": 80, \"foreignCity\": \"\", \"addressPrefix\": \"\", \"zipCode\": \"12345-234\", \"object_id\": \"67a80a4e-9a42-48be-86d8-3e925c6faf53\", \"foreignState\": \"\", \"addressLine2\": \"\", \"addressNumber\": \"98765\", \"addressLine1\": \"R Quack\", \"foreignCountry\": null}}]',' R Quack 98765 <br />12345-234  ACARAPÉ CE Brasil (Comercial)',2,NULL),(11,4,'c72903c5-6353-4193-9476-811d6da60c3d',73,'json','[{\"pk\": \"c72903c5-6353-4193-9476-811d6da60c3d\", \"model\": \"phone.phone\", \"fields\": {\"area\": \"11\", \"object_id\": \"67a80a4e-9a42-48be-86d8-3e925c6faf53\", \"ext\": \"\", \"phoneNumber\": \"1111-1111\", \"phoneType\": 2, \"content_type\": 80}}]','(11) 1111-1111 Comercial',2,NULL),(12,4,'c4579ba8-9cc1-4dc2-a704-2d94cc968d26',39,'json','[{\"pk\": \"c4579ba8-9cc1-4dc2-a704-2d94cc968d26\", \"model\": \"careprofessional.careprofessional\", \"fields\": {\"active\": true, \"professionalIdentification\": \"2789759d-e3df-4928-a0f6-92a83b320eda\", \"professionalProfile\": \"b196b78b-a1ba-41b7-9a10-3aa085e38ad4\", \"comments\": null, \"person\": \"67a80a4e-9a42-48be-86d8-3e925c6faf53\"}}]','Jayme',2,NULL),(13,5,'9054022b-0570-49a1-997e-b3503defe251',78,'json','[{\"pk\": \"9054022b-0570-49a1-997e-b3503defe251\", \"model\": \"address.address\", \"fields\": {\"city\": 880, \"addressType\": 2, \"neighborhood\": \"\", \"content_type\": 80, \"foreignCity\": \"\", \"addressPrefix\": \"\", \"zipCode\": \"12345-234\", \"object_id\": \"30633471-7140-4e02-86ef-f6942c9aecac\", \"foreignState\": \"\", \"addressLine2\": \"\", \"addressNumber\": \"98765\", \"addressLine1\": \"R Quack\", \"foreignCountry\": null}}]',' R Quack 98765 <br />12345-234  ACARAPÉ CE Brasil (Comercial)',0,NULL),(14,5,'2b0f4089-3c6b-493a-baca-6d683a9d511c',41,'json','[{\"pk\": \"2b0f4089-3c6b-493a-baca-6d683a9d511c\", \"model\": \"place.place\", \"fields\": {\"active\": true, \"organization\": \"721f6e5a-556f-450e-aed1-37f675a8638b\", \"comments\": null, \"place_type\": 1, \"label\": \"teste\"}}]','teste',0,NULL),(15,5,'c959cd8a-5d4a-4599-89dd-e945558b844a',35,'json','[{\"pk\": \"c959cd8a-5d4a-4599-89dd-e945558b844a\", \"model\": \"careprofessional.professionalprofile\", \"fields\": {\"initialProfessionalActivities\": null, \"availableTime\": null, \"profession\": null, \"agreement\": [], \"academicResume\": null, \"workplace\": [], \"services\": null}}]','jayme',0,NULL),(16,5,'d0b0df6d-4aa1-4e6b-9170-9aef925f5d3e',39,'json','[{\"pk\": \"d0b0df6d-4aa1-4e6b-9170-9aef925f5d3e\", \"model\": \"careprofessional.careprofessional\", \"fields\": {\"active\": true, \"professionalIdentification\": \"18e70d43-31e4-4c2f-aee1-9efc89ae25ad\", \"professionalProfile\": \"c959cd8a-5d4a-4599-89dd-e945558b844a\", \"comments\": null, \"person\": \"30633471-7140-4e02-86ef-f6942c9aecac\"}}]','Jayme',0,NULL),(17,5,'18e70d43-31e4-4c2f-aee1-9efc89ae25ad',37,'json','[{\"pk\": \"18e70d43-31e4-4c2f-aee1-9efc89ae25ad\", \"model\": \"careprofessional.professionalidentification\", \"fields\": {\"registerNumber\": null, \"profession\": null}}]','jayme',0,NULL),(18,5,'484cc6fd-3fe8-4f70-914c-80c9987f49b5',43,'json','[{\"pk\": \"484cc6fd-3fe8-4f70-914c-80c9987f49b5\", \"model\": \"place.room\", \"fields\": {\"description\": \"Sala 1\", \"comments\": \"\", \"dimension\": \"\", \"place\": \"2b0f4089-3c6b-493a-baca-6d683a9d511c\", \"active\": true, \"room_type\": 1, \"furniture\": \"\"}}]','Sala 1',0,NULL),(19,5,'721f6e5a-556f-450e-aed1-37f675a8638b',23,'json','[{\"pk\": \"721f6e5a-556f-450e-aed1-37f675a8638b\", \"model\": \"organization.organization\", \"fields\": {\"comment\": \"\", \"provided_type\": [], \"photo\": \"\", \"city_inscription\": \"\", \"visible\": true, \"last_id_record\": 0, \"environment\": null, \"person_type\": null, \"management\": null, \"contact_owner\": null, \"unit_type\": null, \"source\": null, \"trade_name\": \"teste\", \"public\": true, \"state_inscription\": \"\", \"short_name\": \"tes\", \"active\": true, \"register_number\": \"\", \"name\": \"teste\", \"cnes\": \"\", \"dependence\": null, \"activity\": null, \"organization\": null}}]','teste',0,NULL),(20,5,'38d8186d-acc1-4ac5-8d4f-d1dab18a97b5',73,'json','[{\"pk\": \"38d8186d-acc1-4ac5-8d4f-d1dab18a97b5\", \"model\": \"phone.phone\", \"fields\": {\"area\": \"11\", \"object_id\": \"30633471-7140-4e02-86ef-f6942c9aecac\", \"ext\": \"\", \"phoneNumber\": \"1111-1111\", \"phoneType\": 2, \"content_type\": 80}}]','(11) 1111-1111 Comercial',0,NULL),(21,6,'16f5139e-a28d-4f2a-b35a-132e53d2e7c9',37,'json','[{\"pk\": \"16f5139e-a28d-4f2a-b35a-132e53d2e7c9\", \"model\": \"careprofessional.professionalidentification\", \"fields\": {\"registerNumber\": null, \"profession\": null}}]','Admin',0,NULL),(22,6,'546a06d3-e9eb-4b24-95d7-9d1835046adb',39,'json','[{\"pk\": \"546a06d3-e9eb-4b24-95d7-9d1835046adb\", \"model\": \"careprofessional.careprofessional\", \"fields\": {\"active\": true, \"professionalIdentification\": \"16f5139e-a28d-4f2a-b35a-132e53d2e7c9\", \"professionalProfile\": \"f7dd5ecc-84e7-4d50-b005-65cfb05b6de7\", \"comments\": null, \"person\": \"95483726-1c17-4fe9-8636-2f8fc24d4806\"}}]','Admin',0,NULL),(23,6,'cf171d45-98ec-4fce-8611-7255f6159cfe',73,'json','[{\"pk\": \"cf171d45-98ec-4fce-8611-7255f6159cfe\", \"model\": \"phone.phone\", \"fields\": {\"area\": \"22\", \"object_id\": \"95483726-1c17-4fe9-8636-2f8fc24d4806\", \"ext\": \"\", \"phoneNumber\": \"2222-2222\", \"phoneType\": 2, \"content_type\": 80}}]','(22) 2222-2222 Comercial',0,NULL),(24,6,'f681698f-ae5b-4878-8730-f838b4a7c379',78,'json','[{\"pk\": \"f681698f-ae5b-4878-8730-f838b4a7c379\", \"model\": \"address.address\", \"fields\": {\"city\": 887, \"addressType\": 2, \"neighborhood\": \"\", \"content_type\": 80, \"foreignCity\": \"\", \"addressPrefix\": \"\", \"zipCode\": \"333333333\", \"object_id\": \"95483726-1c17-4fe9-8636-2f8fc24d4806\", \"foreignState\": \"\", \"addressLine2\": \"\", \"addressNumber\": \"33\", \"addressLine1\": \"r67\", \"foreignCountry\": null}}]',' r67 33 <br />333333333  AMONTADA CE Brasil (Comercial)',0,NULL),(25,6,'3653b900-a663-4c7c-a38e-bffaf690359e',41,'json','[{\"pk\": \"3653b900-a663-4c7c-a38e-bffaf690359e\", \"model\": \"place.place\", \"fields\": {\"active\": true, \"organization\": \"2e38694c-1e89-492f-97b1-19d8b12cdac8\", \"comments\": null, \"place_type\": 1, \"label\": \"teste10\"}}]','teste10',0,NULL),(26,6,'f7dd5ecc-84e7-4d50-b005-65cfb05b6de7',35,'json','[{\"pk\": \"f7dd5ecc-84e7-4d50-b005-65cfb05b6de7\", \"model\": \"careprofessional.professionalprofile\", \"fields\": {\"initialProfessionalActivities\": null, \"availableTime\": null, \"profession\": null, \"agreement\": [], \"academicResume\": null, \"workplace\": [], \"services\": null}}]','Admin',0,NULL),(27,6,'b8332298-a752-4589-8eb4-be3637d47dd5',43,'json','[{\"pk\": \"b8332298-a752-4589-8eb4-be3637d47dd5\", \"model\": \"place.room\", \"fields\": {\"description\": \"Sala 1\", \"comments\": \"\", \"dimension\": \"\", \"place\": \"3653b900-a663-4c7c-a38e-bffaf690359e\", \"active\": true, \"room_type\": 1, \"furniture\": \"\"}}]','Sala 1',0,NULL),(28,6,'2e38694c-1e89-492f-97b1-19d8b12cdac8',23,'json','[{\"pk\": \"2e38694c-1e89-492f-97b1-19d8b12cdac8\", \"model\": \"organization.organization\", \"fields\": {\"comment\": \"\", \"provided_type\": [], \"photo\": \"\", \"city_inscription\": \"\", \"visible\": true, \"last_id_record\": 0, \"environment\": null, \"person_type\": null, \"management\": null, \"contact_owner\": null, \"unit_type\": null, \"source\": null, \"trade_name\": \"teste10\", \"public\": true, \"state_inscription\": \"\", \"short_name\": \"tes10\", \"active\": true, \"register_number\": \"\", \"name\": \"teste10\", \"cnes\": \"\", \"dependence\": null, \"activity\": null, \"organization\": null}}]','teste10',0,NULL),(29,7,'2',127,'json','[{\"pk\": 2, \"model\": \"boleto.bradescobilletdata\", \"fields\": {\"enderecosacaval_bairro\": \"Canto\", \"enderecosacaval_logradouro\": \"Rua Meia D\\u00fazia\", \"cedente_cnpj\": \"00.000.000/0000-00\", \"cedente_nome\": \"GestorPsi\", \"contabancaria_numerodaconta_digito\": \"0\", \"enderecosacaval_cep\": \"11111-111\", \"contabancaria_numerodaconta\": \"123456\", \"contabancaria_agencia\": \"1234\", \"contabancaria_carteira\": 30, \"enderecosacaval_numero\": \"580\", \"enderecosacaval_localidade\": 3247, \"enderecosacaval_uf\": 24, \"titulo_nossonumero\": \"1111111111111\", \"sacadoravalista_nome\": \"Oliver Prado\", \"contabancaria_agencia_digito\": \"1\", \"titulo_digitodonossonumero\": \"1\", \"sacadoravalista_cnpj\": \"00.000.000/0000-00\"}}]','GestorPsi',0,2),(30,8,'2',127,'json','[{\"pk\": 2, \"model\": \"boleto.bradescobilletdata\", \"fields\": {\"enderecosacaval_bairro\": \"Canto\", \"enderecosacaval_logradouro\": \"Rua Meia D\\u00fazia\", \"cedente_cnpj\": \"00.000.000/0000-00\", \"cedente_nome\": \"GestorPsi\", \"contabancaria_numerodaconta_digito\": \"0\", \"enderecosacaval_cep\": \"11111-111\", \"contabancaria_numerodaconta\": \"123456\", \"contabancaria_agencia\": \"1234\", \"contabancaria_carteira\": 7, \"enderecosacaval_numero\": \"580\", \"enderecosacaval_localidade\": 3247, \"enderecosacaval_uf\": 24, \"titulo_nossonumero\": \"111111111111111111\", \"sacadoravalista_nome\": \"Oliver Prado\", \"contabancaria_agencia_digito\": \"1\", \"titulo_digitodonossonumero\": \"1\", \"sacadoravalista_cnpj\": \"00.000.000/0000-00\"}}]','GestorPsi',1,2),(31,9,'1',127,'json','[{\"pk\": 1, \"model\": \"boleto.bradescobilletdata\", \"fields\": {\"enderecosacaval_bairro\": \"Canto\", \"enderecosacaval_logradouro\": \"Rua Meia D\\u00fazia\", \"cedente_cnpj\": \"00.000.000/0000-00\", \"cedente_nome\": \"GestorPsi\", \"contabancaria_numerodaconta_digito\": \"0\", \"enderecosacaval_cep\": \"11111-111\", \"contabancaria_numerodaconta\": \"123456\", \"contabancaria_agencia\": \"1234\", \"contabancaria_carteira\": 30, \"enderecosacaval_numero\": \"580\", \"enderecosacaval_localidade\": 3259, \"enderecosacaval_uf\": 24, \"titulo_nossonumero\": \"1111111111111\", \"sacadoravalista_nome\": \"Oliver Prado\", \"contabancaria_agencia_digito\": \"1\", \"titulo_digitodonossonumero\": \"1\", \"sacadoravalista_cnpj\": \"00.000.000/0000-00\"}}]','GestorPsi',0,1),(32,10,'1',127,'json','[{\"pk\": 1, \"model\": \"boleto.bradescobilletdata\", \"fields\": {\"enderecosacaval_bairro\": \"Canto\", \"enderecosacaval_logradouro\": \"Rua Meia D\\u00fazia\", \"cedente_cnpj\": \"00.000.000/0000-00\", \"cedente_nome\": \"GestorPsi\", \"contabancaria_numerodaconta_digito\": \"0\", \"enderecosacaval_cep\": \"11111-111\", \"contabancaria_numerodaconta\": \"123456\", \"contabancaria_agencia\": \"1234\", \"contabancaria_carteira\": 30, \"enderecosacaval_numero\": \"580\", \"enderecosacaval_localidade\": 3259, \"enderecosacaval_uf\": 24, \"titulo_nossonumero\": \"11111111111\", \"sacadoravalista_nome\": \"Oliver Prado\", \"contabancaria_agencia_digito\": \"1\", \"titulo_digitodonossonumero\": \"1\", \"sacadoravalista_cnpj\": \"00.000.000/0000-00\"}}]','GestorPsi',1,1),(33,11,'1ce31a54-225f-4c95-9e3a-b9a80165d8c4',43,'json','[{\"pk\": \"1ce31a54-225f-4c95-9e3a-b9a80165d8c4\", \"model\": \"place.room\", \"fields\": {\"description\": \"Sala 1\", \"comments\": \"\", \"dimension\": \"\", \"place\": \"039a3543-c0b8-4278-812b-2489d9ef91a2\", \"active\": true, \"room_type\": 1, \"furniture\": \"\"}}]','Sala 1',0,NULL),(34,11,'8299a2c1-bba1-4da6-8caf-fe69f0f83f04',39,'json','[{\"pk\": \"8299a2c1-bba1-4da6-8caf-fe69f0f83f04\", \"model\": \"careprofessional.careprofessional\", \"fields\": {\"active\": true, \"professionalIdentification\": \"16894fb4-c77b-4c71-b988-9ad5c2cef635\", \"professionalProfile\": \"79008d18-1873-4d5f-a615-4499e212a8e8\", \"comments\": null, \"person\": \"7ce5fd6c-5428-4eb7-8901-3173c726624a\"}}]','Jayme',0,NULL),(35,11,'79008d18-1873-4d5f-a615-4499e212a8e8',35,'json','[{\"pk\": \"79008d18-1873-4d5f-a615-4499e212a8e8\", \"model\": \"careprofessional.professionalprofile\", \"fields\": {\"initialProfessionalActivities\": null, \"availableTime\": null, \"profession\": null, \"agreement\": [], \"academicResume\": null, \"workplace\": [], \"services\": null}}]','jayme',0,NULL),(36,11,'039a3543-c0b8-4278-812b-2489d9ef91a2',41,'json','[{\"pk\": \"039a3543-c0b8-4278-812b-2489d9ef91a2\", \"model\": \"place.place\", \"fields\": {\"active\": true, \"organization\": \"6ad6059f-4cce-4485-930e-d00edf88a72f\", \"comments\": null, \"place_type\": 1, \"label\": \"teste265\"}}]','teste265',0,NULL),(37,11,'dd0efb0e-658f-410e-840b-8d9931303194',78,'json','[{\"pk\": \"dd0efb0e-658f-410e-840b-8d9931303194\", \"model\": \"address.address\", \"fields\": {\"city\": 1816, \"addressType\": 2, \"neighborhood\": \"\", \"content_type\": 80, \"foreignCity\": \"\", \"addressPrefix\": \"\", \"zipCode\": \"11111111\", \"object_id\": \"7ce5fd6c-5428-4eb7-8901-3173c726624a\", \"foreignState\": \"\", \"addressLine2\": \"\", \"addressNumber\": \"1111\", \"addressLine1\": \"111\", \"foreignCountry\": null}}]',' 111 1111 <br />11111111  ALCOBAÇA BA Brasil (Comercial)',0,NULL),(38,11,'c743d100-10c0-44c5-8ff6-a2c292cddfe3',73,'json','[{\"pk\": \"c743d100-10c0-44c5-8ff6-a2c292cddfe3\", \"model\": \"phone.phone\", \"fields\": {\"area\": \"11\", \"object_id\": \"7ce5fd6c-5428-4eb7-8901-3173c726624a\", \"ext\": \"\", \"phoneNumber\": \"1111-1111\", \"phoneType\": 2, \"content_type\": 80}}]','(11) 1111-1111 Comercial',0,NULL),(39,11,'6ad6059f-4cce-4485-930e-d00edf88a72f',23,'json','[{\"pk\": \"6ad6059f-4cce-4485-930e-d00edf88a72f\", \"model\": \"organization.organization\", \"fields\": {\"comment\": \"\", \"provided_type\": [], \"photo\": \"\", \"city_inscription\": \"\", \"visible\": true, \"last_id_record\": 0, \"environment\": null, \"person_type\": null, \"management\": null, \"contact_owner\": null, \"unit_type\": null, \"source\": null, \"trade_name\": \"teste265\", \"public\": true, \"state_inscription\": \"\", \"short_name\": \"t65\", \"active\": true, \"register_number\": \"\", \"name\": \"teste265\", \"cnes\": \"\", \"dependence\": null, \"activity\": null, \"organization\": null}}]','teste265',0,NULL),(40,11,'16894fb4-c77b-4c71-b988-9ad5c2cef635',37,'json','[{\"pk\": \"16894fb4-c77b-4c71-b988-9ad5c2cef635\", \"model\": \"careprofessional.professionalidentification\", \"fields\": {\"registerNumber\": null, \"profession\": null}}]','jayme',0,NULL),(41,12,'d7f939e6-c850-4817-83b7-d886563e96b2',39,'json','[{\"pk\": \"d7f939e6-c850-4817-83b7-d886563e96b2\", \"model\": \"careprofessional.careprofessional\", \"fields\": {\"active\": true, \"professionalIdentification\": \"76110cdf-6b96-42fa-9cc6-d037fe7f7cfe\", \"professionalProfile\": \"019ec31a-af9f-41ca-b29a-c5b005407bff\", \"comments\": null, \"person\": \"e8ed3002-bf97-4538-af34-849b7b223b30\"}}]','Jayme',0,NULL),(42,12,'49b84646-b0ca-449c-9321-cbc549c86980',73,'json','[{\"pk\": \"49b84646-b0ca-449c-9321-cbc549c86980\", \"model\": \"phone.phone\", \"fields\": {\"area\": \"11\", \"object_id\": \"e8ed3002-bf97-4538-af34-849b7b223b30\", \"ext\": \"\", \"phoneNumber\": \"1111-1111\", \"phoneType\": 2, \"content_type\": 80}}]','(11) 1111-1111 Comercial',0,NULL),(43,12,'76110cdf-6b96-42fa-9cc6-d037fe7f7cfe',37,'json','[{\"pk\": \"76110cdf-6b96-42fa-9cc6-d037fe7f7cfe\", \"model\": \"careprofessional.professionalidentification\", \"fields\": {\"registerNumber\": null, \"profession\": null}}]','jayme',0,NULL),(44,12,'019ec31a-af9f-41ca-b29a-c5b005407bff',35,'json','[{\"pk\": \"019ec31a-af9f-41ca-b29a-c5b005407bff\", \"model\": \"careprofessional.professionalprofile\", \"fields\": {\"initialProfessionalActivities\": null, \"availableTime\": null, \"profession\": null, \"agreement\": [], \"academicResume\": null, \"workplace\": [], \"services\": null}}]','jayme',0,NULL),(45,12,'f7ebae60-17c3-4ab9-9faa-473977e875b1',23,'json','[{\"pk\": \"f7ebae60-17c3-4ab9-9faa-473977e875b1\", \"model\": \"organization.organization\", \"fields\": {\"comment\": \"\", \"provided_type\": [], \"photo\": \"\", \"city_inscription\": \"\", \"visible\": true, \"last_id_record\": 0, \"environment\": null, \"person_type\": null, \"management\": null, \"contact_owner\": null, \"unit_type\": null, \"source\": null, \"trade_name\": \"teste2656\", \"public\": true, \"state_inscription\": \"\", \"short_name\": \"t656\", \"active\": true, \"register_number\": \"\", \"name\": \"teste2656\", \"cnes\": \"\", \"dependence\": null, \"activity\": null, \"organization\": null}}]','teste2656',0,NULL),(46,12,'48565308-6daa-41b1-bd16-27e0bf35031e',41,'json','[{\"pk\": \"48565308-6daa-41b1-bd16-27e0bf35031e\", \"model\": \"place.place\", \"fields\": {\"active\": true, \"organization\": \"f7ebae60-17c3-4ab9-9faa-473977e875b1\", \"comments\": null, \"place_type\": 1, \"label\": \"teste2656\"}}]','teste2656',0,NULL),(47,12,'23675874-5255-4a43-8b04-78c896e39b07',78,'json','[{\"pk\": \"23675874-5255-4a43-8b04-78c896e39b07\", \"model\": \"address.address\", \"fields\": {\"city\": 1816, \"addressType\": 2, \"neighborhood\": \"\", \"content_type\": 80, \"foreignCity\": \"\", \"addressPrefix\": \"\", \"zipCode\": \"11111111\", \"object_id\": \"e8ed3002-bf97-4538-af34-849b7b223b30\", \"foreignState\": \"\", \"addressLine2\": \"\", \"addressNumber\": \"1111\", \"addressLine1\": \"111\", \"foreignCountry\": null}}]',' 111 1111 <br />11111111  ALCOBAÇA BA Brasil (Comercial)',0,NULL),(48,12,'a93dab44-c21a-4281-9120-4c484bbf1f08',43,'json','[{\"pk\": \"a93dab44-c21a-4281-9120-4c484bbf1f08\", \"model\": \"place.room\", \"fields\": {\"description\": \"Sala 1\", \"comments\": \"\", \"dimension\": \"\", \"place\": \"48565308-6daa-41b1-bd16-27e0bf35031e\", \"active\": true, \"room_type\": 1, \"furniture\": \"\"}}]','Sala 1',0,NULL),(49,13,'1',127,'json','[{\"pk\": 1, \"model\": \"boleto.bradescobilletdata\", \"fields\": {\"enderecosacaval_bairro\": \"Canto\", \"enderecosacaval_logradouro\": \"Rua Meia D\\u00fazia\", \"cedente_cnpj\": \"00.000.000/0000-00\", \"cedente_nome\": \"GestorPsi\", \"contabancaria_numerodaconta_digito\": \"0\", \"enderecosacaval_cep\": \"11111-111\", \"contabancaria_numerodaconta\": \"123456\", \"contabancaria_agencia\": \"1234\", \"contabancaria_carteira\": 30, \"enderecosacaval_numero\": \"580\", \"enderecosacaval_localidade\": 3259, \"enderecosacaval_uf\": 24, \"titulo_nossonumero\": \"11111111111\", \"sacadoravalista_nome\": \"Oliver Prado\", \"contabancaria_agencia_digito\": \"1\", \"titulo_digitodonossonumero\": \"1\", \"sacadoravalista_cnpj\": \"00.000.000/0000-00\"}}]','GestorPsi',1,1),(50,14,'1',127,'json','[{\"pk\": 1, \"model\": \"boleto.bradescobilletdata\", \"fields\": {\"enderecosacaval_bairro\": \"Canto\", \"enderecosacaval_logradouro\": \"Rua Meia D\\u00fazia\", \"cedente_cnpj\": \"00.000.208/0001-00\", \"cedente_nome\": \"GestorPsi\", \"contabancaria_numerodaconta_digito\": \"0\", \"enderecosacaval_cep\": \"11111-111\", \"contabancaria_numerodaconta\": \"123456\", \"contabancaria_agencia\": \"1234\", \"contabancaria_carteira\": 30, \"enderecosacaval_numero\": \"580\", \"enderecosacaval_localidade\": 3259, \"enderecosacaval_uf\": 24, \"titulo_nossonumero\": \"11111111111\", \"sacadoravalista_nome\": \"Oliver Prado\", \"contabancaria_agencia_digito\": \"1\", \"titulo_digitodonossonumero\": \"1\", \"sacadoravalista_cnpj\": \"00.000.000/0000-00\"}}]','GestorPsi',1,1),(51,15,'1',127,'json','[{\"pk\": 1, \"model\": \"boleto.bradescobilletdata\", \"fields\": {\"enderecosacaval_bairro\": \"Canto\", \"enderecosacaval_logradouro\": \"Rua Meia D\\u00fazia\", \"cedente_cnpj\": \"00.000.208/0001-00\", \"cedente_nome\": \"GestorPsi\", \"contabancaria_numerodaconta_digito\": \"0\", \"enderecosacaval_cep\": \"11111-111\", \"contabancaria_numerodaconta\": \"123456\", \"contabancaria_agencia\": \"1234\", \"contabancaria_carteira\": 30, \"enderecosacaval_numero\": \"580\", \"enderecosacaval_localidade\": 3259, \"enderecosacaval_uf\": 24, \"titulo_nossonumero\": \"11111111111\", \"sacadoravalista_nome\": \"Oliver Prado\", \"contabancaria_agencia_digito\": \"1\", \"titulo_digitodonossonumero\": \"1\", \"sacadoravalista_cnpj\": \"00.000.208/0001-00\"}}]','GestorPsi',1,1),(52,16,'1',127,'json','[{\"pk\": 1, \"model\": \"boleto.bradescobilletdata\", \"fields\": {\"enderecosacaval_bairro\": \"Canto\", \"enderecosacaval_logradouro\": \"Rua Meia D\\u00fazia\", \"cedente_cnpj\": \"00.000.208/0001-00\", \"cedente_nome\": \"GestorPsi\", \"contabancaria_numerodaconta_digito\": \"0\", \"enderecosacaval_cep\": \"11111-111\", \"contabancaria_numerodaconta\": \"123456\", \"contabancaria_agencia\": \"1234\", \"contabancaria_carteira\": 30, \"enderecosacaval_numero\": \"580\", \"enderecosacaval_localidade\": 3259, \"enderecosacaval_uf\": 24, \"titulo_nossonumero\": \"11111111111\", \"sacadoravalista_nome\": \"Oliver Prado\", \"contabancaria_agencia_digito\": \"1\", \"titulo_digitodonossonumero\": \"1\", \"sacadoravalista_cnpj\": \"00.000.208/0001-00\"}}]','GestorPsi',1,1),(53,17,'fac15c0a-856c-4efb-9197-9bdf01bbcb00',23,'json','[{\"pk\": \"fac15c0a-856c-4efb-9197-9bdf01bbcb00\", \"model\": \"organization.organization\", \"fields\": {\"comment\": \"\", \"provided_type\": [], \"photo\": \"\", \"city_inscription\": \"\", \"visible\": true, \"last_id_record\": 0, \"environment\": null, \"person_type\": null, \"management\": null, \"contact_owner\": null, \"unit_type\": null, \"source\": null, \"trade_name\": \".doois.2\", \"public\": true, \"state_inscription\": \"\", \"short_name\": \"22\", \"active\": true, \"register_number\": \"\", \"name\": \".doois.2\", \"cnes\": \"\", \"dependence\": null, \"activity\": null, \"organization\": null}}]','.doois.2',0,NULL),(54,17,'b50c2961-4f3b-4451-9227-934e3e520f09',37,'json','[{\"pk\": \"b50c2961-4f3b-4451-9227-934e3e520f09\", \"model\": \"careprofessional.professionalidentification\", \"fields\": {\"registerNumber\": null, \"profession\": null}}]','jayme_n',0,NULL),(55,17,'f1357ad2-618c-4ab6-bdcb-89b821b826a9',39,'json','[{\"pk\": \"f1357ad2-618c-4ab6-bdcb-89b821b826a9\", \"model\": \"careprofessional.careprofessional\", \"fields\": {\"active\": true, \"professionalIdentification\": \"b50c2961-4f3b-4451-9227-934e3e520f09\", \"professionalProfile\": \"8d4b449d-e03e-4c50-81ef-283f01712e98\", \"comments\": null, \"person\": \"937489f2-243a-47f8-bd6e-e228dc051951\"}}]','Jayme_N',0,NULL),(56,17,'8d4b449d-e03e-4c50-81ef-283f01712e98',35,'json','[{\"pk\": \"8d4b449d-e03e-4c50-81ef-283f01712e98\", \"model\": \"careprofessional.professionalprofile\", \"fields\": {\"initialProfessionalActivities\": null, \"availableTime\": null, \"profession\": null, \"agreement\": [], \"academicResume\": null, \"workplace\": [], \"services\": null}}]','jayme_n',0,NULL),(57,17,'e1026bdb-3750-4207-bb70-c4bc08a0c187',78,'json','[{\"pk\": \"e1026bdb-3750-4207-bb70-c4bc08a0c187\", \"model\": \"address.address\", \"fields\": {\"city\": 1240, \"addressType\": 2, \"neighborhood\": \"\", \"content_type\": 80, \"foreignCity\": \"\", \"addressPrefix\": \"\", \"zipCode\": \"11111111\", \"object_id\": \"937489f2-243a-47f8-bd6e-e228dc051951\", \"foreignState\": \"\", \"addressLine2\": \"\", \"addressNumber\": \"111\", \"addressLine1\": \"11\", \"foreignCountry\": null}}]',' 11 111 <br />11111111  AREIA PB Brasil (Comercial)',0,NULL),(58,17,'350d2bd7-b42e-4ca5-a619-e7e3d77fe5ee',43,'json','[{\"pk\": \"350d2bd7-b42e-4ca5-a619-e7e3d77fe5ee\", \"model\": \"place.room\", \"fields\": {\"description\": \"Sala 1\", \"comments\": \"\", \"dimension\": \"\", \"place\": \"85c79655-1a05-4680-862b-1e7c6b0aaa6f\", \"active\": true, \"room_type\": 1, \"furniture\": \"\"}}]','Sala 1',0,NULL),(59,17,'85c79655-1a05-4680-862b-1e7c6b0aaa6f',41,'json','[{\"pk\": \"85c79655-1a05-4680-862b-1e7c6b0aaa6f\", \"model\": \"place.place\", \"fields\": {\"active\": true, \"organization\": \"fac15c0a-856c-4efb-9197-9bdf01bbcb00\", \"comments\": null, \"place_type\": 1, \"label\": \".doois.2\"}}]','.doois.2',0,NULL),(60,17,'e623cbf9-a000-4661-b714-4070a981331a',73,'json','[{\"pk\": \"e623cbf9-a000-4661-b714-4070a981331a\", \"model\": \"phone.phone\", \"fields\": {\"area\": \"11\", \"object_id\": \"937489f2-243a-47f8-bd6e-e228dc051951\", \"ext\": \"\", \"phoneNumber\": \"1111-1111\", \"phoneType\": 2, \"content_type\": 80}}]','(11) 1111-1111 Comercial',0,NULL),(61,18,'0d771a4c-9348-4cd3-a48e-08ca28928afb',37,'json','[{\"pk\": \"0d771a4c-9348-4cd3-a48e-08ca28928afb\", \"model\": \"careprofessional.professionalidentification\", \"fields\": {\"registerNumber\": null, \"profession\": null}}]','jayme_n',0,NULL),(62,18,'13f4de59-21b8-4b9d-a1da-6ca5e4570d76',41,'json','[{\"pk\": \"13f4de59-21b8-4b9d-a1da-6ca5e4570d76\", \"model\": \"place.place\", \"fields\": {\"active\": true, \"organization\": \"8c64be50-88c6-443d-aa11-417d580dfdb8\", \"comments\": null, \"place_type\": 1, \"label\": \".doois.22\"}}]','.doois.22',0,NULL),(63,18,'99896d09-a3a3-461a-b533-557454394482',43,'json','[{\"pk\": \"99896d09-a3a3-461a-b533-557454394482\", \"model\": \"place.room\", \"fields\": {\"description\": \"Sala 1\", \"comments\": \"\", \"dimension\": \"\", \"place\": \"13f4de59-21b8-4b9d-a1da-6ca5e4570d76\", \"active\": true, \"room_type\": 1, \"furniture\": \"\"}}]','Sala 1',0,NULL),(64,18,'dfc71d6b-1269-4ddf-bdc3-67879dd0b607',39,'json','[{\"pk\": \"dfc71d6b-1269-4ddf-bdc3-67879dd0b607\", \"model\": \"careprofessional.careprofessional\", \"fields\": {\"active\": true, \"professionalIdentification\": \"0d771a4c-9348-4cd3-a48e-08ca28928afb\", \"professionalProfile\": \"462d7f63-c925-48b3-b4fc-fb99c617344d\", \"comments\": null, \"person\": \"7e0b0b5f-f015-4baa-ba78-fab6722015ab\"}}]','Jayme_N',0,NULL),(65,18,'e0eeb190-f9d7-40da-aab6-0bf03a89bcfe',78,'json','[{\"pk\": \"e0eeb190-f9d7-40da-aab6-0bf03a89bcfe\", \"model\": \"address.address\", \"fields\": {\"city\": 1240, \"addressType\": 2, \"neighborhood\": \"\", \"content_type\": 80, \"foreignCity\": \"\", \"addressPrefix\": \"\", \"zipCode\": \"11111111\", \"object_id\": \"7e0b0b5f-f015-4baa-ba78-fab6722015ab\", \"foreignState\": \"\", \"addressLine2\": \"\", \"addressNumber\": \"111\", \"addressLine1\": \"11\", \"foreignCountry\": null}}]',' 11 111 <br />11111111  AREIA PB Brasil (Comercial)',0,NULL),(66,18,'a6e43ca0-bafc-41af-bcfb-cd0b3fae629b',73,'json','[{\"pk\": \"a6e43ca0-bafc-41af-bcfb-cd0b3fae629b\", \"model\": \"phone.phone\", \"fields\": {\"area\": \"11\", \"object_id\": \"7e0b0b5f-f015-4baa-ba78-fab6722015ab\", \"ext\": \"\", \"phoneNumber\": \"1111-1111\", \"phoneType\": 2, \"content_type\": 80}}]','(11) 1111-1111 Comercial',0,NULL),(67,18,'8c64be50-88c6-443d-aa11-417d580dfdb8',23,'json','[{\"pk\": \"8c64be50-88c6-443d-aa11-417d580dfdb8\", \"model\": \"organization.organization\", \"fields\": {\"comment\": \"\", \"provided_type\": [], \"photo\": \"\", \"city_inscription\": \"\", \"visible\": true, \"last_id_record\": 0, \"environment\": null, \"person_type\": null, \"management\": null, \"contact_owner\": null, \"unit_type\": null, \"source\": null, \"trade_name\": \".doois.22\", \"public\": true, \"state_inscription\": \"\", \"short_name\": \"222\", \"active\": true, \"register_number\": \"\", \"name\": \".doois.22\", \"cnes\": \"\", \"dependence\": null, \"activity\": null, \"organization\": null}}]','.doois.22',0,NULL),(68,18,'462d7f63-c925-48b3-b4fc-fb99c617344d',35,'json','[{\"pk\": \"462d7f63-c925-48b3-b4fc-fb99c617344d\", \"model\": \"careprofessional.professionalprofile\", \"fields\": {\"initialProfessionalActivities\": null, \"availableTime\": null, \"profession\": null, \"agreement\": [], \"academicResume\": null, \"workplace\": [], \"services\": null}}]','jayme_n',0,NULL),(69,19,'169e4d3f-7e67-4fa8-a374-01623c944bf0',37,'json','[{\"pk\": \"169e4d3f-7e67-4fa8-a374-01623c944bf0\", \"model\": \"careprofessional.professionalidentification\", \"fields\": {\"registerNumber\": null, \"profession\": null}}]','jayme_n',0,NULL),(70,19,'7adb38fb-9a62-41ac-9cf3-d997bab3ea23',41,'json','[{\"pk\": \"7adb38fb-9a62-41ac-9cf3-d997bab3ea23\", \"model\": \"place.place\", \"fields\": {\"active\": true, \"organization\": \"e94e9b13-dffa-4c03-a84b-ecaa2100c595\", \"comments\": null, \"place_type\": 1, \"label\": \".doois.222\"}}]','.doois.222',0,NULL),(71,19,'b4de4f2a-d0fc-4c77-b3ac-86954443af50',43,'json','[{\"pk\": \"b4de4f2a-d0fc-4c77-b3ac-86954443af50\", \"model\": \"place.room\", \"fields\": {\"description\": \"Sala 1\", \"comments\": \"\", \"dimension\": \"\", \"place\": \"7adb38fb-9a62-41ac-9cf3-d997bab3ea23\", \"active\": true, \"room_type\": 1, \"furniture\": \"\"}}]','Sala 1',0,NULL),(72,19,'eb63d5c2-8bc8-43e0-86ee-7a5fd1ec472b',35,'json','[{\"pk\": \"eb63d5c2-8bc8-43e0-86ee-7a5fd1ec472b\", \"model\": \"careprofessional.professionalprofile\", \"fields\": {\"initialProfessionalActivities\": null, \"availableTime\": null, \"profession\": null, \"agreement\": [], \"academicResume\": null, \"workplace\": [], \"services\": null}}]','jayme_n',0,NULL),(73,19,'59e807cd-0bb1-4111-bdb2-0150af190b5a',39,'json','[{\"pk\": \"59e807cd-0bb1-4111-bdb2-0150af190b5a\", \"model\": \"careprofessional.careprofessional\", \"fields\": {\"active\": true, \"professionalIdentification\": \"169e4d3f-7e67-4fa8-a374-01623c944bf0\", \"professionalProfile\": \"eb63d5c2-8bc8-43e0-86ee-7a5fd1ec472b\", \"comments\": null, \"person\": \"18574f65-fcb4-4bfd-9ad0-16800282e4d6\"}}]','Jayme_N',0,NULL),(74,19,'e94e9b13-dffa-4c03-a84b-ecaa2100c595',23,'json','[{\"pk\": \"e94e9b13-dffa-4c03-a84b-ecaa2100c595\", \"model\": \"organization.organization\", \"fields\": {\"comment\": \"\", \"provided_type\": [], \"photo\": \"\", \"city_inscription\": \"\", \"visible\": true, \"last_id_record\": 0, \"environment\": null, \"person_type\": null, \"management\": null, \"contact_owner\": null, \"unit_type\": null, \"source\": null, \"trade_name\": \".doois.222\", \"public\": true, \"state_inscription\": \"\", \"short_name\": \"2222\", \"active\": true, \"register_number\": \"\", \"name\": \".doois.222\", \"cnes\": \"\", \"dependence\": null, \"activity\": null, \"organization\": null}}]','.doois.222',0,NULL),(75,19,'6ca6d174-f19b-4f74-8c8e-188e7ed13e66',73,'json','[{\"pk\": \"6ca6d174-f19b-4f74-8c8e-188e7ed13e66\", \"model\": \"phone.phone\", \"fields\": {\"area\": \"11\", \"object_id\": \"18574f65-fcb4-4bfd-9ad0-16800282e4d6\", \"ext\": \"\", \"phoneNumber\": \"1111-1111\", \"phoneType\": 2, \"content_type\": 80}}]','(11) 1111-1111 Comercial',0,NULL),(76,19,'eb283bd3-9a31-461e-b06a-69f6c7adc189',78,'json','[{\"pk\": \"eb283bd3-9a31-461e-b06a-69f6c7adc189\", \"model\": \"address.address\", \"fields\": {\"city\": 1240, \"addressType\": 2, \"neighborhood\": \"\", \"content_type\": 80, \"foreignCity\": \"\", \"addressPrefix\": \"\", \"zipCode\": \"11111111\", \"object_id\": \"18574f65-fcb4-4bfd-9ad0-16800282e4d6\", \"foreignState\": \"\", \"addressLine2\": \"\", \"addressNumber\": \"111\", \"addressLine1\": \"11\", \"foreignCountry\": null}}]',' 11 111 <br />11111111  AREIA PB Brasil (Comercial)',0,NULL),(77,20,'040e1256-2b6c-4ee3-86cc-2bbe796ceede',78,'json','[{\"pk\": \"040e1256-2b6c-4ee3-86cc-2bbe796ceede\", \"model\": \"address.address\", \"fields\": {\"city\": 1240, \"addressType\": 2, \"neighborhood\": \"\", \"content_type\": 80, \"foreignCity\": \"\", \"addressPrefix\": \"\", \"zipCode\": \"11111111\", \"object_id\": \"fb914a09-d37d-43ca-bde3-c98e529a3bd8\", \"foreignState\": \"\", \"addressLine2\": \"\", \"addressNumber\": \"111\", \"addressLine1\": \"11\", \"foreignCountry\": null}}]',' 11 111 <br />11111111  AREIA PB Brasil (Comercial)',0,NULL),(78,20,'fbb3faf7-2dba-47d1-a2a8-2ec17c5c693d',43,'json','[{\"pk\": \"fbb3faf7-2dba-47d1-a2a8-2ec17c5c693d\", \"model\": \"place.room\", \"fields\": {\"description\": \"Sala 1\", \"comments\": \"\", \"dimension\": \"\", \"place\": \"42aa3fbe-d087-414f-8d7d-7a24d4eec049\", \"active\": true, \"room_type\": 1, \"furniture\": \"\"}}]','Sala 1',0,NULL),(79,20,'4a2c80f8-7677-4468-b949-7883bcf02999',39,'json','[{\"pk\": \"4a2c80f8-7677-4468-b949-7883bcf02999\", \"model\": \"careprofessional.careprofessional\", \"fields\": {\"active\": true, \"professionalIdentification\": \"42483dec-1139-44db-a9d3-e94e4025491f\", \"professionalProfile\": \"58dfc3d9-ab41-457c-93d5-de4afc9b7a23\", \"comments\": null, \"person\": \"fb914a09-d37d-43ca-bde3-c98e529a3bd8\"}}]','Jayme_N',0,NULL),(80,20,'58dfc3d9-ab41-457c-93d5-de4afc9b7a23',35,'json','[{\"pk\": \"58dfc3d9-ab41-457c-93d5-de4afc9b7a23\", \"model\": \"careprofessional.professionalprofile\", \"fields\": {\"initialProfessionalActivities\": null, \"availableTime\": null, \"profession\": null, \"agreement\": [], \"academicResume\": null, \"workplace\": [], \"services\": null}}]','jayme_n',0,NULL),(81,20,'5e858154-cf5d-4677-ac57-cbae19b0e27d',23,'json','[{\"pk\": \"5e858154-cf5d-4677-ac57-cbae19b0e27d\", \"model\": \"organization.organization\", \"fields\": {\"comment\": \"\", \"provided_type\": [], \"photo\": \"\", \"city_inscription\": \"\", \"visible\": true, \"last_id_record\": 0, \"environment\": null, \"person_type\": null, \"management\": null, \"contact_owner\": null, \"unit_type\": null, \"source\": null, \"trade_name\": \".doois.2222\", \"public\": true, \"state_inscription\": \"\", \"short_name\": \"22222\", \"active\": true, \"register_number\": \"\", \"name\": \".doois.2222\", \"cnes\": \"\", \"dependence\": null, \"activity\": null, \"organization\": null}}]','.doois.2222',0,NULL),(82,20,'13108aae-36be-4c60-8c38-2ab7538cf9dc',73,'json','[{\"pk\": \"13108aae-36be-4c60-8c38-2ab7538cf9dc\", \"model\": \"phone.phone\", \"fields\": {\"area\": \"11\", \"object_id\": \"fb914a09-d37d-43ca-bde3-c98e529a3bd8\", \"ext\": \"\", \"phoneNumber\": \"1111-1111\", \"phoneType\": 2, \"content_type\": 80}}]','(11) 1111-1111 Comercial',0,NULL),(83,20,'42483dec-1139-44db-a9d3-e94e4025491f',37,'json','[{\"pk\": \"42483dec-1139-44db-a9d3-e94e4025491f\", \"model\": \"careprofessional.professionalidentification\", \"fields\": {\"registerNumber\": null, \"profession\": null}}]','jayme_n',0,NULL),(84,20,'42aa3fbe-d087-414f-8d7d-7a24d4eec049',41,'json','[{\"pk\": \"42aa3fbe-d087-414f-8d7d-7a24d4eec049\", \"model\": \"place.place\", \"fields\": {\"active\": true, \"organization\": \"5e858154-cf5d-4677-ac57-cbae19b0e27d\", \"comments\": null, \"place_type\": 1, \"label\": \".doois.2222\"}}]','.doois.2222',0,NULL),(85,21,'8b0d1719-09a0-4b1c-83bf-abf7d7f464c0',78,'json','[{\"pk\": \"8b0d1719-09a0-4b1c-83bf-abf7d7f464c0\", \"model\": \"address.address\", \"fields\": {\"city\": null, \"addressType\": 2, \"neighborhood\": \"\", \"content_type\": 80, \"foreignCity\": \"\", \"addressPrefix\": \"\", \"zipCode\": \"11111111\", \"object_id\": \"66969e75-6b2b-4244-a773-d183ca91110d\", \"foreignState\": \"\", \"addressLine2\": \"\", \"addressNumber\": \"1111\", \"addressLine1\": \"111\", \"foreignCountry\": null}}]',' 111 1111 <br />11111111  None   (Comercial)',2,NULL),(86,21,'2ce9645d-3e39-4f02-b325-7c9d2afdec16',73,'json','[{\"pk\": \"2ce9645d-3e39-4f02-b325-7c9d2afdec16\", \"model\": \"phone.phone\", \"fields\": {\"area\": \"11\", \"object_id\": \"66969e75-6b2b-4244-a773-d183ca91110d\", \"ext\": \"\", \"phoneNumber\": \"1111-1111\", \"phoneType\": 2, \"content_type\": 80}}]','(11) 1111-1111 Comercial',2,NULL),(87,21,'2ce9645d-3e39-4f02-b325-7c9d2afdec16',73,'json','[{\"pk\": \"2ce9645d-3e39-4f02-b325-7c9d2afdec16\", \"model\": \"phone.phone\", \"fields\": {\"area\": \"11\", \"object_id\": \"66969e75-6b2b-4244-a773-d183ca91110d\", \"ext\": \"\", \"phoneNumber\": \"1111-1111\", \"phoneType\": 2, \"content_type\": 80}}]','(11) 1111-1111 Comercial',0,NULL),(88,21,'8b0d1719-09a0-4b1c-83bf-abf7d7f464c0',78,'json','[{\"pk\": \"8b0d1719-09a0-4b1c-83bf-abf7d7f464c0\", \"model\": \"address.address\", \"fields\": {\"city\": null, \"addressType\": 2, \"neighborhood\": \"\", \"content_type\": 80, \"foreignCity\": \"\", \"addressPrefix\": \"\", \"zipCode\": \"11111111\", \"object_id\": \"66969e75-6b2b-4244-a773-d183ca91110d\", \"foreignState\": \"\", \"addressLine2\": \"\", \"addressNumber\": \"1111\", \"addressLine1\": \"111\", \"foreignCountry\": 33}}]',' 111 1111 <br />11111111  None   (Comercial)',0,NULL),(89,22,'59e807cd-0bb1-4111-bdb2-0150af190b5a',39,'json','[{\"pk\": \"59e807cd-0bb1-4111-bdb2-0150af190b5a\", \"model\": \"careprofessional.careprofessional\", \"fields\": {\"active\": true, \"professionalIdentification\": \"169e4d3f-7e67-4fa8-a374-01623c944bf0\", \"professionalProfile\": \"eb63d5c2-8bc8-43e0-86ee-7a5fd1ec472b\", \"comments\": null, \"person\": \"18574f65-fcb4-4bfd-9ad0-16800282e4d6\"}}]','Jayme_N',2,NULL),(90,22,'a6e43ca0-bafc-41af-bcfb-cd0b3fae629b',73,'json','[{\"pk\": \"a6e43ca0-bafc-41af-bcfb-cd0b3fae629b\", \"model\": \"phone.phone\", \"fields\": {\"area\": \"11\", \"object_id\": \"7e0b0b5f-f015-4baa-ba78-fab6722015ab\", \"ext\": \"\", \"phoneNumber\": \"1111-1111\", \"phoneType\": 2, \"content_type\": 80}}]','(11) 1111-1111 Comercial',2,NULL),(91,22,'e0eeb190-f9d7-40da-aab6-0bf03a89bcfe',78,'json','[{\"pk\": \"e0eeb190-f9d7-40da-aab6-0bf03a89bcfe\", \"model\": \"address.address\", \"fields\": {\"city\": 1240, \"addressType\": 2, \"neighborhood\": \"\", \"content_type\": 80, \"foreignCity\": \"\", \"addressPrefix\": \"\", \"zipCode\": \"11111111\", \"object_id\": \"7e0b0b5f-f015-4baa-ba78-fab6722015ab\", \"foreignState\": \"\", \"addressLine2\": \"\", \"addressNumber\": \"111\", \"addressLine1\": \"11\", \"foreignCountry\": null}}]',' 11 111 <br />11111111  AREIA PB Brasil (Comercial)',2,NULL),(92,23,'347929e7-1552-4ad2-a47e-3e93bb8b612e',43,'json','[{\"pk\": \"347929e7-1552-4ad2-a47e-3e93bb8b612e\", \"model\": \"place.room\", \"fields\": {\"description\": \"Sala 1\", \"comments\": \"\", \"dimension\": \"\", \"place\": \"46c0a861-b4ae-4bc7-bfd7-f0aeab47fc88\", \"active\": true, \"room_type\": 1, \"furniture\": \"\"}}]','Sala 1',2,NULL),(93,23,'8c64be50-88c6-443d-aa11-417d580dfdb8',23,'json','[{\"pk\": \"8c64be50-88c6-443d-aa11-417d580dfdb8\", \"model\": \"organization.organization\", \"fields\": {\"comment\": \"\", \"provided_type\": [], \"photo\": \"\", \"city_inscription\": \"\", \"visible\": true, \"last_id_record\": 0, \"environment\": null, \"person_type\": null, \"management\": null, \"contact_owner\": null, \"unit_type\": null, \"source\": null, \"trade_name\": \".doois.22\", \"public\": true, \"state_inscription\": \"\", \"short_name\": \"222\", \"active\": true, \"register_number\": \"\", \"name\": \".doois.22\", \"cnes\": \"\", \"dependence\": null, \"activity\": null, \"organization\": null}}]','.doois.22',2,NULL),(94,23,'3469928f-cb97-4236-9d07-bbe2296e3f44',41,'json','[{\"pk\": \"3469928f-cb97-4236-9d07-bbe2296e3f44\", \"model\": \"place.place\", \"fields\": {\"active\": true, \"organization\": \"c89a6c14-3aa4-42a0-982a-ccc286a376c1\", \"comments\": null, \"place_type\": 1, \"label\": \"teste24554\"}}]','teste24554',2,NULL),(95,24,'721f6e5a-556f-450e-aed1-37f675a8638b',23,'json','[{\"pk\": \"721f6e5a-556f-450e-aed1-37f675a8638b\", \"model\": \"organization.organization\", \"fields\": {\"comment\": \"\", \"provided_type\": [], \"photo\": \"\", \"city_inscription\": \"\", \"visible\": true, \"last_id_record\": 0, \"environment\": null, \"person_type\": null, \"management\": null, \"contact_owner\": null, \"unit_type\": null, \"source\": null, \"trade_name\": \"teste_danielcj\", \"public\": true, \"state_inscription\": \"\", \"short_name\": \"tes\", \"active\": true, \"register_number\": \"\", \"name\": \"teste_danielcj\", \"cnes\": \"\", \"dependence\": null, \"activity\": null, \"organization\": null}}]','teste_danielcj',1,NULL),(96,25,'d06ac5d4-f2c9-402a-88f3-8e6e7a11b542',23,'json','[{\"pk\": \"d06ac5d4-f2c9-402a-88f3-8e6e7a11b542\", \"model\": \"organization.organization\", \"fields\": {\"comment\": \"\", \"provided_type\": [], \"photo\": \"\", \"city_inscription\": \"\", \"visible\": true, \"last_id_record\": 0, \"environment\": null, \"person_type\": null, \"management\": null, \"contact_owner\": \"66969e75-6b2b-4244-a773-d183ca91110d\", \"unit_type\": null, \"source\": null, \"trade_name\": \"teste\", \"public\": true, \"state_inscription\": \"\", \"short_name\": \"t\", \"active\": true, \"register_number\": \"\", \"name\": \"teste\", \"cnes\": \"\", \"dependence\": null, \"activity\": null, \"organization\": null}}]','teste',1,NULL),(97,26,'da20dde2-745d-4cdc-ad14-ba00fd4cc3dd',23,'json','[{\"pk\": \"da20dde2-745d-4cdc-ad14-ba00fd4cc3dd\", \"model\": \"organization.organization\", \"fields\": {\"comment\": \"\", \"provided_type\": [7], \"photo\": \"\", \"city_inscription\": \"\", \"visible\": true, \"last_id_record\": 0, \"environment\": null, \"person_type\": null, \"management\": null, \"contact_owner\": null, \"unit_type\": null, \"source\": null, \"trade_name\": \"\", \"public\": true, \"state_inscription\": \"\", \"short_name\": \"\", \"active\": true, \"register_number\": \"\", \"name\": \"IPC3\", \"cnes\": \"\", \"dependence\": null, \"activity\": null, \"organization\": null}}]','IPC3',0,NULL),(98,26,'7',19,'json','[{\"pk\": 7, \"model\": \"organization.providedtype\", \"fields\": {\"description\": \"Outros\"}}]','Outros',1,7),(99,27,'2d7fa7cb-9c2d-43a0-9825-51598c10aca0',35,'json','[{\"pk\": \"2d7fa7cb-9c2d-43a0-9825-51598c10aca0\", \"model\": \"careprofessional.professionalprofile\", \"fields\": {\"initialProfessionalActivities\": null, \"availableTime\": null, \"profession\": null, \"agreement\": [], \"academicResume\": null, \"workplace\": [], \"services\": null}}]','jayme_n',0,NULL),(100,27,'e864fc8d-dab6-4333-940a-e8c9fd95ea3f',78,'json','[{\"pk\": \"e864fc8d-dab6-4333-940a-e8c9fd95ea3f\", \"model\": \"address.address\", \"fields\": {\"city\": 80, \"addressType\": 2, \"neighborhood\": \"\", \"content_type\": 80, \"foreignCity\": \"\", \"addressPrefix\": \"\", \"zipCode\": \"11111111\", \"object_id\": \"fad7615d-a29a-4a5a-b317-f3f7089c92a5\", \"foreignState\": \"\", \"addressLine2\": \"\", \"addressNumber\": \"111\", \"addressLine1\": \"11\", \"foreignCountry\": null}}]',' 11 111 <br />11111111  BORBA AM Brasil (Comercial)',0,NULL),(101,27,'ed1a6bfa-7e3b-4967-9deb-f30d20a9e018',23,'json','[{\"pk\": \"ed1a6bfa-7e3b-4967-9deb-f30d20a9e018\", \"model\": \"organization.organization\", \"fields\": {\"comment\": \"\", \"provided_type\": [], \"photo\": \"\", \"city_inscription\": \"\", \"visible\": true, \"last_id_record\": 0, \"environment\": null, \"person_type\": null, \"management\": null, \"contact_owner\": null, \"unit_type\": null, \"source\": null, \"trade_name\": \".doois.2223\", \"public\": true, \"state_inscription\": \"\", \"short_name\": \"tes1003\", \"active\": true, \"register_number\": \"\", \"name\": \".doois.2223\", \"cnes\": \"\", \"dependence\": null, \"activity\": null, \"organization\": null}}]','.doois.2223',0,NULL),(102,27,'50169bee-8ec9-44ef-9172-6c40443f85ee',73,'json','[{\"pk\": \"50169bee-8ec9-44ef-9172-6c40443f85ee\", \"model\": \"phone.phone\", \"fields\": {\"area\": \"22\", \"object_id\": \"fad7615d-a29a-4a5a-b317-f3f7089c92a5\", \"ext\": \"\", \"phoneNumber\": \"2222-2222\", \"phoneType\": 2, \"content_type\": 80}}]','(22) 2222-2222 Comercial',0,NULL),(103,27,'ff5fffb1-1ec9-417e-a6f6-6ffb55dd29a0',41,'json','[{\"pk\": \"ff5fffb1-1ec9-417e-a6f6-6ffb55dd29a0\", \"model\": \"place.place\", \"fields\": {\"active\": true, \"organization\": \"ed1a6bfa-7e3b-4967-9deb-f30d20a9e018\", \"comments\": null, \"place_type\": 1, \"label\": \".doois.2223\"}}]','.doois.2223',0,NULL),(104,27,'25917d8e-eb94-4aba-8abe-006605a3e68a',39,'json','[{\"pk\": \"25917d8e-eb94-4aba-8abe-006605a3e68a\", \"model\": \"careprofessional.careprofessional\", \"fields\": {\"active\": true, \"professionalIdentification\": \"aaed42ac-6f69-4c59-82de-9d6159e558e5\", \"professionalProfile\": \"2d7fa7cb-9c2d-43a0-9825-51598c10aca0\", \"comments\": null, \"person\": \"fad7615d-a29a-4a5a-b317-f3f7089c92a5\"}}]','Jayme_N',0,NULL),(105,27,'aaed42ac-6f69-4c59-82de-9d6159e558e5',37,'json','[{\"pk\": \"aaed42ac-6f69-4c59-82de-9d6159e558e5\", \"model\": \"careprofessional.professionalidentification\", \"fields\": {\"registerNumber\": null, \"profession\": null}}]','jayme_n',0,NULL),(106,27,'e7a2ab14-4965-40af-8a95-45ae1cd813a2',43,'json','[{\"pk\": \"e7a2ab14-4965-40af-8a95-45ae1cd813a2\", \"model\": \"place.room\", \"fields\": {\"description\": \"Sala 1\", \"comments\": \"\", \"dimension\": \"\", \"place\": \"ff5fffb1-1ec9-417e-a6f6-6ffb55dd29a0\", \"active\": true, \"room_type\": 1, \"furniture\": \"\"}}]','Sala 1',0,NULL),(107,28,'b4c0407b-afde-4287-bf3f-2b6cf3202d48',35,'json','[{\"pk\": \"b4c0407b-afde-4287-bf3f-2b6cf3202d48\", \"model\": \"careprofessional.professionalprofile\", \"fields\": {\"initialProfessionalActivities\": null, \"availableTime\": null, \"profession\": null, \"agreement\": [], \"academicResume\": null, \"workplace\": [], \"services\": null}}]','oliver2',0,NULL),(108,28,'f181768b-a525-4173-b9fc-fef0d6e74595',73,'json','[{\"pk\": \"f181768b-a525-4173-b9fc-fef0d6e74595\", \"model\": \"phone.phone\", \"fields\": {\"area\": \"52\", \"object_id\": \"00a857af-0285-4896-8338-3fd511272cfe\", \"ext\": \"\", \"phoneNumber\": \"4789-6541\", \"phoneType\": 2, \"content_type\": 80}}]','(52) 4789-6541 Comercial',0,NULL),(109,28,'c5101d15-9da4-4072-8d1d-1af6794ba495',37,'json','[{\"pk\": \"c5101d15-9da4-4072-8d1d-1af6794ba495\", \"model\": \"careprofessional.professionalidentification\", \"fields\": {\"registerNumber\": null, \"profession\": null}}]','oliver2',0,NULL),(110,28,'4c8fcef6-659a-47fd-bf63-91b449e399a5',41,'json','[{\"pk\": \"4c8fcef6-659a-47fd-bf63-91b449e399a5\", \"model\": \"place.place\", \"fields\": {\"active\": true, \"organization\": \"7b436337-0be2-4447-9027-06ff460479a7\", \"comments\": null, \"place_type\": 1, \"label\": \"ibc\"}}]','ibc',0,NULL),(111,28,'2a4a6d2f-fdfb-4bd2-b0d2-d2e990788c7f',39,'json','[{\"pk\": \"2a4a6d2f-fdfb-4bd2-b0d2-d2e990788c7f\", \"model\": \"careprofessional.careprofessional\", \"fields\": {\"active\": true, \"professionalIdentification\": \"c5101d15-9da4-4072-8d1d-1af6794ba495\", \"professionalProfile\": \"b4c0407b-afde-4287-bf3f-2b6cf3202d48\", \"comments\": null, \"person\": \"00a857af-0285-4896-8338-3fd511272cfe\"}}]','Oliver2',0,NULL),(112,28,'7b436337-0be2-4447-9027-06ff460479a7',23,'json','[{\"pk\": \"7b436337-0be2-4447-9027-06ff460479a7\", \"model\": \"organization.organization\", \"fields\": {\"comment\": \"\", \"provided_type\": [], \"photo\": \"\", \"city_inscription\": \"\", \"visible\": true, \"last_id_record\": 0, \"environment\": null, \"person_type\": null, \"management\": null, \"contact_owner\": null, \"unit_type\": null, \"source\": null, \"trade_name\": \"ibc\", \"public\": true, \"state_inscription\": \"\", \"short_name\": \"ibc\", \"active\": true, \"register_number\": \"\", \"name\": \"ibc\", \"cnes\": \"\", \"dependence\": null, \"activity\": null, \"organization\": null}}]','ibc',0,NULL),(113,28,'14cb0ae1-ff4d-476e-b820-e597c590a8c9',43,'json','[{\"pk\": \"14cb0ae1-ff4d-476e-b820-e597c590a8c9\", \"model\": \"place.room\", \"fields\": {\"description\": \"Sala 1\", \"comments\": \"\", \"dimension\": \"\", \"place\": \"4c8fcef6-659a-47fd-bf63-91b449e399a5\", \"active\": true, \"room_type\": 1, \"furniture\": \"\"}}]','Sala 1',0,NULL),(114,28,'be896022-73a8-4fbd-a71d-afaeafbc9fad',78,'json','[{\"pk\": \"be896022-73a8-4fbd-a71d-afaeafbc9fad\", \"model\": \"address.address\", \"fields\": {\"city\": 3149, \"addressType\": 2, \"neighborhood\": \"\", \"content_type\": 80, \"foreignCity\": \"\", \"addressPrefix\": \"\", \"zipCode\": \"135624892\", \"object_id\": \"00a857af-0285-4896-8338-3fd511272cfe\", \"foreignState\": \"\", \"addressLine2\": \"\", \"addressNumber\": \"123\", \"addressLine1\": \"deradretd\", \"foreignCountry\": null}}]',' deradretd 123 <br />135624892  APERIBÉ RJ Brasil (Comercial)',0,NULL),(115,29,'5c2cd8a6-da08-46ab-90d0-83c5a513291e',23,'json','[{\"pk\": \"5c2cd8a6-da08-46ab-90d0-83c5a513291e\", \"model\": \"organization.organization\", \"fields\": {\"comment\": \"\", \"provided_type\": [], \"photo\": \"\", \"city_inscription\": \"\", \"visible\": true, \"last_id_record\": 0, \"environment\": null, \"person_type\": null, \"management\": null, \"contact_owner\": \"66969e75-6b2b-4244-a773-d183ca91110d\", \"unit_type\": null, \"source\": null, \"trade_name\": \".doois.22\", \"public\": true, \"state_inscription\": \"\", \"short_name\": \"tes10\", \"active\": true, \"register_number\": \"\", \"name\": \".doois.22\", \"cnes\": \"\", \"dependence\": null, \"activity\": null, \"organization\": null}}]','.doois.22',1,NULL),(116,30,'1',127,'json','[{\"pk\": 1, \"model\": \"boleto.bradescobilletdata\", \"fields\": {\"enderecosacaval_bairro\": \"Canto\", \"enderecosacaval_logradouro\": \"Rua Meia D\\u00fazia\", \"cedente_cnpj\": \"00.000.208/0001-00\", \"cedente_nome\": \"GestorPsi\", \"contabancaria_numerodaconta_digito\": \"0\", \"enderecosacaval_cep\": \"11111-111\", \"contabancaria_numerodaconta\": \"123456\", \"contabancaria_agencia\": \"1234\", \"contabancaria_carteira\": 30, \"enderecosacaval_numero\": \"580\", \"enderecosacaval_localidade\": 3259, \"enderecosacaval_uf\": 24, \"titulo_nossonumero\": \"11111111111\", \"sacadoravalista_nome\": \"Oliver Prado\", \"contabancaria_agencia_digito\": \"1\", \"titulo_digitodonossonumero\": \"1\", \"sacadoravalista_cnpj\": \"00.000.208/0001-00\"}}]','GestorPsi',1,1),(117,31,'1',138,'json','[{\"pk\": 1, \"model\": \"boleto.returnfile\", \"fields\": {\"arquivo_retorno\": \"arquivos_retorno/retorno-cb030400-bradesco_4.ret\", \"date_import\": \"2012-06-22 10:56:50\", \"banco\": \"bradesco\"}}]','arquivos_retorno/retorno-cb030400-bradesco_4.ret importado 2012-06-22 10:56:50',0,1),(118,32,'1',138,'json','[{\"pk\": 1, \"model\": \"boleto.returnfile\", \"fields\": {\"arquivo_retorno\": \"arquivos_retorno/retorno-cb030400-bradesco_5.ret\", \"date_import\": \"2012-06-22 10:56:50\", \"banco\": \"bradesco\"}}]','arquivos_retorno/retorno-cb030400-bradesco_5.ret importado 2012-06-22 10:56:50',1,1),(119,33,'d06ac5d4-f2c9-402a-88f3-8e6e7a11b542',23,'json','[{\"pk\": \"d06ac5d4-f2c9-402a-88f3-8e6e7a11b542\", \"model\": \"organization.organization\", \"fields\": {\"comment\": \"\", \"provided_type\": [], \"photo\": \"\", \"city_inscription\": \"\", \"visible\": true, \"last_id_record\": 0, \"environment\": null, \"person_type\": null, \"management\": null, \"employee_number\": 1, \"contact_owner\": \"66969e75-6b2b-4244-a773-d183ca91110d\", \"unit_type\": null, \"source\": null, \"trade_name\": \"teste\", \"prefered_plan\": 2, \"public\": true, \"state_inscription\": \"\", \"short_name\": \"t\", \"current_invoice\": 10, \"date_created\": \"2012-05-24 10:40:31\", \"active\": true, \"register_number\": \"\", \"name\": \"teste\", \"cnes\": \"\", \"dependence\": null, \"default_payment_day\": 10, \"activity\": null, \"organization\": \"d06ac5d4-f2c9-402a-88f3-8e6e7a11b542\"}}]','teste',1,NULL),(120,34,'5c2cd8a6-da08-46ab-90d0-83c5a513291e',23,'json','[{\"pk\": \"5c2cd8a6-da08-46ab-90d0-83c5a513291e\", \"model\": \"organization.organization\", \"fields\": {\"comment\": \"\", \"provided_type\": [], \"photo\": \"\", \"city_inscription\": \"\", \"visible\": true, \"last_id_record\": 0, \"environment\": null, \"person_type\": null, \"management\": null, \"employee_number\": 1, \"contact_owner\": \"66969e75-6b2b-4244-a773-d183ca91110d\", \"unit_type\": null, \"source\": null, \"trade_name\": \".doois.22\", \"prefered_plan\": 2, \"public\": true, \"state_inscription\": \"\", \"short_name\": \"tes10\", \"current_invoice\": 10, \"date_created\": \"2012-05-31 09:45:00\", \"active\": true, \"register_number\": \"\", \"name\": \".doois.22\", \"cnes\": \"\", \"dependence\": null, \"default_payment_day\": 10, \"activity\": null, \"organization\": \"5c2cd8a6-da08-46ab-90d0-83c5a513291e\"}}]','.doois.22',1,NULL);
/*!40000 ALTER TABLE `reversion_version` ENABLE KEYS */;
UNLOCK TABLES;

--
-- Table structure for table `schedule_occurrenceconfirmation`
--

DROP TABLE IF EXISTS `schedule_occurrenceconfirmation`;
/*!40101 SET @saved_cs_client     = @@character_set_client */;
/*!40101 SET character_set_client = utf8 */;
CREATE TABLE `schedule_occurrenceconfirmation` (
  `id` int(11) NOT NULL AUTO_INCREMENT,
  `occurrence_id` int(11) NOT NULL,
  `date_started` datetime DEFAULT NULL,
  `date_finished` datetime DEFAULT NULL,
  `presence` int(11) DEFAULT NULL,
  `reason` longtext NOT NULL,
  PRIMARY KEY (`id`),
  UNIQUE KEY `occurrence_id` (`occurrence_id`)
) ENGINE=MyISAM DEFAULT CHARSET=latin1;
/*!40101 SET character_set_client = @saved_cs_client */;

--
-- Dumping data for table `schedule_occurrenceconfirmation`
--

LOCK TABLES `schedule_occurrenceconfirmation` WRITE;
/*!40000 ALTER TABLE `schedule_occurrenceconfirmation` DISABLE KEYS */;
/*!40000 ALTER TABLE `schedule_occurrenceconfirmation` ENABLE KEYS */;
UNLOCK TABLES;

--
-- Table structure for table `schedule_occurrenceconfirmation_device`
--

DROP TABLE IF EXISTS `schedule_occurrenceconfirmation_device`;
/*!40101 SET @saved_cs_client     = @@character_set_client */;
/*!40101 SET character_set_client = utf8 */;
CREATE TABLE `schedule_occurrenceconfirmation_device` (
  `id` int(11) NOT NULL AUTO_INCREMENT,
  `occurrenceconfirmation_id` int(11) NOT NULL,
  `devicedetails_id` varchar(36) NOT NULL,
  PRIMARY KEY (`id`),
  UNIQUE KEY `occurrenceconfirmation_id` (`occurrenceconfirmation_id`,`devicedetails_id`),
  KEY `schedule_occurrenceconfirmation_device_555fe62a` (`occurrenceconfirmation_id`),
  KEY `schedule_occurrenceconfirmation_device_af3e2a33` (`devicedetails_id`)
) ENGINE=MyISAM DEFAULT CHARSET=latin1;
/*!40101 SET character_set_client = @saved_cs_client */;

--
-- Dumping data for table `schedule_occurrenceconfirmation_device`
--

LOCK TABLES `schedule_occurrenceconfirmation_device` WRITE;
/*!40000 ALTER TABLE `schedule_occurrenceconfirmation_device` DISABLE KEYS */;
/*!40000 ALTER TABLE `schedule_occurrenceconfirmation_device` ENABLE KEYS */;
UNLOCK TABLES;

--
-- Table structure for table `schedule_occurrenceemployees`
--

DROP TABLE IF EXISTS `schedule_occurrenceemployees`;
/*!40101 SET @saved_cs_client     = @@character_set_client */;
/*!40101 SET character_set_client = utf8 */;
CREATE TABLE `schedule_occurrenceemployees` (
  `id` int(11) NOT NULL AUTO_INCREMENT,
  `occurrence_id` int(11) NOT NULL,
  PRIMARY KEY (`id`),
  UNIQUE KEY `occurrence_id` (`occurrence_id`)
) ENGINE=MyISAM DEFAULT CHARSET=latin1;
/*!40101 SET character_set_client = @saved_cs_client */;

--
-- Dumping data for table `schedule_occurrenceemployees`
--

LOCK TABLES `schedule_occurrenceemployees` WRITE;
/*!40000 ALTER TABLE `schedule_occurrenceemployees` DISABLE KEYS */;
/*!40000 ALTER TABLE `schedule_occurrenceemployees` ENABLE KEYS */;
UNLOCK TABLES;

--
-- Table structure for table `schedule_occurrenceemployees_client`
--

DROP TABLE IF EXISTS `schedule_occurrenceemployees_client`;
/*!40101 SET @saved_cs_client     = @@character_set_client */;
/*!40101 SET character_set_client = utf8 */;
CREATE TABLE `schedule_occurrenceemployees_client` (
  `id` int(11) NOT NULL AUTO_INCREMENT,
  `occurrenceemployees_id` int(11) NOT NULL,
  `client_id` varchar(36) NOT NULL,
  PRIMARY KEY (`id`),
  UNIQUE KEY `occurrenceemployees_id` (`occurrenceemployees_id`,`client_id`),
  KEY `schedule_occurrenceemployees_client_140d0b7` (`occurrenceemployees_id`),
  KEY `schedule_occurrenceemployees_client_4a4e8ffb` (`client_id`)
) ENGINE=MyISAM DEFAULT CHARSET=latin1;
/*!40101 SET character_set_client = @saved_cs_client */;

--
-- Dumping data for table `schedule_occurrenceemployees_client`
--

LOCK TABLES `schedule_occurrenceemployees_client` WRITE;
/*!40000 ALTER TABLE `schedule_occurrenceemployees_client` DISABLE KEYS */;
/*!40000 ALTER TABLE `schedule_occurrenceemployees_client` ENABLE KEYS */;
UNLOCK TABLES;

--
-- Table structure for table `schedule_occurrencefamily`
--

DROP TABLE IF EXISTS `schedule_occurrencefamily`;
/*!40101 SET @saved_cs_client     = @@character_set_client */;
/*!40101 SET character_set_client = utf8 */;
CREATE TABLE `schedule_occurrencefamily` (
  `id` int(11) NOT NULL AUTO_INCREMENT,
  `occurrence_id` int(11) NOT NULL,
  PRIMARY KEY (`id`),
  UNIQUE KEY `occurrence_id` (`occurrence_id`)
) ENGINE=MyISAM DEFAULT CHARSET=latin1;
/*!40101 SET character_set_client = @saved_cs_client */;

--
-- Dumping data for table `schedule_occurrencefamily`
--

LOCK TABLES `schedule_occurrencefamily` WRITE;
/*!40000 ALTER TABLE `schedule_occurrencefamily` DISABLE KEYS */;
/*!40000 ALTER TABLE `schedule_occurrencefamily` ENABLE KEYS */;
UNLOCK TABLES;

--
-- Table structure for table `schedule_occurrencefamily_client`
--

DROP TABLE IF EXISTS `schedule_occurrencefamily_client`;
/*!40101 SET @saved_cs_client     = @@character_set_client */;
/*!40101 SET character_set_client = utf8 */;
CREATE TABLE `schedule_occurrencefamily_client` (
  `id` int(11) NOT NULL AUTO_INCREMENT,
  `occurrencefamily_id` int(11) NOT NULL,
  `client_id` varchar(36) NOT NULL,
  PRIMARY KEY (`id`),
  UNIQUE KEY `occurrencefamily_id` (`occurrencefamily_id`,`client_id`),
  KEY `schedule_occurrencefamily_client_bc1cb01d` (`occurrencefamily_id`),
  KEY `schedule_occurrencefamily_client_4a4e8ffb` (`client_id`)
) ENGINE=MyISAM DEFAULT CHARSET=latin1;
/*!40101 SET character_set_client = @saved_cs_client */;

--
-- Dumping data for table `schedule_occurrencefamily_client`
--

LOCK TABLES `schedule_occurrencefamily_client` WRITE;
/*!40000 ALTER TABLE `schedule_occurrencefamily_client` DISABLE KEYS */;
/*!40000 ALTER TABLE `schedule_occurrencefamily_client` ENABLE KEYS */;
UNLOCK TABLES;

--
-- Table structure for table `schedule_scheduleoccurrence`
--

DROP TABLE IF EXISTS `schedule_scheduleoccurrence`;
/*!40101 SET @saved_cs_client     = @@character_set_client */;
/*!40101 SET character_set_client = utf8 */;
CREATE TABLE `schedule_scheduleoccurrence` (
  `occurrence_ptr_id` int(11) NOT NULL,
  `room_id` varchar(36) DEFAULT NULL,
  `annotation` varchar(765) DEFAULT NULL,
  `is_online` tinyint(1) NOT NULL,
  PRIMARY KEY (`occurrence_ptr_id`),
  KEY `schedule_scheduleoccurrence_109d8a5f` (`room_id`)
) ENGINE=MyISAM DEFAULT CHARSET=latin1;
/*!40101 SET character_set_client = @saved_cs_client */;

--
-- Dumping data for table `schedule_scheduleoccurrence`
--

LOCK TABLES `schedule_scheduleoccurrence` WRITE;
/*!40000 ALTER TABLE `schedule_scheduleoccurrence` DISABLE KEYS */;
/*!40000 ALTER TABLE `schedule_scheduleoccurrence` ENABLE KEYS */;
UNLOCK TABLES;

--
-- Table structure for table `schedule_scheduleoccurrence_device`
--

DROP TABLE IF EXISTS `schedule_scheduleoccurrence_device`;
/*!40101 SET @saved_cs_client     = @@character_set_client */;
/*!40101 SET character_set_client = utf8 */;
CREATE TABLE `schedule_scheduleoccurrence_device` (
  `id` int(11) NOT NULL AUTO_INCREMENT,
  `scheduleoccurrence_id` int(11) NOT NULL,
  `devicedetails_id` varchar(36) NOT NULL,
  PRIMARY KEY (`id`),
  UNIQUE KEY `scheduleoccurrence_id` (`scheduleoccurrence_id`,`devicedetails_id`),
  KEY `schedule_scheduleoccurrence_device_33f1d7f6` (`scheduleoccurrence_id`),
  KEY `schedule_scheduleoccurrence_device_af3e2a33` (`devicedetails_id`)
) ENGINE=MyISAM DEFAULT CHARSET=latin1;
/*!40101 SET character_set_client = @saved_cs_client */;

--
-- Dumping data for table `schedule_scheduleoccurrence_device`
--

LOCK TABLES `schedule_scheduleoccurrence_device` WRITE;
/*!40000 ALTER TABLE `schedule_scheduleoccurrence_device` DISABLE KEYS */;
/*!40000 ALTER TABLE `schedule_scheduleoccurrence_device` ENABLE KEYS */;
UNLOCK TABLES;

--
-- Table structure for table `service_area`
--

DROP TABLE IF EXISTS `service_area`;
/*!40101 SET @saved_cs_client     = @@character_set_client */;
/*!40101 SET character_set_client = utf8 */;
CREATE TABLE `service_area` (
  `id` int(11) NOT NULL AUTO_INCREMENT,
  `area_name` varchar(100) DEFAULT NULL,
  `area_code` varchar(30) DEFAULT NULL,
  PRIMARY KEY (`id`)
) ENGINE=MyISAM AUTO_INCREMENT=13 DEFAULT CHARSET=latin1;
/*!40101 SET character_set_client = @saved_cs_client */;

--
-- Dumping data for table `service_area`
--

LOCK TABLES `service_area` WRITE;
/*!40000 ALTER TABLE `service_area` DISABLE KEYS */;
INSERT INTO `service_area` VALUES (1,'Clínica','clinic'),(2,'Escolar / Educacional','school'),(5,'Esporte','sport'),(6,'Forense','forensic'),(7,'Jurídica','legal'),(8,'Neuropsicologia','neuropsyc'),(3,'Organizacional / Trabalho','organizational'),(11,'Psicomotricidade','psychomotor'),(12,'Psicopedagogia','psychoedu'),(4,'Saúde / Hospitalar','hospital'),(9,'Social','social'),(10,'Trânsito','traffic');
/*!40000 ALTER TABLE `service_area` ENABLE KEYS */;
UNLOCK TABLES;

--
-- Table structure for table `service_area_age_group`
--

DROP TABLE IF EXISTS `service_area_age_group`;
/*!40101 SET @saved_cs_client     = @@character_set_client */;
/*!40101 SET character_set_client = utf8 */;
CREATE TABLE `service_area_age_group` (
  `id` int(11) NOT NULL AUTO_INCREMENT,
  `area_id` int(11) NOT NULL,
  `agegroup_id` int(11) NOT NULL,
  PRIMARY KEY (`id`),
  UNIQUE KEY `area_id` (`area_id`,`agegroup_id`),
  KEY `service_area_age_group_dfd0e917` (`area_id`),
  KEY `service_area_age_group_b63495be` (`agegroup_id`)
) ENGINE=MyISAM AUTO_INCREMENT=409 DEFAULT CHARSET=latin1;
/*!40101 SET character_set_client = @saved_cs_client */;

--
-- Dumping data for table `service_area_age_group`
--

LOCK TABLES `service_area_age_group` WRITE;
/*!40000 ALTER TABLE `service_area_age_group` DISABLE KEYS */;
INSERT INTO `service_area_age_group` VALUES (378,1,4),(377,1,2),(376,1,3),(375,1,1),(382,5,4),(381,5,2),(380,5,3),(379,5,1),(386,6,4),(385,6,2),(384,6,3),(383,6,1),(390,7,4),(389,7,2),(388,7,3),(387,7,1),(394,8,4),(393,8,2),(392,8,3),(391,8,1),(398,11,4),(397,11,2),(396,11,3),(395,11,1),(402,4,4),(401,4,2),(400,4,3),(399,4,1),(406,9,4),(405,9,2),(404,9,3),(403,9,1),(408,10,4),(407,10,3);
/*!40000 ALTER TABLE `service_area_age_group` ENABLE KEYS */;
UNLOCK TABLES;

--
-- Table structure for table `service_area_education_level`
--

DROP TABLE IF EXISTS `service_area_education_level`;
/*!40101 SET @saved_cs_client     = @@character_set_client */;
/*!40101 SET character_set_client = utf8 */;
CREATE TABLE `service_area_education_level` (
  `id` int(11) NOT NULL AUTO_INCREMENT,
  `area_id` int(11) NOT NULL,
  `educationlevel_id` int(11) NOT NULL,
  PRIMARY KEY (`id`),
  UNIQUE KEY `area_id` (`area_id`,`educationlevel_id`),
  KEY `service_area_education_level_dfd0e917` (`area_id`),
  KEY `service_area_education_level_fd41ced6` (`educationlevel_id`)
) ENGINE=MyISAM AUTO_INCREMENT=121 DEFAULT CHARSET=latin1;
/*!40101 SET character_set_client = @saved_cs_client */;

--
-- Dumping data for table `service_area_education_level`
--

LOCK TABLES `service_area_education_level` WRITE;
/*!40000 ALTER TABLE `service_area_education_level` DISABLE KEYS */;
INSERT INTO `service_area_education_level` VALUES (115,2,4),(114,2,5),(113,2,2),(112,2,3),(111,2,1),(120,12,4),(119,12,5),(118,12,2),(117,12,3),(116,12,1);
/*!40000 ALTER TABLE `service_area_education_level` ENABLE KEYS */;
UNLOCK TABLES;

--
-- Table structure for table `service_area_hierarchical_level`
--

DROP TABLE IF EXISTS `service_area_hierarchical_level`;
/*!40101 SET @saved_cs_client     = @@character_set_client */;
/*!40101 SET character_set_client = utf8 */;
CREATE TABLE `service_area_hierarchical_level` (
  `id` int(11) NOT NULL AUTO_INCREMENT,
  `area_id` int(11) NOT NULL,
  `hierarchicallevel_id` int(11) NOT NULL,
  PRIMARY KEY (`id`),
  UNIQUE KEY `area_id` (`area_id`,`hierarchicallevel_id`),
  KEY `service_area_hierarchical_level_dfd0e917` (`area_id`),
  KEY `service_area_hierarchical_level_9ad61a62` (`hierarchicallevel_id`)
) ENGINE=MyISAM AUTO_INCREMENT=49 DEFAULT CHARSET=latin1;
/*!40101 SET character_set_client = @saved_cs_client */;

--
-- Dumping data for table `service_area_hierarchical_level`
--

LOCK TABLES `service_area_hierarchical_level` WRITE;
/*!40000 ALTER TABLE `service_area_hierarchical_level` DISABLE KEYS */;
INSERT INTO `service_area_hierarchical_level` VALUES (48,3,4),(47,3,2),(46,3,3),(45,3,1);
/*!40000 ALTER TABLE `service_area_hierarchical_level` ENABLE KEYS */;
UNLOCK TABLES;

--
-- Table structure for table `service_area_modalities`
--

DROP TABLE IF EXISTS `service_area_modalities`;
/*!40101 SET @saved_cs_client     = @@character_set_client */;
/*!40101 SET character_set_client = utf8 */;
CREATE TABLE `service_area_modalities` (
  `id` int(11) NOT NULL AUTO_INCREMENT,
  `area_id` int(11) NOT NULL,
  `modality_id` int(11) NOT NULL,
  PRIMARY KEY (`id`),
  UNIQUE KEY `area_id` (`area_id`,`modality_id`),
  KEY `service_area_modalities_dfd0e917` (`area_id`),
  KEY `service_area_modalities_117d78a1` (`modality_id`)
) ENGINE=MyISAM AUTO_INCREMENT=397 DEFAULT CHARSET=latin1;
/*!40101 SET character_set_client = @saved_cs_client */;

--
-- Dumping data for table `service_area_modalities`
--

LOCK TABLES `service_area_modalities` WRITE;
/*!40000 ALTER TABLE `service_area_modalities` DISABLE KEYS */;
INSERT INTO `service_area_modalities` VALUES (367,1,4),(366,1,2),(365,1,3),(364,1,1),(369,2,2),(368,2,1),(371,5,2),(370,5,1),(375,6,4),(374,6,2),(373,6,3),(372,6,1),(379,7,4),(378,7,2),(377,7,3),(376,7,1),(381,8,2),(380,8,1),(383,3,2),(382,3,1),(386,11,4),(385,11,2),(384,11,1),(388,12,2),(387,12,1),(392,4,4),(391,4,2),(390,4,3),(389,4,1),(394,9,2),(393,9,1),(396,10,2),(395,10,1);
/*!40000 ALTER TABLE `service_area_modalities` ENABLE KEYS */;
UNLOCK TABLES;

--
-- Table structure for table `service_area_service_type`
--

DROP TABLE IF EXISTS `service_area_service_type`;
/*!40101 SET @saved_cs_client     = @@character_set_client */;
/*!40101 SET character_set_client = utf8 */;
CREATE TABLE `service_area_service_type` (
  `id` int(11) NOT NULL AUTO_INCREMENT,
  `area_id` int(11) NOT NULL,
  `servicetype_id` int(11) NOT NULL,
  PRIMARY KEY (`id`),
  UNIQUE KEY `area_id` (`area_id`,`servicetype_id`),
  KEY `service_area_service_type_dfd0e917` (`area_id`),
  KEY `service_area_service_type_64e1fb12` (`servicetype_id`)
) ENGINE=MyISAM AUTO_INCREMENT=589 DEFAULT CHARSET=latin1;
/*!40101 SET character_set_client = @saved_cs_client */;

--
-- Dumping data for table `service_area_service_type`
--

LOCK TABLES `service_area_service_type` WRITE;
/*!40000 ALTER TABLE `service_area_service_type` DISABLE KEYS */;
INSERT INTO `service_area_service_type` VALUES (545,1,6),(544,1,4),(543,1,5),(542,1,2),(541,1,3),(540,1,1),(548,2,16),(547,2,7),(546,2,8),(551,5,16),(550,5,7),(549,5,8),(554,6,16),(553,6,7),(552,6,8),(557,7,16),(556,7,7),(555,7,8),(560,8,16),(559,8,7),(558,8,8),(570,3,8),(569,3,9),(568,3,7),(567,3,16),(566,3,14),(565,3,15),(564,3,12),(563,3,13),(562,3,10),(561,3,11),(573,11,16),(572,11,7),(571,11,8),(576,12,16),(575,12,7),(574,12,8),(582,4,6),(581,4,4),(580,4,5),(579,4,2),(578,4,3),(577,4,1),(585,9,16),(584,9,7),(583,9,8),(588,10,16),(587,10,7),(586,10,8);
/*!40000 ALTER TABLE `service_area_service_type` ENABLE KEYS */;
UNLOCK TABLES;

--
-- Table structure for table `service_groupmembers`
--

DROP TABLE IF EXISTS `service_groupmembers`;
/*!40101 SET @saved_cs_client     = @@character_set_client */;
/*!40101 SET character_set_client = utf8 */;
CREATE TABLE `service_groupmembers` (
  `id` int(11) NOT NULL AUTO_INCREMENT,
  `group_id` varchar(36) NOT NULL,
  `client_id` varchar(36) NOT NULL,
  `referral_id` int(11) NOT NULL,
  PRIMARY KEY (`id`),
  KEY `service_groupmembers_bda51c3c` (`group_id`),
  KEY `service_groupmembers_4a4e8ffb` (`client_id`),
  KEY `service_groupmembers_14fa9e53` (`referral_id`)
) ENGINE=MyISAM DEFAULT CHARSET=latin1;
/*!40101 SET character_set_client = @saved_cs_client */;

--
-- Dumping data for table `service_groupmembers`
--

LOCK TABLES `service_groupmembers` WRITE;
/*!40000 ALTER TABLE `service_groupmembers` DISABLE KEYS */;
/*!40000 ALTER TABLE `service_groupmembers` ENABLE KEYS */;
UNLOCK TABLES;

--
-- Table structure for table `service_modality`
--

DROP TABLE IF EXISTS `service_modality`;
/*!40101 SET @saved_cs_client     = @@character_set_client */;
/*!40101 SET character_set_client = utf8 */;
CREATE TABLE `service_modality` (
  `id` int(11) NOT NULL AUTO_INCREMENT,
  `name` varchar(100) NOT NULL,
  PRIMARY KEY (`id`)
) ENGINE=MyISAM AUTO_INCREMENT=5 DEFAULT CHARSET=latin1;
/*!40101 SET character_set_client = @saved_cs_client */;

--
-- Dumping data for table `service_modality`
--

LOCK TABLES `service_modality` WRITE;
/*!40000 ALTER TABLE `service_modality` DISABLE KEYS */;
INSERT INTO `service_modality` VALUES (3,'Casal'),(4,'Familiar'),(2,'Grupo'),(1,'Individual');
/*!40000 ALTER TABLE `service_modality` ENABLE KEYS */;
UNLOCK TABLES;

--
-- Table structure for table `service_service`
--

DROP TABLE IF EXISTS `service_service`;
/*!40101 SET @saved_cs_client     = @@character_set_client */;
/*!40101 SET character_set_client = utf8 */;
CREATE TABLE `service_service` (
  `id` varchar(36) NOT NULL,
  `name` varchar(80) NOT NULL,
  `description` varchar(999) NOT NULL,
  `keywords` varchar(100) NOT NULL,
  `active` tinyint(1) NOT NULL,
  `is_group` tinyint(1) NOT NULL,
  `area_id` int(11) NOT NULL,
  `service_type_id` int(11) NOT NULL,
  `research_project` tinyint(1) NOT NULL,
  `research_project_name` varchar(500) NOT NULL,
  `organization_id` varchar(36) DEFAULT NULL,
  `date` datetime NOT NULL,
  `comments` longtext NOT NULL,
  `academic_related` tinyint(1) NOT NULL,
  `is_online` tinyint(1) NOT NULL,
  `color` varchar(6) DEFAULT NULL,
  PRIMARY KEY (`id`),
  KEY `service_service_dfd0e917` (`area_id`),
  KEY `service_service_dc00cad4` (`service_type_id`),
  KEY `service_service_97d7cd8d` (`organization_id`)
) ENGINE=MyISAM DEFAULT CHARSET=latin1;
/*!40101 SET character_set_client = @saved_cs_client */;

--
-- Dumping data for table `service_service`
--

LOCK TABLES `service_service` WRITE;
/*!40000 ALTER TABLE `service_service` DISABLE KEYS */;
/*!40000 ALTER TABLE `service_service` ENABLE KEYS */;
UNLOCK TABLES;

--
-- Table structure for table `service_service_age_group`
--

DROP TABLE IF EXISTS `service_service_age_group`;
/*!40101 SET @saved_cs_client     = @@character_set_client */;
/*!40101 SET character_set_client = utf8 */;
CREATE TABLE `service_service_age_group` (
  `id` int(11) NOT NULL AUTO_INCREMENT,
  `service_id` varchar(36) NOT NULL,
  `agegroup_id` int(11) NOT NULL,
  PRIMARY KEY (`id`),
  UNIQUE KEY `service_id` (`service_id`,`agegroup_id`),
  KEY `service_service_age_group_90e28c3e` (`service_id`),
  KEY `service_service_age_group_b63495be` (`agegroup_id`)
) ENGINE=MyISAM DEFAULT CHARSET=latin1;
/*!40101 SET character_set_client = @saved_cs_client */;

--
-- Dumping data for table `service_service_age_group`
--

LOCK TABLES `service_service_age_group` WRITE;
/*!40000 ALTER TABLE `service_service_age_group` DISABLE KEYS */;
/*!40000 ALTER TABLE `service_service_age_group` ENABLE KEYS */;
UNLOCK TABLES;

--
-- Table structure for table `service_service_education_level`
--

DROP TABLE IF EXISTS `service_service_education_level`;
/*!40101 SET @saved_cs_client     = @@character_set_client */;
/*!40101 SET character_set_client = utf8 */;
CREATE TABLE `service_service_education_level` (
  `id` int(11) NOT NULL AUTO_INCREMENT,
  `service_id` varchar(36) NOT NULL,
  `educationlevel_id` int(11) NOT NULL,
  PRIMARY KEY (`id`),
  UNIQUE KEY `service_id` (`service_id`,`educationlevel_id`),
  KEY `service_service_education_level_90e28c3e` (`service_id`),
  KEY `service_service_education_level_fd41ced6` (`educationlevel_id`)
) ENGINE=MyISAM DEFAULT CHARSET=latin1;
/*!40101 SET character_set_client = @saved_cs_client */;

--
-- Dumping data for table `service_service_education_level`
--

LOCK TABLES `service_service_education_level` WRITE;
/*!40000 ALTER TABLE `service_service_education_level` DISABLE KEYS */;
/*!40000 ALTER TABLE `service_service_education_level` ENABLE KEYS */;
UNLOCK TABLES;

--
-- Table structure for table `service_service_hierarchical_level`
--

DROP TABLE IF EXISTS `service_service_hierarchical_level`;
/*!40101 SET @saved_cs_client     = @@character_set_client */;
/*!40101 SET character_set_client = utf8 */;
CREATE TABLE `service_service_hierarchical_level` (
  `id` int(11) NOT NULL AUTO_INCREMENT,
  `service_id` varchar(36) NOT NULL,
  `hierarchicallevel_id` int(11) NOT NULL,
  PRIMARY KEY (`id`),
  UNIQUE KEY `service_id` (`service_id`,`hierarchicallevel_id`),
  KEY `service_service_hierarchical_level_90e28c3e` (`service_id`),
  KEY `service_service_hierarchical_level_9ad61a62` (`hierarchicallevel_id`)
) ENGINE=MyISAM DEFAULT CHARSET=latin1;
/*!40101 SET character_set_client = @saved_cs_client */;

--
-- Dumping data for table `service_service_hierarchical_level`
--

LOCK TABLES `service_service_hierarchical_level` WRITE;
/*!40000 ALTER TABLE `service_service_hierarchical_level` DISABLE KEYS */;
/*!40000 ALTER TABLE `service_service_hierarchical_level` ENABLE KEYS */;
UNLOCK TABLES;

--
-- Table structure for table `service_service_modalities`
--

DROP TABLE IF EXISTS `service_service_modalities`;
/*!40101 SET @saved_cs_client     = @@character_set_client */;
/*!40101 SET character_set_client = utf8 */;
CREATE TABLE `service_service_modalities` (
  `id` int(11) NOT NULL AUTO_INCREMENT,
  `service_id` varchar(36) NOT NULL,
  `modality_id` int(11) NOT NULL,
  PRIMARY KEY (`id`),
  UNIQUE KEY `service_id` (`service_id`,`modality_id`),
  KEY `service_service_modalities_90e28c3e` (`service_id`),
  KEY `service_service_modalities_117d78a1` (`modality_id`)
) ENGINE=MyISAM DEFAULT CHARSET=latin1;
/*!40101 SET character_set_client = @saved_cs_client */;

--
-- Dumping data for table `service_service_modalities`
--

LOCK TABLES `service_service_modalities` WRITE;
/*!40000 ALTER TABLE `service_service_modalities` DISABLE KEYS */;
/*!40000 ALTER TABLE `service_service_modalities` ENABLE KEYS */;
UNLOCK TABLES;

--
-- Table structure for table `service_service_professionals`
--

DROP TABLE IF EXISTS `service_service_professionals`;
/*!40101 SET @saved_cs_client     = @@character_set_client */;
/*!40101 SET character_set_client = utf8 */;
CREATE TABLE `service_service_professionals` (
  `id` int(11) NOT NULL AUTO_INCREMENT,
  `service_id` varchar(36) NOT NULL,
  `careprofessional_id` varchar(36) NOT NULL,
  PRIMARY KEY (`id`),
  UNIQUE KEY `service_id` (`service_id`,`careprofessional_id`),
  KEY `service_service_professionals_90e28c3e` (`service_id`),
  KEY `service_service_professionals_1c6994ee` (`careprofessional_id`)
) ENGINE=MyISAM DEFAULT CHARSET=latin1;
/*!40101 SET character_set_client = @saved_cs_client */;

--
-- Dumping data for table `service_service_professionals`
--

LOCK TABLES `service_service_professionals` WRITE;
/*!40000 ALTER TABLE `service_service_professionals` DISABLE KEYS */;
/*!40000 ALTER TABLE `service_service_professionals` ENABLE KEYS */;
UNLOCK TABLES;

--
-- Table structure for table `service_service_professions`
--

DROP TABLE IF EXISTS `service_service_professions`;
/*!40101 SET @saved_cs_client     = @@character_set_client */;
/*!40101 SET character_set_client = utf8 */;
CREATE TABLE `service_service_professions` (
  `id` int(11) NOT NULL AUTO_INCREMENT,
  `service_id` varchar(36) NOT NULL,
  `profession_id` int(11) NOT NULL,
  PRIMARY KEY (`id`),
  UNIQUE KEY `service_id` (`service_id`,`profession_id`),
  KEY `service_service_professions_90e28c3e` (`service_id`),
  KEY `service_service_professions_9b5c6ac` (`profession_id`)
) ENGINE=MyISAM DEFAULT CHARSET=latin1;
/*!40101 SET character_set_client = @saved_cs_client */;

--
-- Dumping data for table `service_service_professions`
--

LOCK TABLES `service_service_professions` WRITE;
/*!40000 ALTER TABLE `service_service_professions` DISABLE KEYS */;
/*!40000 ALTER TABLE `service_service_professions` ENABLE KEYS */;
UNLOCK TABLES;

--
-- Table structure for table `service_service_responsibles`
--

DROP TABLE IF EXISTS `service_service_responsibles`;
/*!40101 SET @saved_cs_client     = @@character_set_client */;
/*!40101 SET character_set_client = utf8 */;
CREATE TABLE `service_service_responsibles` (
  `id` int(11) NOT NULL AUTO_INCREMENT,
  `service_id` varchar(36) NOT NULL,
  `careprofessional_id` varchar(36) NOT NULL,
  PRIMARY KEY (`id`),
  UNIQUE KEY `service_id` (`service_id`,`careprofessional_id`),
  KEY `service_service_responsibles_90e28c3e` (`service_id`),
  KEY `service_service_responsibles_1c6994ee` (`careprofessional_id`)
) ENGINE=MyISAM DEFAULT CHARSET=latin1;
/*!40101 SET character_set_client = @saved_cs_client */;

--
-- Dumping data for table `service_service_responsibles`
--

LOCK TABLES `service_service_responsibles` WRITE;
/*!40000 ALTER TABLE `service_service_responsibles` DISABLE KEYS */;
/*!40000 ALTER TABLE `service_service_responsibles` ENABLE KEYS */;
UNLOCK TABLES;

--
-- Table structure for table `service_servicegroup`
--

DROP TABLE IF EXISTS `service_servicegroup`;
/*!40101 SET @saved_cs_client     = @@character_set_client */;
/*!40101 SET character_set_client = utf8 */;
CREATE TABLE `service_servicegroup` (
  `id` varchar(36) NOT NULL,
  `service_id` varchar(36) NOT NULL,
  `description` varchar(100) NOT NULL,
  `comments` longtext NOT NULL,
  `active` tinyint(1) NOT NULL,
  PRIMARY KEY (`id`),
  KEY `service_servicegroup_90e28c3e` (`service_id`)
) ENGINE=MyISAM DEFAULT CHARSET=latin1;
/*!40101 SET character_set_client = @saved_cs_client */;

--
-- Dumping data for table `service_servicegroup`
--

LOCK TABLES `service_servicegroup` WRITE;
/*!40000 ALTER TABLE `service_servicegroup` DISABLE KEYS */;
/*!40000 ALTER TABLE `service_servicegroup` ENABLE KEYS */;
UNLOCK TABLES;

--
-- Table structure for table `service_servicetype`
--

DROP TABLE IF EXISTS `service_servicetype`;
/*!40101 SET @saved_cs_client     = @@character_set_client */;
/*!40101 SET character_set_client = utf8 */;
CREATE TABLE `service_servicetype` (
  `id` int(11) NOT NULL AUTO_INCREMENT,
  `name` varchar(100) NOT NULL,
  `description` varchar(500) NOT NULL,
  PRIMARY KEY (`id`)
) ENGINE=MyISAM AUTO_INCREMENT=17 DEFAULT CHARSET=latin1;
/*!40101 SET character_set_client = @saved_cs_client */;

--
-- Dumping data for table `service_servicetype`
--

LOCK TABLES `service_servicetype` WRITE;
/*!40000 ALTER TABLE `service_servicetype` DISABLE KEYS */;
INSERT INTO `service_servicetype` VALUES (9,'Análise profissiográfica',''),(3,'Avaliação',''),(10,'Avaliação de Desempenho',''),(11,'Cargos e Salários',''),(1,'Contínuo',''),(7,'Diagnóstico',''),(12,'Ergonomia',''),(13,'Gestão de pessoas',''),(16,'Intervenção Corretiva',''),(8,'Intervenção Preventiva',''),(2,'Não-Contínuo',''),(14,'Recrutamento e Seleção',''),(6,'Serviços Complementares',''),(5,'Supervisão e Interconsulta',''),(15,'Treinamento e Desenvolvimento',''),(4,'Triagem','');
/*!40000 ALTER TABLE `service_servicetype` ENABLE KEYS */;
UNLOCK TABLES;

--
-- Table structure for table `south_migrationhistory`
--

DROP TABLE IF EXISTS `south_migrationhistory`;
/*!40101 SET @saved_cs_client     = @@character_set_client */;
/*!40101 SET character_set_client = utf8 */;
CREATE TABLE `south_migrationhistory` (
  `id` int(11) NOT NULL AUTO_INCREMENT,
  `app_name` varchar(255) NOT NULL,
  `migration` varchar(255) NOT NULL,
  `applied` datetime NOT NULL,
  PRIMARY KEY (`id`)
) ENGINE=MyISAM AUTO_INCREMENT=9 DEFAULT CHARSET=latin1;
/*!40101 SET character_set_client = @saved_cs_client */;

--
-- Dumping data for table `south_migrationhistory`
--

LOCK TABLES `south_migrationhistory` WRITE;
/*!40000 ALTER TABLE `south_migrationhistory` DISABLE KEYS */;
INSERT INTO `south_migrationhistory` VALUES (1,'reversion','0001_initial','2012-05-15 16:57:20'),(2,'reversion','0002_auto__add_field_version_type','2012-05-15 16:57:20'),(3,'reversion','0003_auto__add_field_version_object_id_int','2012-05-15 16:57:21'),(4,'reversion','0004_populate_object_id_int','2012-05-15 16:57:21'),(5,'reversion','0005_auto__add_field_revision_manager_slug','2012-05-15 16:57:21'),(6,'djcelery','0001_initial','2012-05-29 14:54:08'),(7,'djcelery','0002_v25_changes','2012-05-29 14:54:08'),(8,'django','0001_initial','2012-05-29 14:54:09');
/*!40000 ALTER TABLE `south_migrationhistory` ENABLE KEYS */;
UNLOCK TABLES;

--
-- Table structure for table `sponsor_sponsor`
--

DROP TABLE IF EXISTS `sponsor_sponsor`;
/*!40101 SET @saved_cs_client     = @@character_set_client */;
/*!40101 SET character_set_client = utf8 */;
CREATE TABLE `sponsor_sponsor` (
  `id` varchar(36) NOT NULL,
  `name` varchar(100) NOT NULL,
  `companyID` varchar(100) DEFAULT NULL,
  `healthRegion` varchar(10) DEFAULT NULL,
  `bankBranch` varchar(10) DEFAULT NULL,
  `account` varchar(15) DEFAULT NULL,
  `taxWithHold_id` int(11) DEFAULT NULL,
  `organization_id` varchar(36) DEFAULT NULL,
  PRIMARY KEY (`id`),
  UNIQUE KEY `taxWithHold_id` (`taxWithHold_id`),
  KEY `sponsor_sponsor_97d7cd8d` (`organization_id`)
) ENGINE=MyISAM DEFAULT CHARSET=latin1;
/*!40101 SET character_set_client = @saved_cs_client */;

--
-- Dumping data for table `sponsor_sponsor`
--

LOCK TABLES `sponsor_sponsor` WRITE;
/*!40000 ALTER TABLE `sponsor_sponsor` DISABLE KEYS */;
/*!40000 ALTER TABLE `sponsor_sponsor` ENABLE KEYS */;
UNLOCK TABLES;

--
-- Table structure for table `sponsor_taxwithhold`
--

DROP TABLE IF EXISTS `sponsor_taxwithhold`;
/*!40101 SET @saved_cs_client     = @@character_set_client */;
/*!40101 SET character_set_client = utf8 */;
CREATE TABLE `sponsor_taxwithhold` (
  `id` int(11) NOT NULL AUTO_INCREMENT,
  `description` varchar(50) NOT NULL,
  PRIMARY KEY (`id`)
) ENGINE=MyISAM DEFAULT CHARSET=latin1;
/*!40101 SET character_set_client = @saved_cs_client */;

--
-- Dumping data for table `sponsor_taxwithhold`
--

LOCK TABLES `sponsor_taxwithhold` WRITE;
/*!40000 ALTER TABLE `sponsor_taxwithhold` DISABLE KEYS */;
/*!40000 ALTER TABLE `sponsor_taxwithhold` ENABLE KEYS */;
UNLOCK TABLES;

--
-- Table structure for table `support_documentation`
--

DROP TABLE IF EXISTS `support_documentation`;
/*!40101 SET @saved_cs_client     = @@character_set_client */;
/*!40101 SET character_set_client = utf8 */;
CREATE TABLE `support_documentation` (
  `id` int(11) NOT NULL AUTO_INCREMENT,
  `title` varchar(255) NOT NULL,
  `body` longtext,
  `parent_id` int(11) DEFAULT NULL,
  PRIMARY KEY (`id`),
  KEY `support_documentation_63f17a16` (`parent_id`)
) ENGINE=MyISAM DEFAULT CHARSET=latin1;
/*!40101 SET character_set_client = @saved_cs_client */;

--
-- Dumping data for table `support_documentation`
--

LOCK TABLES `support_documentation` WRITE;
/*!40000 ALTER TABLE `support_documentation` DISABLE KEYS */;
/*!40000 ALTER TABLE `support_documentation` ENABLE KEYS */;
UNLOCK TABLES;

--
-- Table structure for table `support_ticket`
--

DROP TABLE IF EXISTS `support_ticket`;
/*!40101 SET @saved_cs_client     = @@character_set_client */;
/*!40101 SET character_set_client = utf8 */;
CREATE TABLE `support_ticket` (
  `id` varchar(36) NOT NULL,
  `user_id` varchar(36) DEFAULT NULL,
  `contact_name` varchar(255) NOT NULL,
  `contact_email` varchar(255) NOT NULL,
  `contact_phone` varchar(255) NOT NULL,
  `ticket_id` int(11) NOT NULL,
  `question` longtext NOT NULL,
  `status` int(11) NOT NULL,
  `date` datetime NOT NULL,
  PRIMARY KEY (`id`),
  KEY `support_ticket_fbfc09f1` (`user_id`)
) ENGINE=MyISAM DEFAULT CHARSET=latin1;
/*!40101 SET character_set_client = @saved_cs_client */;

--
-- Dumping data for table `support_ticket`
--

LOCK TABLES `support_ticket` WRITE;
/*!40000 ALTER TABLE `support_ticket` DISABLE KEYS */;
/*!40000 ALTER TABLE `support_ticket` ENABLE KEYS */;
UNLOCK TABLES;

--
-- Table structure for table `support_ticketiteration`
--

DROP TABLE IF EXISTS `support_ticketiteration`;
/*!40101 SET @saved_cs_client     = @@character_set_client */;
/*!40101 SET character_set_client = utf8 */;
CREATE TABLE `support_ticketiteration` (
  `id` varchar(36) NOT NULL,
  `ticket_id` varchar(36) NOT NULL,
  `operator_id` varchar(36) DEFAULT NULL,
  `answer` longtext NOT NULL,
  `date` datetime NOT NULL,
  PRIMARY KEY (`id`),
  KEY `support_ticketiteration_d0fb4622` (`ticket_id`),
  KEY `support_ticketiteration_4198106c` (`operator_id`)
) ENGINE=MyISAM DEFAULT CHARSET=latin1;
/*!40101 SET character_set_client = @saved_cs_client */;

--
-- Dumping data for table `support_ticketiteration`
--

LOCK TABLES `support_ticketiteration` WRITE;
/*!40000 ALTER TABLE `support_ticketiteration` DISABLE KEYS */;
/*!40000 ALTER TABLE `support_ticketiteration` ENABLE KEYS */;
UNLOCK TABLES;

--
-- Table structure for table `swingtime_event`
--

DROP TABLE IF EXISTS `swingtime_event`;
/*!40101 SET @saved_cs_client     = @@character_set_client */;
/*!40101 SET character_set_client = utf8 */;
CREATE TABLE `swingtime_event` (
  `id` int(11) NOT NULL AUTO_INCREMENT,
  `title` varchar(32) NOT NULL,
  `description` varchar(100) NOT NULL,
  `event_type_id` int(11) NOT NULL,
  PRIMARY KEY (`id`),
  KEY `swingtime_event_cb60d07f` (`event_type_id`)
) ENGINE=MyISAM DEFAULT CHARSET=latin1;
/*!40101 SET character_set_client = @saved_cs_client */;

--
-- Dumping data for table `swingtime_event`
--

LOCK TABLES `swingtime_event` WRITE;
/*!40000 ALTER TABLE `swingtime_event` DISABLE KEYS */;
/*!40000 ALTER TABLE `swingtime_event` ENABLE KEYS */;
UNLOCK TABLES;

--
-- Table structure for table `swingtime_eventtype`
--

DROP TABLE IF EXISTS `swingtime_eventtype`;
/*!40101 SET @saved_cs_client     = @@character_set_client */;
/*!40101 SET character_set_client = utf8 */;
CREATE TABLE `swingtime_eventtype` (
  `id` int(11) NOT NULL AUTO_INCREMENT,
  `abbr` varchar(4) NOT NULL,
  `label` varchar(50) NOT NULL,
  PRIMARY KEY (`id`),
  UNIQUE KEY `abbr` (`abbr`)
) ENGINE=MyISAM DEFAULT CHARSET=latin1;
/*!40101 SET character_set_client = @saved_cs_client */;

--
-- Dumping data for table `swingtime_eventtype`
--

LOCK TABLES `swingtime_eventtype` WRITE;
/*!40000 ALTER TABLE `swingtime_eventtype` DISABLE KEYS */;
/*!40000 ALTER TABLE `swingtime_eventtype` ENABLE KEYS */;
UNLOCK TABLES;

--
-- Table structure for table `swingtime_note`
--

DROP TABLE IF EXISTS `swingtime_note`;
/*!40101 SET @saved_cs_client     = @@character_set_client */;
/*!40101 SET character_set_client = utf8 */;
CREATE TABLE `swingtime_note` (
  `id` int(11) NOT NULL AUTO_INCREMENT,
  `note` longtext NOT NULL,
  `created` datetime NOT NULL,
  `content_type_id` int(11) NOT NULL,
  `object_id` int(10) unsigned NOT NULL,
  PRIMARY KEY (`id`),
  KEY `swingtime_note_e4470c6e` (`content_type_id`)
) ENGINE=MyISAM DEFAULT CHARSET=latin1;
/*!40101 SET character_set_client = @saved_cs_client */;

--
-- Dumping data for table `swingtime_note`
--

LOCK TABLES `swingtime_note` WRITE;
/*!40000 ALTER TABLE `swingtime_note` DISABLE KEYS */;
/*!40000 ALTER TABLE `swingtime_note` ENABLE KEYS */;
UNLOCK TABLES;

--
-- Table structure for table `swingtime_occurrence`
--

DROP TABLE IF EXISTS `swingtime_occurrence`;
/*!40101 SET @saved_cs_client     = @@character_set_client */;
/*!40101 SET character_set_client = utf8 */;
CREATE TABLE `swingtime_occurrence` (
  `id` int(11) NOT NULL AUTO_INCREMENT,
  `start_time` datetime NOT NULL,
  `end_time` datetime NOT NULL,
  `event_id` int(11) NOT NULL,
  PRIMARY KEY (`id`),
  KEY `swingtime_occurrence_e9b82f95` (`event_id`)
) ENGINE=MyISAM DEFAULT CHARSET=latin1;
/*!40101 SET character_set_client = @saved_cs_client */;

--
-- Dumping data for table `swingtime_occurrence`
--

LOCK TABLES `swingtime_occurrence` WRITE;
/*!40000 ALTER TABLE `swingtime_occurrence` DISABLE KEYS */;
/*!40000 ALTER TABLE `swingtime_occurrence` ENABLE KEYS */;
UNLOCK TABLES;
/*!40103 SET TIME_ZONE=@OLD_TIME_ZONE */;

/*!40101 SET SQL_MODE=@OLD_SQL_MODE */;
/*!40014 SET FOREIGN_KEY_CHECKS=@OLD_FOREIGN_KEY_CHECKS */;
/*!40014 SET UNIQUE_CHECKS=@OLD_UNIQUE_CHECKS */;
/*!40101 SET CHARACTER_SET_CLIENT=@OLD_CHARACTER_SET_CLIENT */;
/*!40101 SET CHARACTER_SET_RESULTS=@OLD_CHARACTER_SET_RESULTS */;
/*!40101 SET COLLATION_CONNECTION=@OLD_COLLATION_CONNECTION */;
/*!40111 SET SQL_NOTES=@OLD_SQL_NOTES */;

-- Dump completed on 2012-08-07 14:33:16
